timestamp,open,high,low,close,volume
2026-03-08 02:45:00,67331.21,67331.21,67095.2,67095.2,0.06737
2026-03-08 02:50:00,66939.9,67040.0,66863.64,67040.0,0.18955
2026-03-08 02:55:00,67035.31,67035.31,66943.17,66943.17,0.11577
2026-03-08 03:00:00,66918.59,66995.24,66918.59,66995.24,0.00085
2026-03-08 03:05:00,66973.23,67021.77,66926.19,66926.19,0.08885
2026-03-08 03:10:00,66978.72,66994.48,66978.72,66985.33,0.05545
2026-03-08 03:15:00,66985.33,66985.33,66985.33,66985.33,0.0
2026-03-08 03:20:00,67033.64,67033.64,67033.64,67033.64,0.00029
2026-03-08 03:25:00,66998.89,66998.89,66998.89,66998.89,0.04297
2026-03-08 03:30:00,67025.28,67025.28,66998.35,66998.35,0.05915
2026-03-08 03:35:00,66998.35,66998.35,66998.35,66998.35,0.0
2026-03-08 03:40:00,67016.52,67016.52,67016.52,67016.52,0.00786
2026-03-08 03:45:00,67029.86,67058.53,67013.43,67013.43,0.0341
2026-03-08 03:50:00,67048.38,67051.92,67047.59,67047.59,0.03421
2026-03-08 03:55:00,67024.78,67073.69,67005.8,67005.8,0.22196
2026-03-08 04:00:00,67017.59,67017.59,66947.0,67003.8,0.01139
2026-03-08 04:05:00,67020.92,67080.0,67020.92,67032.7,0.44412
2026-03-08 04:10:00,67038.47,67038.47,66934.98,66961.0,0.11205
2026-03-08 04:15:00,67019.16,67054.18,66988.52,67054.18,0.05681
2026-03-08 04:20:00,67069.15,67069.15,67054.18,67054.18,0.00118
2026-03-08 04:25:00,67040.51,67040.51,67012.15,67029.89,0.05836
2026-03-08 04:30:00,66997.86,67029.48,66996.99,67029.47,0.00559
2026-03-08 04:35:00,66990.14,66990.14,66943.91,66986.8,0.01808
2026-03-08 04:40:00,66930.02,66966.13,66930.02,66966.13,0.0037
2026-03-08 04:45:00,66950.31,66950.31,66817.86,66879.58,0.16912
2026-03-08 04:50:00,66806.98,66871.98,66632.36,66632.36,0.26713
2026-03-08 04:55:00,66600.0,66653.21,66581.67,66623.96,0.06853
2026-03-08 05:00:00,66653.21,66759.31,66653.21,66759.31,0.11856
2026-03-08 05:05:00,66822.88,66944.42,66822.88,66932.09,0.08817
2026-03-08 05:10:00,66933.51,66966.99,66921.5,66966.99,0.1482
2026-03-08 05:15:00,66967.18,67044.15,66964.24,67005.58,0.11781
2026-03-08 05:20:00,67084.03,67164.68,67084.03,67101.55,0.04276
2026-03-08 05:25:00,67167.46,67167.46,67167.46,67167.46,0.00206
2026-03-08 05:30:00,67167.46,67167.46,67167.46,67167.46,0.0
2026-03-08 05:35:00,67162.46,67181.79,67162.46,67181.79,0.00223
2026-03-08 05:40:00,67189.73,67189.73,67184.3,67184.3,0.0046
2026-03-08 05:45:00,67184.3,67184.3,67184.3,67184.3,0.0
2026-03-08 05:50:00,67179.49,67189.2,67179.49,67189.2,0.00452
2026-03-08 05:55:00,67233.38,67233.38,67160.46,67160.46,0.00259
2026-03-08 06:00:00,67160.46,67160.46,67160.46,67160.46,0.0
2026-03-08 06:05:00,67191.88,67191.89,67191.88,67191.89,0.00102
2026-03-08 06:10:00,67173.98,67173.98,67109.13,67126.07,0.00037
2026-03-08 06:15:00,67144.59,67144.59,67144.59,67144.59,0.00034
2026-03-08 06:20:00,67110.29,67158.36,67110.29,67144.48,0.00382
2026-03-08 06:25:00,67122.51,67122.51,67122.51,67122.51,6e-05
2026-03-08 06:30:00,67085.77,67085.77,67055.53,67055.53,0.04531
2026-03-08 06:35:00,67054.57,67096.68,67054.57,67096.68,0.00772
2026-03-08 06:40:00,67158.35,67158.35,67158.35,67158.35,6e-05
2026-03-08 06:45:00,67150.79,67158.36,67150.79,67158.36,0.00237
2026-03-08 06:50:00,67158.36,67158.36,67158.36,67158.36,0.0
2026-03-08 06:55:00,67153.1,67200.0,67153.1,67182.96,0.05257
2026-03-08 07:00:00,67175.37,67234.56,67165.65,67234.56,0.05025
2026-03-08 07:05:00,67345.67,67416.19,67341.61,67384.13,0.01771
2026-03-08 07:10:00,67383.97,67421.03,67372.45,67421.03,0.00345
2026-03-08 07:15:00,67421.03,67421.03,67421.03,67421.03,0.0
2026-03-08 07:20:00,67407.17,67407.17,67320.24,67320.24,0.00192
2026-03-08 07:25:00,67308.15,67363.76,67308.15,67363.76,0.09647
2026-03-08 07:30:00,67366.97,67373.2,67345.63,67345.63,0.09595
2026-03-08 07:35:00,67353.97,67353.97,67308.6,67308.6,0.00208
2026-03-08 07:40:00,67314.77,67314.77,67314.77,67314.77,0.04406
2026-03-08 07:45:00,67293.68,67293.68,67293.68,67293.68,0.00071
2026-03-08 07:50:00,67293.68,67293.68,67293.68,67293.68,0.0
2026-03-08 07:55:00,67288.14,67321.41,67288.14,67321.41,0.04006
2026-03-08 08:00:00,67276.85,67276.85,67276.85,67276.85,0.00155
2026-03-08 08:05:00,67303.16,67342.99,67302.63,67304.26,0.06019
2026-03-08 08:10:00,67354.86,67357.25,67244.9,67244.9,0.19545
2026-03-08 08:15:00,67183.48,67254.8,67183.48,67254.8,0.01236
2026-03-08 08:20:00,67270.18,67270.18,67270.18,67270.18,0.00036
2026-03-08 08:25:00,67270.18,67270.18,67270.18,67270.18,0.0
2026-03-08 08:30:00,67270.18,67270.18,67270.18,67270.18,0.00014
2026-03-08 08:35:00,67321.29,67321.29,67317.32,67317.32,0.00265
2026-03-08 08:40:00,67346.35,67526.32,67346.35,67514.86,0.88876
2026-03-08 08:45:00,67510.7,67528.52,67510.7,67528.52,0.00056
2026-03-08 08:50:00,67482.34,67534.1,67482.34,67534.1,0.00279
2026-03-08 08:55:00,67567.89,67568.48,67543.81,67543.81,0.0402
2026-03-08 09:00:00,67526.88,67531.16,67526.88,67531.16,0.04003
2026-03-08 09:05:00,67523.15,67533.17,67513.53,67513.54,0.04803
2026-03-08 09:10:00,67599.08,67842.63,67590.21,67781.96,0.26537
2026-03-08 09:15:00,67750.05,67855.8,67750.05,67764.58,0.10015
2026-03-08 09:20:00,67776.42,67776.42,67738.64,67738.64,0.04532
2026-03-08 09:25:00,67773.58,67773.58,67769.67,67769.67,0.04168
2026-03-08 09:30:00,67796.01,67796.01,67780.32,67780.32,0.08788
2026-03-08 09:35:00,67780.32,67780.32,67780.32,67780.32,0.0
2026-03-08 09:40:00,67749.27,67749.27,67739.69,67747.92,0.0872
2026-03-08 09:45:00,67728.81,67728.81,67728.81,67728.81,0.10217
2026-03-08 09:50:00,67732.44,67732.44,67723.28,67723.28,0.00103
2026-03-08 09:55:00,67711.54,67711.54,67691.02,67691.02,0.01733
2026-03-08 10:00:00,67751.65,67751.65,67751.65,67751.65,0.00015
2026-03-08 10:05:00,67818.92,67859.52,67818.92,67839.82,0.06038
2026-03-08 10:10:00,67861.39,67861.39,67861.39,67861.39,7e-05
2026-03-08 10:15:00,67881.36,67959.44,67881.36,67959.44,0.13222
2026-03-08 10:20:00,67982.08,68111.0,67982.08,68109.87,0.32145
2026-03-08 10:25:00,68113.42,68189.23,68110.11,68169.92,0.50172
2026-03-08 10:30:00,68030.0,68044.23,68030.0,68040.66,0.05629
2026-03-08 10:35:00,68055.55,68055.55,68009.58,68009.58,0.02591
2026-03-08 10:40:00,67957.44,67966.23,67946.62,67962.69,0.07249
2026-03-08 10:45:00,67962.69,67962.69,67962.69,67962.69,0.0
2026-03-08 10:50:00,67881.98,67881.98,67881.98,67881.98,0.04
2026-03-08 10:55:00,67881.98,67881.98,67881.98,67881.98,0.0
2026-03-08 11:00:00,67881.98,67881.98,67881.98,67881.98,0.0
2026-03-08 11:05:00,67698.13,67698.13,67473.4,67549.76,0.00572
2026-03-08 11:10:00,67595.88,67618.1,67582.66,67582.66,0.0174
2026-03-08 11:15:00,67589.49,67633.0,67589.49,67633.0,0.0004
2026-03-08 11:20:00,67601.21,67712.19,67601.21,67677.22,0.00945
2026-03-08 11:25:00,67732.26,67732.26,67687.53,67687.53,0.00101
2026-03-08 11:30:00,67779.67,67779.67,67591.03,67591.03,0.06703
2026-03-08 11:35:00,67569.87,67570.73,67529.17,67529.17,0.02833
2026-03-08 11:40:00,67436.49,67509.44,67435.9,67506.6,0.16796
2026-03-08 11:45:00,67519.93,67519.93,67519.92,67519.92,0.01839
2026-03-08 11:50:00,67505.42,67524.35,67491.31,67524.35,0.11767
2026-03-08 11:55:00,67537.48,67550.98,67506.41,67506.41,0.00299
2026-03-08 12:00:00,67498.53,67631.5,67498.53,67619.29,0.05531
2026-03-08 12:05:00,67495.69,67495.69,67268.4,67295.8,0.15095
2026-03-08 12:10:00,67369.68,67377.28,66992.67,67074.7,0.61121
2026-03-08 12:15:00,67075.8,67077.23,66904.75,67077.23,0.08302
2026-03-08 12:20:00,67284.44,67295.81,67284.44,67295.81,0.04109
2026-03-08 12:25:00,67295.81,67295.81,67295.81,67295.81,0.0
2026-03-08 12:30:00,67390.14,67390.14,67322.9,67327.6,0.0014
2026-03-08 12:35:00,67328.5,67348.5,67312.5,67312.5,0.00051
2026-03-08 12:40:00,67473.4,67473.4,67473.4,67473.4,0.0007
2026-03-08 12:45:00,67473.4,67473.4,67473.4,67473.4,0.0
2026-03-08 12:50:00,67364.25,67364.25,67364.25,67364.25,0.048
2026-03-08 12:55:00,67306.78,67306.78,67306.78,67306.78,0.00053
2026-03-08 13:00:00,67357.77,67361.2,67298.43,67302.26,0.00958
2026-03-08 13:05:00,67229.0,67291.11,67229.0,67284.57,0.00388
2026-03-08 13:10:00,67271.92,67308.46,67001.9,67001.9,0.40089
2026-03-08 13:15:00,66947.4,67103.45,66947.4,67103.45,0.06366
2026-03-08 13:20:00,67098.7,67121.02,66992.6,66998.9,0.00154
2026-03-08 13:25:00,66921.2,67163.3,66821.04,67163.3,0.18485
2026-03-08 13:30:00,67156.86,67156.86,67091.0,67091.0,0.0006
2026-03-08 13:35:00,67076.6,67098.63,67076.6,67078.22,0.00867
2026-03-08 13:40:00,67045.25,67045.26,66845.0,67043.93,0.37843
2026-03-08 13:45:00,67124.36,67124.36,67124.36,67124.36,0.00015
2026-03-08 13:50:00,67165.21,67210.0,67165.21,67210.0,0.04373
2026-03-08 13:55:00,67235.63,67280.25,67235.63,67243.67,0.19128
2026-03-08 14:00:00,67256.84,67300.0,67214.16,67300.0,0.09554
2026-03-08 14:05:00,67325.31,67360.0,67243.2,67269.44,0.05835
2026-03-08 14:10:00,67308.94,67328.17,67293.2,67325.32,0.00138
2026-03-08 14:15:00,67345.67,67416.69,67339.73,67339.73,0.16886
2026-03-08 14:20:00,67375.43,67375.43,67344.22,67344.22,0.09592
2026-03-08 14:25:00,67298.82,67298.82,67298.82,67298.82,0.00015
2026-03-08 14:30:00,67266.55,67340.28,67266.55,67340.28,0.08787
2026-03-08 14:35:00,67314.02,67314.02,67254.0,67254.0,0.00021
2026-03-08 14:40:00,67226.91,67226.91,67100.0,67121.58,0.15263
2026-03-08 14:45:00,67158.1,67158.1,67158.1,67158.1,0.00015
2026-03-08 14:50:00,67140.75,67234.56,67140.75,67234.56,0.04135
2026-03-08 14:55:00,67275.78,67367.82,67275.78,67367.82,0.00062
2026-03-08 15:00:00,67345.96,67348.07,67261.2,67301.87,0.0668
2026-03-08 15:05:00,67278.65,67359.92,67235.35,67359.92,0.00734
2026-03-08 15:10:00,67366.07,67367.49,67313.58,67339.73,0.09681
2026-03-08 15:15:00,67371.2,67371.2,67309.6,67309.6,0.00148
2026-03-08 15:20:00,67334.35,67336.41,67189.58,67209.99,0.11504
2026-03-08 15:25:00,67236.77,67236.77,67091.36,67108.0,0.00086
2026-03-08 15:30:00,67136.51,67149.66,67129.22,67129.22,0.00461
2026-03-08 15:35:00,67181.81,67181.81,67181.81,67181.81,0.0005
2026-03-08 15:40:00,67164.11,67164.11,67164.11,67164.11,0.00803
2026-03-08 15:45:00,67164.11,67164.11,67164.11,67164.11,0.0
2026-03-08 15:50:00,67111.21,67111.21,67111.21,67111.21,0.0042
2026-03-08 15:55:00,67170.61,67194.42,67170.61,67194.42,0.06021
2026-03-08 16:00:00,67173.3,67256.61,67168.36,67256.61,0.08496
2026-03-08 16:05:00,67258.14,67258.14,67202.47,67202.47,0.04787
2026-03-08 16:10:00,67210.22,67221.72,67119.97,67119.97,0.00284
2026-03-08 16:15:00,67117.64,67117.64,67101.07,67108.68,0.08807
2026-03-08 16:20:00,67125.25,67125.25,67086.6,67086.6,0.09257
2026-03-08 16:25:00,67086.6,67086.6,67086.6,67086.6,0.0
2026-03-08 16:30:00,67125.09,67125.09,67023.09,67023.09,0.1191
2026-03-08 16:35:00,67023.09,67023.09,67023.09,67023.09,0.0
2026-03-08 16:40:00,66974.78,67011.24,66960.71,67011.24,0.02181
2026-03-08 16:45:00,66986.33,66986.33,66892.63,66946.64,0.06645
2026-03-08 16:50:00,66890.12,66890.12,66890.12,66890.12,0.00075
2026-03-08 16:55:00,66900.87,66900.87,66800.0,66875.23,0.00347
2026-03-08 17:00:00,66876.56,67128.9,66819.24,67128.9,0.14868
2026-03-08 17:05:00,67159.97,67174.16,67109.58,67174.16,0.20873
2026-03-08 17:10:00,67117.03,67117.03,67058.24,67095.35,0.00257
2026-03-08 17:15:00,67109.75,67147.28,67083.55,67147.28,0.00033
2026-03-08 17:20:00,67125.29,67125.29,67117.77,67122.1,0.12835
2026-03-08 17:25:00,67123.49,67123.49,67054.78,67057.72,0.08906
2026-03-08 17:30:00,67020.11,67020.11,67018.2,67018.2,0.04225
2026-03-08 17:35:00,67042.35,67042.35,67042.35,67042.35,0.01304
2026-03-08 17:40:00,67042.35,67042.35,67042.35,67042.35,0.0
2026-03-08 17:45:00,67100.0,67100.0,67100.0,67100.0,5e-05
2026-03-08 17:50:00,67076.31,67076.31,67076.31,67076.31,0.04523
2026-03-08 17:55:00,67008.95,67008.95,66985.23,66985.23,0.08874
2026-03-08 18:00:00,67050.1,67050.1,66989.0,66991.79,0.04405
2026-03-08 18:05:00,67004.66,67004.66,66967.45,66967.45,0.00073
2026-03-08 18:10:00,66976.81,66993.85,66948.17,66960.48,0.02191
2026-03-08 18:15:00,66898.33,66898.33,66763.61,66763.61,0.13587
2026-03-08 18:20:00,66801.59,66930.23,66801.59,66905.86,0.17199
2026-03-08 18:25:00,66965.28,66967.11,66927.3,66927.3,0.00565
2026-03-08 18:30:00,66996.14,66996.14,66996.14,66996.14,0.0009
2026-03-08 18:35:00,66901.18,66901.18,66868.49,66868.49,0.00611
2026-03-08 18:40:00,66813.62,66819.1,66810.3,66819.1,0.0089
2026-03-08 18:45:00,66773.95,66794.61,66768.12,66794.61,0.05756
2026-03-08 18:50:00,66794.61,66794.61,66794.61,66794.61,0.0
2026-03-08 18:55:00,66867.61,66867.61,66867.61,66867.61,5e-05
2026-03-08 19:00:00,66789.14,66789.14,66789.14,66789.14,0.00828
2026-03-08 19:05:00,66889.17,66960.77,66889.17,66948.08,0.00194
2026-03-08 19:10:00,66972.8,67070.0,66953.44,67070.0,0.06433
2026-03-08 19:15:00,67047.08,67191.49,67047.08,67191.49,0.14303
2026-03-08 19:20:00,67159.06,67234.56,67159.06,67234.56,0.08449
2026-03-08 19:25:00,67230.11,67230.11,67230.11,67230.11,0.04133
2026-03-08 19:30:00,67230.11,67311.88,67230.11,67310.1,0.1436
2026-03-08 19:35:00,67336.91,67336.91,67320.84,67320.84,0.00887
2026-03-08 19:40:00,67296.37,67345.67,67296.37,67345.67,0.04773
2026-03-08 19:45:00,67392.9,67459.79,67391.56,67446.83,0.10619
2026-03-08 19:50:00,67419.19,67419.19,67309.07,67309.07,0.00129
2026-03-08 19:55:00,67324.35,67324.35,67324.35,67324.35,0.00015
2026-03-08 20:00:00,67279.17,67279.17,67279.17,67279.17,7e-05
2026-03-08 20:05:00,67207.29,67247.35,67207.29,67247.35,0.00041
2026-03-08 20:10:00,67149.95,67149.95,67100.0,67100.0,0.00336
2026-03-08 20:15:00,67111.96,67203.39,67073.92,67203.39,0.05827
2026-03-08 20:20:00,67169.25,67169.25,67078.24,67078.24,0.09559
2026-03-08 20:25:00,67078.24,67078.24,67078.24,67078.24,0.0
2026-03-08 20:30:00,67086.52,67311.18,67086.52,67298.18,0.35361
2026-03-08 20:35:00,67322.9,67508.89,67322.89,67443.86,0.16758
2026-03-08 20:40:00,67409.52,67409.52,67383.64,67383.64,0.00139
2026-03-08 20:45:00,67346.29,67371.68,67341.98,67344.02,0.09365
2026-03-08 20:50:00,67336.45,67342.15,67246.96,67246.96,0.32039
2026-03-08 20:55:00,67252.23,67252.23,67235.7,67235.7,0.02312
2026-03-08 21:00:00,67239.19,67252.75,67219.48,67225.42,0.08792
2026-03-08 21:05:00,67143.19,67154.39,66971.98,66993.25,0.16353
2026-03-08 21:10:00,66970.47,66970.47,66738.6,66853.74,0.26934
2026-03-08 21:15:00,66802.92,66850.61,66802.92,66850.55,0.05291
2026-03-08 21:20:00,66881.34,66935.62,66881.34,66935.62,0.00087
2026-03-08 21:25:00,66958.91,66982.69,66958.91,66979.78,0.05284
2026-03-08 21:30:00,67025.08,67025.08,67025.08,67025.08,0.00104
2026-03-08 21:35:00,66996.68,67010.87,66961.69,66979.58,0.15207
2026-03-08 21:40:00,67013.65,67013.65,66997.57,67008.75,0.0013
2026-03-08 21:45:00,67017.97,67036.43,67015.49,67015.49,0.0031
2026-03-08 21:50:00,66972.97,66972.97,66928.56,66942.43,0.00939
2026-03-08 21:55:00,66961.41,67010.35,66961.41,66998.97,0.0154
2026-03-08 22:00:00,66988.91,66991.12,65772.73,65772.73,1.63278
2026-03-08 22:05:00,65813.2,66173.7,65737.41,66035.84,0.18968
2026-03-08 22:10:00,66082.39,66082.39,65680.7,66013.37,0.09637
2026-03-08 22:15:00,66066.08,66161.27,65788.42,65788.42,0.21025
2026-03-08 22:20:00,65768.56,65768.56,65627.02,65644.34,0.13188
2026-03-08 22:25:00,65677.32,66006.25,65677.32,65932.98,0.26911
2026-03-08 22:30:00,65937.69,65945.65,65804.98,65945.65,0.04831
2026-03-08 22:35:00,66055.26,66287.65,66031.42,66031.42,0.31384
2026-03-08 22:40:00,66030.0,66055.77,66023.12,66041.99,0.02532
2026-03-08 22:45:00,66109.87,66312.48,66083.7,66259.03,0.06473
2026-03-08 22:50:00,66138.4,66138.4,66074.52,66074.52,0.01239
2026-03-08 22:55:00,66219.45,66219.45,66195.66,66195.66,0.01269
2026-03-08 23:00:00,66248.58,66398.28,66226.9,66379.82,0.05757
2026-03-08 23:05:00,66396.9,66437.71,66206.14,66206.14,0.05831
2026-03-08 23:10:00,66183.28,66325.91,66142.19,66325.91,0.00093
2026-03-08 23:15:00,66344.65,66344.65,66310.02,66310.02,0.05099
2026-03-08 23:20:00,66437.71,66547.76,66437.71,66547.76,0.04379
2026-03-08 23:25:00,66540.31,66540.31,66441.12,66441.12,0.20371
2026-03-08 23:30:00,66444.82,66452.92,66414.43,66414.43,0.0954
2026-03-08 23:35:00,66400.41,66400.41,66309.0,66309.0,0.0495
2026-03-08 23:40:00,66200.0,66247.37,66200.0,66224.19,0.00304
2026-03-08 23:45:00,66046.58,66046.58,66046.58,66046.58,0.00151
2026-03-08 23:50:00,66188.17,66192.81,66037.27,66037.27,0.02872
2026-03-08 23:55:00,66062.16,66081.38,65936.13,66007.38,0.0595
2026-03-09 00:00:00,65992.98,66128.02,65976.66,66128.02,0.16287
2026-03-09 00:05:00,66158.31,66314.5,66158.31,66286.77,0.19813
2026-03-09 00:10:00,66312.0,66409.27,66305.62,66305.62,0.05667
2026-03-09 00:15:00,66250.83,66339.95,66250.82,66339.95,0.02008
2026-03-09 00:20:00,66201.22,66201.22,65989.64,65989.64,0.01813
2026-03-09 00:25:00,65996.9,66073.72,65889.08,66073.72,0.0982
2026-03-09 00:30:00,66206.19,66506.58,66206.19,66399.84,0.71147
2026-03-09 00:35:00,66571.16,66738.6,66532.21,66537.06,0.02265
2026-03-09 00:40:00,66527.3,66527.3,66394.4,66400.96,0.00331
2026-03-09 00:45:00,66475.39,66559.09,66381.25,66417.88,0.04963
2026-03-09 00:50:00,66407.81,66485.34,66312.48,66312.48,0.1371
2026-03-09 00:55:00,66323.54,66421.71,66276.61,66363.72,0.01015
2026-03-09 01:00:00,66358.39,66393.97,66240.41,66240.41,0.04166
2026-03-09 01:05:00,66200.0,66295.4,66196.49,66196.79,0.04247
2026-03-09 01:10:00,66265.15,66408.4,66265.15,66377.72,0.05277
2026-03-09 01:15:00,66347.83,66424.3,66298.71,66355.7,0.28729
2026-03-09 01:20:00,66335.35,66538.62,66295.38,66538.62,0.02145
2026-03-09 01:25:00,66579.24,66603.83,66467.57,66467.57,0.1639
2026-03-09 01:30:00,66406.19,66666.44,66406.19,66666.44,0.11703
2026-03-09 01:35:00,66612.37,66640.15,66612.37,66640.15,0.06307
2026-03-09 01:40:00,66576.14,66620.1,66569.03,66620.1,0.0143
2026-03-09 01:45:00,66623.86,66623.86,66401.9,66507.05,0.22997
2026-03-09 01:50:00,66494.4,66494.4,66449.61,66465.8,0.04448
2026-03-09 01:55:00,66444.3,66444.3,66196.49,66246.62,0.10159
2026-03-09 02:00:00,66153.73,66240.31,66153.73,66209.99,0.08036
2026-03-09 02:05:00,66103.6,66242.07,66094.65,66242.07,0.00157
2026-03-09 02:10:00,66214.54,66296.24,66166.96,66166.96,0.01424
2026-03-09 02:15:00,66163.95,66163.95,65987.36,65998.06,0.08842
2026-03-09 02:20:00,65993.57,66144.26,65971.12,66144.26,0.15966
2026-03-09 02:25:00,66094.16,66094.16,66094.16,66094.16,0.00017
2026-03-09 02:30:00,66154.92,66154.92,66154.92,66154.92,0.00779
2026-03-09 02:35:00,66322.94,66500.0,66322.94,66469.61,0.03256
2026-03-09 02:40:00,66457.22,66509.51,66457.22,66507.05,0.04373
2026-03-09 02:45:00,66585.91,66609.4,66552.87,66590.2,0.12806
2026-03-09 02:50:00,66648.45,66648.52,66620.65,66627.34,0.42717
2026-03-09 02:55:00,66647.71,66647.71,66567.69,66618.13,0.28627
2026-03-09 03:00:00,66608.88,66934.83,66608.88,66934.83,0.1787
2026-03-09 03:05:00,66897.2,67214.27,66897.2,67150.2,0.15375
2026-03-09 03:10:00,67225.3,67443.27,67225.3,67364.97,0.70002
2026-03-09 03:15:00,67485.35,67660.0,67417.86,67660.0,0.23101
2026-03-09 03:20:00,67468.1,67468.1,67108.44,67109.2,0.12457
2026-03-09 03:25:00,67143.73,67217.64,67143.73,67217.64,0.05464
2026-03-09 03:30:00,67249.94,67323.74,67220.39,67323.74,0.00537
2026-03-09 03:35:00,67216.6,67272.49,67129.17,67129.98,0.09679
2026-03-09 03:40:00,67100.0,67100.0,67100.0,67100.0,0.00075
2026-03-09 03:45:00,67135.3,67135.3,67135.06,67135.06,0.08722
2026-03-09 03:50:00,67145.33,67219.6,67081.46,67081.46,0.13243
2026-03-09 03:55:00,67155.58,67166.04,67155.58,67166.04,0.00261
2026-03-09 04:00:00,67209.45,67277.47,67209.45,67245.74,0.04485
2026-03-09 04:05:00,67237.9,67292.72,67198.21,67198.21,0.04459
2026-03-09 04:10:00,67275.95,67275.95,67182.15,67182.15,0.05414
2026-03-09 04:15:00,67217.78,67249.6,67217.78,67236.87,0.00904
2026-03-09 04:20:00,67308.39,67362.75,67308.39,67333.98,0.0546
2026-03-09 04:25:00,67400.0,67599.08,67400.0,67558.3,0.09547
2026-03-09 04:30:00,67566.4,67576.0,67492.7,67527.94,0.10307
2026-03-09 04:35:00,67527.94,67527.94,67527.94,67527.94,0.0
2026-03-09 04:40:00,67504.35,67522.83,67418.64,67522.83,0.12875
2026-03-09 04:45:00,67522.83,67522.83,67522.83,67522.83,0.0
2026-03-09 04:50:00,67408.7,67408.7,67384.15,67384.15,0.0045
2026-03-09 04:55:00,67346.65,67346.65,67117.0,67117.0,0.16142
2026-03-09 05:00:00,67144.37,67237.01,67141.6,67213.25,0.05017
2026-03-09 05:05:00,67269.62,67269.62,67206.57,67206.57,0.04867
2026-03-09 05:10:00,67191.76,67191.76,67151.11,67177.52,0.00193
2026-03-09 05:15:00,67172.0,67190.5,67145.24,67145.24,0.00601
2026-03-09 05:20:00,67145.24,67145.24,67145.24,67145.24,0.0
2026-03-09 05:25:00,67378.37,67378.37,67378.37,67378.37,0.00095
2026-03-09 05:30:00,67368.09,67599.08,67368.09,67596.77,0.04653
2026-03-09 05:35:00,67594.48,67594.48,67499.22,67567.77,0.0477
2026-03-09 05:40:00,67595.71,67954.55,67595.71,67832.84,0.46226
2026-03-09 05:45:00,67902.6,68029.79,67845.41,68029.79,0.15811
2026-03-09 05:50:00,68033.47,68116.02,67861.18,67868.61,0.26803
2026-03-09 05:55:00,67833.67,67833.68,67833.67,67833.68,0.0121
2026-03-09 06:00:00,67912.15,67912.15,67839.6,67839.6,0.01098
2026-03-09 06:05:00,67735.88,67735.88,67623.27,67639.3,0.09414
2026-03-09 06:10:00,67636.07,67688.33,67599.08,67632.49,0.1516
2026-03-09 06:15:00,67675.18,67675.18,67675.18,67675.18,0.01348
2026-03-09 06:20:00,67569.02,67569.02,67522.82,67522.82,0.00438
2026-03-09 06:25:00,67544.21,67544.21,67495.26,67522.82,0.55401
2026-03-09 06:30:00,67544.44,67544.44,67522.82,67522.82,0.04521
2026-03-09 06:35:00,67395.19,67395.19,67362.48,67387.03,0.00446
2026-03-09 06:40:00,67349.14,67376.29,67349.14,67376.29,0.0011
2026-03-09 06:45:00,67313.25,67339.01,67290.73,67333.76,0.07081
2026-03-09 06:50:00,67333.38,67333.38,67276.7,67276.7,0.00104
2026-03-09 06:55:00,67314.03,67314.03,67270.3,67270.3,0.12664
2026-03-09 07:00:00,67237.47,67298.8,67167.46,67179.87,0.00442
2026-03-09 07:05:00,67171.07,67250.78,67171.07,67250.78,0.04644
2026-03-09 07:10:00,67257.21,67320.22,67253.85,67268.69,0.0457
2026-03-09 07:15:00,67122.6,67122.6,66904.75,66974.88,0.2366
2026-03-09 07:20:00,67049.97,67049.97,67049.97,67049.97,0.04
2026-03-09 07:25:00,67209.83,67272.53,67209.83,67232.61,0.08367
2026-03-09 07:30:00,67254.54,67332.29,67254.54,67281.0,0.10279
2026-03-09 07:35:00,67384.4,67453.02,67332.29,67450.58,0.10869
2026-03-09 07:40:00,67468.9,67468.9,67468.9,67468.9,0.00127
2026-03-09 07:45:00,67422.53,67422.53,67422.53,67422.53,0.0081
2026-03-09 07:50:00,67420.9,67437.32,67420.9,67437.32,0.04083
2026-03-09 07:55:00,67522.82,67562.98,67522.82,67562.98,0.00827
2026-03-09 08:00:00,67562.97,67601.54,67495.14,67512.1,0.1907
2026-03-09 08:05:00,67510.77,67563.78,67503.83,67563.78,0.00029
2026-03-09 08:10:00,67563.78,67563.78,67563.78,67563.78,0.0
2026-03-09 08:15:00,67468.58,67534.33,67463.28,67534.33,0.01601
2026-03-09 08:20:00,67698.13,67763.0,67698.13,67732.81,0.01095
2026-03-09 08:25:00,67726.77,67816.28,67726.77,67805.0,0.12833
2026-03-09 08:30:00,67776.09,67776.09,67776.09,67776.09,2e-05
2026-03-09 08:35:00,67882.63,67882.63,67718.39,67718.39,0.05469
2026-03-09 08:40:00,67716.84,67806.2,67716.84,67806.2,0.44845
2026-03-09 08:45:00,67834.75,67834.75,67756.14,67756.14,0.05531
2026-03-09 08:50:00,67891.23,67891.23,67891.23,67891.23,0.14379
2026-03-09 08:55:00,67856.48,67881.6,67800.91,67800.91,0.01307
2026-03-09 09:00:00,67790.25,67790.25,67785.51,67785.51,0.04088
2026-03-09 09:05:00,67662.1,67662.1,67605.64,67657.81,0.02771
2026-03-09 09:10:00,67661.6,67792.8,67661.6,67785.68,0.03023
2026-03-09 09:15:00,67863.55,67948.07,67861.37,67948.07,0.06851
2026-03-09 09:20:00,67834.08,67975.35,67834.08,67975.35,0.01851
2026-03-09 09:25:00,68000.0,68033.47,68000.0,68012.18,0.03399
2026-03-09 09:30:00,67955.32,68262.47,67955.32,68151.72,0.09247
2026-03-09 09:35:00,68269.68,68362.97,68245.36,68252.32,0.00614
2026-03-09 09:40:00,68288.63,68453.34,68288.63,68453.34,0.19962
2026-03-09 09:45:00,68338.54,68338.54,68226.89,68242.03,0.09654
2026-03-09 09:50:00,68213.25,68213.25,68096.32,68096.32,0.02123
2026-03-09 09:55:00,68102.22,68107.1,67996.91,67996.91,0.23774
2026-03-09 10:00:00,68020.04,68040.2,67925.42,67925.42,0.00134
2026-03-09 10:05:00,68043.05,68043.05,68029.43,68029.43,0.08801
2026-03-09 10:10:00,67983.65,67983.65,67970.95,67979.47,0.04056
2026-03-09 10:15:00,67861.43,67887.6,67799.56,67856.07,0.15985
2026-03-09 10:20:00,67867.2,67890.76,67867.2,67890.76,0.00476
2026-03-09 10:25:00,67806.55,67809.44,67806.55,67809.44,0.0438
2026-03-09 10:30:00,67784.38,67831.86,67763.0,67831.86,0.00416
2026-03-09 10:35:00,67817.29,67817.29,67698.13,67731.48,0.04888
2026-03-09 10:40:00,67703.38,67710.43,67599.08,67689.22,0.00747
2026-03-09 10:45:00,67666.62,67687.27,67666.62,67687.27,0.04604
2026-03-09 10:50:00,67676.97,67679.19,67636.13,67679.19,0.05582
2026-03-09 10:55:00,67651.3,67651.3,67563.78,67615.85,0.06378
2026-03-09 11:00:00,67615.85,67615.85,67615.85,67615.85,0.0
2026-03-09 11:05:00,67677.8,67742.01,67611.78,67741.42,0.12238
2026-03-09 11:10:00,67732.95,67743.42,67717.65,67717.65,0.0437
2026-03-09 11:15:00,67526.32,67526.32,67435.08,67435.08,0.17982
2026-03-09 11:20:00,67395.19,67532.05,67350.81,67532.05,0.32091
2026-03-09 11:25:00,67514.35,67514.35,67457.43,67483.61,0.1213
2026-03-09 11:30:00,67536.45,67536.45,67501.62,67501.62,0.10274
2026-03-09 11:35:00,67653.42,67653.42,67593.38,67593.38,0.00151
2026-03-09 11:40:00,67658.48,67658.48,67614.08,67635.02,0.08403
2026-03-09 11:45:00,67650.66,67714.58,67632.25,67632.25,0.00496
2026-03-09 11:50:00,67596.64,67806.51,67579.44,67777.4,0.00892
2026-03-09 11:55:00,67853.9,67862.01,67762.25,67762.25,0.06302
2026-03-09 12:00:00,67779.73,67890.81,67754.5,67890.81,0.04528
2026-03-09 12:05:00,67866.66,67881.38,67852.9,67873.59,0.15373
2026-03-09 12:10:00,67853.07,67855.01,67801.84,67818.56,0.39462
2026-03-09 12:15:00,67925.42,67939.63,67925.42,67937.71,0.00217
2026-03-09 12:20:00,67984.02,68064.92,67979.2,68064.92,0.07261
2026-03-09 12:25:00,68028.62,68049.66,68028.62,68049.66,0.08883
2026-03-09 12:30:00,68160.27,68160.27,68002.18,68002.18,0.15819
2026-03-09 12:35:00,68014.77,68330.43,68014.77,68285.22,0.37616
2026-03-09 12:40:00,68244.19,68334.52,68130.5,68130.5,0.15786
2026-03-09 12:45:00,68131.69,68154.76,68105.67,68105.67,0.00974
2026-03-09 12:50:00,68084.92,68099.18,68084.92,68099.18,0.00048
2026-03-09 12:55:00,68181.02,68203.58,68126.14,68203.58,0.0589
2026-03-09 13:00:00,68183.51,68232.33,68165.66,68232.33,0.08492
2026-03-09 13:05:00,68314.11,68314.11,68253.41,68266.67,0.01132
2026-03-09 13:10:00,68323.07,68561.99,68323.07,68477.47,0.23451
2026-03-09 13:15:00,68384.4,68384.4,68384.4,68384.4,5e-05
2026-03-09 13:20:00,68231.25,68231.29,68193.77,68219.99,0.06325
2026-03-09 13:25:00,68220.0,68779.2,68220.0,68700.88,0.61838
2026-03-09 13:30:00,68735.8,69001.24,68678.67,69001.24,0.51227
2026-03-09 13:35:00,69000.0,69000.0,68783.06,68783.06,0.1394
2026-03-09 13:40:00,68852.41,69267.17,68852.41,69267.17,0.03694
2026-03-09 13:45:00,69197.29,69278.83,68947.37,68947.37,0.3266
2026-03-09 13:50:00,68853.65,69055.35,68853.65,68925.6,0.03617
2026-03-09 13:55:00,69022.94,69026.52,69022.94,69026.52,0.00045
2026-03-09 14:00:00,68997.74,69237.25,68997.74,69029.25,0.0242
2026-03-09 14:05:00,69102.19,69102.19,68753.87,68776.96,0.08704
2026-03-09 14:10:00,68737.84,68856.2,68724.94,68856.2,0.08723
2026-03-09 14:15:00,69085.08,69218.36,69051.36,69072.91,0.15584
2026-03-09 14:20:00,69066.95,69201.67,69010.93,69107.34,0.03222
2026-03-09 14:25:00,69248.73,69248.73,69049.75,69136.91,0.08828
2026-03-09 14:30:00,69283.94,69320.7,69126.12,69128.36,0.06052
2026-03-09 14:35:00,69216.95,69420.0,69216.95,69348.62,0.04929
2026-03-09 14:40:00,69392.18,69471.92,69331.33,69341.76,0.27319
2026-03-09 14:45:00,69399.54,69399.54,69207.86,69207.86,0.24213
2026-03-09 14:50:00,69235.3,69235.3,69235.3,69235.3,0.00105
2026-03-09 14:55:00,69211.61,69211.61,69131.78,69147.49,0.06778
2026-03-09 15:00:00,69218.44,69230.59,69153.31,69153.31,0.00428
2026-03-09 15:05:00,69235.39,69274.33,69027.29,69027.29,0.31706
2026-03-09 15:10:00,69051.71,69158.26,69017.64,69135.44,0.06191
2026-03-09 15:15:00,69223.07,69223.07,69000.0,69000.0,0.05207
2026-03-09 15:20:00,69065.28,69138.11,69049.44,69108.27,0.04166
2026-03-09 15:25:00,69117.95,69155.79,69050.96,69050.96,0.03218
2026-03-09 15:30:00,69055.84,69055.84,68900.0,68993.9,0.09166
2026-03-09 15:35:00,68810.0,68883.99,68750.0,68784.16,0.26077
2026-03-09 15:40:00,68807.91,68814.06,68747.97,68753.61,0.05977
2026-03-09 15:45:00,68882.72,68882.72,68855.82,68873.89,0.01788
2026-03-09 15:50:00,68850.47,68893.73,68794.64,68893.73,0.48507
2026-03-09 15:55:00,68913.53,69055.35,68913.53,69024.16,0.03198
2026-03-09 16:00:00,68851.03,68998.39,68817.54,68941.41,0.06734
2026-03-09 16:05:00,68978.08,69025.38,68869.84,68869.84,0.06195
2026-03-09 16:10:00,68843.13,68843.13,68750.29,68820.64,0.01666
2026-03-09 16:15:00,68804.18,68812.14,68800.0,68812.14,0.86198
2026-03-09 16:20:00,68850.8,68915.49,68850.8,68915.49,0.01918
2026-03-09 16:25:00,68867.35,69005.78,68867.35,69005.78,0.05089
2026-03-09 16:30:00,68993.57,68993.57,68680.34,68738.1,0.02624
2026-03-09 16:35:00,68807.99,68807.99,68807.99,68807.99,0.00768
2026-03-09 16:40:00,69024.91,69125.0,69024.91,69113.29,0.1007
2026-03-09 16:45:00,69014.46,69042.33,68982.4,68989.8,0.00477
2026-03-09 16:50:00,69141.46,69189.68,69141.46,69189.68,0.18399
2026-03-09 16:55:00,68967.11,68967.11,68964.9,68964.9,0.04216
2026-03-09 17:00:00,68993.9,68993.9,68913.01,68949.14,0.00896
2026-03-09 17:05:00,68979.1,69049.09,68979.1,69023.83,0.00291
2026-03-09 17:10:00,69061.83,69073.55,68982.55,68982.55,0.01337
2026-03-09 17:15:00,68982.55,68982.55,68982.55,68982.55,0.0
2026-03-09 17:20:00,68890.2,68890.2,68737.84,68737.84,0.0488
2026-03-09 17:25:00,68744.67,68744.68,68616.99,68616.99,0.0632
2026-03-09 17:30:00,68615.6,68738.31,68589.74,68673.05,0.09888
2026-03-09 17:35:00,68720.04,68720.04,68431.0,68431.0,0.13199
2026-03-09 17:40:00,68375.07,68424.72,68258.5,68414.71,0.04523
2026-03-09 17:45:00,68446.45,68506.27,68421.54,68467.96,0.06537
2026-03-09 17:50:00,68521.01,68627.14,68521.01,68627.14,0.0094
2026-03-09 17:55:00,68624.92,68655.14,68592.01,68653.67,0.05133
2026-03-09 18:00:00,68579.8,68598.91,68487.79,68491.64,0.01733
2026-03-09 18:05:00,68413.64,68458.56,68240.84,68358.7,0.14431
2026-03-09 18:10:00,68409.21,68485.3,68409.21,68463.93,0.01443
2026-03-09 18:15:00,68451.98,68632.36,68451.98,68632.36,0.05943
2026-03-09 18:20:00,68603.69,68603.69,68580.22,68580.23,0.01023
2026-03-09 18:25:00,68577.79,68577.79,68555.64,68555.64,0.06437
2026-03-09 18:30:00,68622.93,68680.5,68572.7,68680.5,0.32203
2026-03-09 18:35:00,68631.75,68631.75,68510.41,68510.41,0.01613
2026-03-09 18:40:00,68510.41,68510.41,68510.41,68510.41,0.0
2026-03-09 18:45:00,68478.04,68478.04,68478.04,68478.04,0.0001
2026-03-09 18:50:00,68423.07,68423.07,68423.07,68423.07,0.00103
2026-03-09 18:55:00,68400.13,68400.13,68343.08,68343.08,0.01531
2026-03-09 19:00:00,68461.89,68487.53,68461.89,68487.53,0.00175
2026-03-09 19:05:00,68455.82,68510.71,68455.82,68484.24,0.0031
2026-03-09 19:10:00,68500.19,68500.19,68433.3,68433.3,0.01013
2026-03-09 19:15:00,68425.48,68787.78,68425.48,68787.78,0.09593
2026-03-09 19:20:00,68803.76,69043.48,68729.51,68951.85,0.06815
2026-03-09 19:25:00,69114.73,69360.0,69114.73,69190.89,0.114
2026-03-09 19:30:00,69381.93,69519.89,69260.33,69303.01,0.23476
2026-03-09 19:35:00,69242.41,69250.34,69005.73,69058.52,0.0662
2026-03-09 19:40:00,68964.17,68964.17,68869.22,68900.87,0.039
2026-03-09 19:45:00,68900.87,68900.87,68900.87,68900.87,0.0
2026-03-09 19:50:00,68900.87,68900.87,68900.87,68900.87,0.0
2026-03-09 19:55:00,68935.98,69007.67,68935.98,69007.67,0.0486
2026-03-09 20:00:00,69006.03,69155.86,68973.33,69006.89,0.05537
2026-03-09 20:05:00,69043.95,69082.17,68962.34,69082.17,0.01208
2026-03-09 20:10:00,68931.31,69032.73,68931.31,69006.39,0.09264
2026-03-09 20:15:00,69004.64,69052.53,68993.55,69052.53,0.05729
2026-03-09 20:20:00,68968.3,68976.48,68968.3,68976.48,0.00011
2026-03-09 20:25:00,68956.93,68956.93,68956.93,68956.93,0.00058
2026-03-09 20:30:00,68905.82,68933.66,68814.49,68814.49,0.02179
2026-03-09 20:35:00,68864.72,68895.91,68864.72,68895.91,0.05252
2026-03-09 20:40:00,68895.22,68925.6,68895.22,68925.6,0.07361
2026-03-09 20:45:00,68853.18,68853.18,68821.14,68821.14,0.01714
2026-03-09 20:50:00,68768.4,68780.26,68768.4,68780.26,0.00125
2026-03-09 20:55:00,69011.98,69011.98,69011.98,69011.98,0.00035
2026-03-09 21:00:00,69084.75,69115.41,69072.05,69079.83,0.05106
2026-03-09 21:05:00,69079.96,69090.6,69050.39,69050.39,0.04954
2026-03-09 21:10:00,69022.28,69097.17,69008.86,69043.97,0.04153
2026-03-09 21:15:00,69063.8,69085.42,69020.52,69020.52,0.00054
2026-03-09 21:20:00,68949.36,68949.36,68852.07,68852.07,0.11311
2026-03-09 21:25:00,68899.46,68900.82,68899.46,68900.82,0.08
2026-03-09 21:30:00,68828.48,68892.24,68828.48,68890.73,0.02219
2026-03-09 21:35:00,68925.53,68925.53,68925.53,68925.53,0.00019
2026-03-09 21:40:00,68753.22,69005.7,68680.34,68958.61,0.15462
2026-03-09 21:45:00,68959.3,68959.3,68905.7,68929.88,0.07697
2026-03-09 21:50:00,68968.34,68995.0,68968.34,68995.0,0.00159
2026-03-09 21:55:00,68975.61,68990.92,68975.61,68983.64,0.05559
2026-03-09 22:00:00,68959.94,69071.91,68935.35,68938.28,0.03012
2026-03-09 22:05:00,68804.85,68854.57,68804.85,68820.27,0.00194
2026-03-09 22:10:00,68744.1,68744.1,68711.43,68711.43,0.00155
2026-03-09 22:15:00,68798.08,68798.08,68798.08,68798.08,0.00014
2026-03-09 22:20:00,68770.24,68770.24,68770.24,68770.24,0.00209
2026-03-09 22:25:00,68849.91,68849.91,68849.91,68849.91,0.00066
2026-03-09 22:30:00,68867.39,68874.79,68817.39,68817.39,0.00172
2026-03-09 22:35:00,68826.71,68826.71,68615.6,68623.69,0.1864
2026-03-09 22:40:00,68674.95,68739.22,68656.19,68739.22,0.14087
2026-03-09 22:45:00,68717.17,68717.17,68681.4,68681.4,0.09652
2026-03-09 22:50:00,68719.9,68719.9,68603.66,68634.0,0.02923
2026-03-09 22:55:00,68634.0,68634.0,68634.0,68634.0,0.0
2026-03-09 23:00:00,68638.98,68644.1,68584.35,68624.92,0.05864
2026-03-09 23:05:00,68593.41,68691.48,68586.08,68691.48,0.00085
2026-03-09 23:10:00,68691.0,68716.59,68674.13,68680.8,0.00285
2026-03-09 23:15:00,68657.24,68657.24,68565.23,68565.23,0.00156
2026-03-09 23:20:00,68559.31,68615.95,68527.83,68615.95,0.04982
2026-03-09 23:25:00,68608.56,68608.56,68608.56,68608.56,0.04
2026-03-09 23:30:00,68575.73,68594.14,68575.73,68589.0,0.0702
2026-03-09 23:35:00,68589.0,68589.0,68589.0,68589.0,0.0
2026-03-09 23:40:00,68566.57,68580.5,68539.71,68539.71,0.12333
2026-03-09 23:45:00,68500.0,68500.0,68488.4,68489.41,0.1414
2026-03-09 23:50:00,68470.68,68470.68,68439.65,68453.15,0.00758
2026-03-09 23:55:00,68435.52,68435.52,68374.92,68374.92,0.01092
2026-03-10 00:00:00,68404.53,68492.14,68404.53,68469.92,0.09889
2026-03-10 00:05:00,68448.15,68482.52,68432.27,68482.52,0.10589
2026-03-10 00:10:00,68437.89,68473.55,68421.66,68421.66,0.05443
2026-03-10 00:15:00,68407.75,68654.64,68407.75,68654.64,0.12818
2026-03-10 00:20:00,68654.64,68654.64,68654.64,68654.64,0.0
2026-03-10 00:25:00,68744.95,69020.24,68744.95,69020.24,0.15615
2026-03-10 00:30:00,68927.58,69038.06,68901.91,69038.06,0.15689
2026-03-10 00:35:00,69066.04,69207.55,68966.12,69163.14,0.51718
2026-03-10 00:40:00,69197.71,69197.71,69151.78,69157.19,0.08855
2026-03-10 00:45:00,69157.19,69303.15,69139.45,69217.44,0.32591
2026-03-10 00:50:00,69185.77,69185.77,69140.92,69140.92,0.00018
2026-03-10 00:55:00,69090.64,69093.68,69045.25,69093.68,0.04034
2026-03-10 01:00:00,69107.3,69242.99,69100.42,69100.42,0.0023
2026-03-10 01:05:00,69107.38,69186.65,69107.38,69160.09,0.00397
2026-03-10 01:10:00,69177.66,69177.66,69117.77,69117.77,0.02233
2026-03-10 01:15:00,69100.03,69100.03,68915.13,68918.82,0.0028
2026-03-10 01:20:00,68897.35,68916.0,68897.35,68916.0,0.00728
2026-03-10 01:25:00,69010.74,69017.42,69010.74,69017.42,0.00874
2026-03-10 01:30:00,68986.28,69004.52,68980.34,68986.2,0.14816
2026-03-10 01:35:00,68797.69,68822.1,68797.69,68822.1,0.05037
2026-03-10 01:40:00,68886.07,68983.23,68886.07,68982.72,0.02208
2026-03-10 01:45:00,68974.54,69008.64,68974.54,69008.63,0.14347
2026-03-10 01:50:00,69283.4,69299.36,69283.4,69299.36,0.00152
2026-03-10 01:55:00,69253.31,69353.46,69253.31,69327.16,0.41706
2026-03-10 02:00:00,69279.25,69356.89,69180.21,69180.21,0.18948
2026-03-10 02:05:00,69157.82,69188.67,69132.34,69145.2,0.00829
2026-03-10 02:10:00,69182.59,69245.68,69168.37,69245.68,0.02484
2026-03-10 02:15:00,69251.29,69251.29,69181.29,69181.29,0.04451
2026-03-10 02:20:00,69310.73,69310.73,69310.73,69310.73,0.01947
2026-03-10 02:25:00,69190.94,69275.53,69190.94,69275.53,0.06418
2026-03-10 02:30:00,69415.49,70022.6,69415.49,70004.24,0.44407
2026-03-10 02:35:00,70017.32,70185.2,69951.29,69951.29,1.08519
2026-03-10 02:40:00,70043.08,70448.95,70043.08,70322.64,0.18519
2026-03-10 02:45:00,70333.41,70569.36,70290.59,70569.36,2.43162
2026-03-10 02:50:00,70527.9,70527.9,70362.55,70362.55,0.28113
2026-03-10 02:55:00,70362.61,70368.55,70255.99,70261.29,0.05941
2026-03-10 03:00:00,70249.66,70308.4,70066.72,70066.72,0.02408
2026-03-10 03:05:00,70072.85,70172.5,70072.85,70171.55,0.03288
2026-03-10 03:10:00,70212.71,70232.98,70200.09,70200.09,0.00409
2026-03-10 03:15:00,70175.2,70231.34,70172.72,70231.34,0.09166
2026-03-10 03:20:00,70174.9,70194.03,70174.9,70194.03,0.00037
2026-03-10 03:25:00,70171.16,70174.66,70132.92,70174.66,0.02046
2026-03-10 03:30:00,70108.61,70122.56,70078.21,70122.56,0.0163
2026-03-10 03:35:00,70069.71,70069.71,70035.42,70061.64,0.40648
2026-03-10 03:40:00,70025.21,70025.21,69858.1,69858.1,0.00274
2026-03-10 03:45:00,69800.67,69800.67,69441.45,69555.9,0.16598
2026-03-10 03:50:00,69408.43,69457.41,69408.43,69457.41,0.00275
2026-03-10 03:55:00,69528.62,69594.36,69457.41,69539.25,0.22121
2026-03-10 04:00:00,69453.26,69618.1,69453.26,69611.42,0.00326
2026-03-10 04:05:00,69615.66,69656.82,69544.75,69582.9,0.03266
2026-03-10 04:10:00,69662.6,69759.49,69662.6,69745.47,0.00567
2026-03-10 04:15:00,69710.57,69710.57,69596.4,69618.5,0.10072
2026-03-10 04:20:00,69640.74,69785.72,69640.74,69728.6,0.04212
2026-03-10 04:25:00,69782.83,69782.83,69782.83,69782.83,0.00768
2026-03-10 04:30:00,69782.83,69782.83,69782.83,69782.83,0.0
2026-03-10 04:35:00,69858.1,69858.1,69858.1,69858.1,0.0
2026-03-10 04:40:00,69968.57,69968.57,69968.57,69968.57,0.0
2026-03-10 04:45:00,69953.26,69953.26,69953.26,69953.26,0.00016
2026-03-10 04:50:00,69912.6,69912.6,69912.6,69912.6,0.0
2026-03-10 04:55:00,69911.58,69911.58,69911.58,69911.58,0.0
2026-03-10 05:00:00,70028.47,70028.47,70028.47,70028.47,0.0
2026-03-10 05:05:00,70241.08,70241.08,70241.08,70241.08,0.0
2026-03-10 05:10:00,70194.6,70194.6,70194.6,70194.6,0.0
2026-03-10 05:15:00,70224.17,70224.17,70224.17,70224.17,0.0
2026-03-10 05:20:00,70309.6,70309.6,70309.6,70309.6,0.0
2026-03-10 05:25:00,70165.44,70165.44,70165.44,70165.44,0.0
2026-03-10 05:30:00,70029.03,70029.03,70029.03,70029.03,0.0
2026-03-10 05:35:00,70112.69,70112.69,70112.69,70112.69,0.0
2026-03-10 05:40:00,69979.06,69979.06,69979.06,69979.06,0.0
2026-03-10 05:45:00,69930.73,69930.73,69930.73,69930.73,0.0
2026-03-10 05:50:00,69930.73,69930.73,69930.73,69930.73,0.0
2026-03-10 05:55:00,69960.2,69960.2,69960.2,69960.2,0.0
2026-03-10 06:00:00,69959.23,69959.23,69959.23,69959.23,0.0
2026-03-10 06:05:00,69941.06,69941.06,69941.06,69941.06,0.0
2026-03-10 06:10:00,69890.53,69890.53,69890.53,69890.53,0.0
2026-03-10 06:15:00,69859.77,69859.77,69859.77,69859.77,0.0
2026-03-10 06:20:00,69804.31,69804.31,69804.31,69804.31,0.0
2026-03-10 06:25:00,69772.28,69772.28,69772.28,69772.28,0.0
2026-03-10 06:30:00,70104.09,70104.09,70104.09,70104.09,0.0
2026-03-10 06:35:00,70041.95,70041.95,70041.95,70041.95,0.0
2026-03-10 06:40:00,70041.95,70041.95,70041.95,70041.95,0.0
2026-03-10 06:45:00,70041.95,70041.95,70041.95,70041.95,0.0
2026-03-10 06:50:00,69962.3,69962.3,69962.3,69962.3,0.0
2026-03-10 06:55:00,69956.07,69956.07,69956.07,69956.07,0.0
2026-03-10 07:00:00,69983.4,69983.4,69983.4,69983.4,0.0
2026-03-10 07:05:00,69850.9,69850.9,69850.9,69850.9,0.0
2026-03-10 07:10:00,70150.62,70150.62,70150.62,70150.62,0.0
2026-03-10 07:15:00,70273.47,70273.47,70273.47,70273.47,0.0
2026-03-10 07:20:00,70394.08,70394.08,70394.08,70394.08,0.0
2026-03-10 07:25:00,70523.9,70523.9,70523.9,70523.9,0.0
2026-03-10 07:30:00,70340.04,70340.04,70340.04,70340.04,0.0
2026-03-10 07:35:00,70323.02,70323.02,70323.02,70323.02,0.0
2026-03-10 07:40:00,70312.42,70312.42,70312.42,70312.42,0.0
2026-03-10 07:45:00,70335.13,70335.13,70335.13,70335.13,0.0
2026-03-10 07:50:00,70402.3,70402.3,70402.3,70402.3,0.0
2026-03-10 07:55:00,70408.0,70408.0,70408.0,70408.0,0.0
2026-03-10 08:00:00,70341.76,70341.76,70341.76,70341.76,0.0
2026-03-10 08:05:00,70482.89,70482.89,70482.89,70482.89,0.0
2026-03-10 08:10:00,70846.94,70846.94,70846.94,70846.94,0.0
2026-03-10 08:15:00,70915.9,70915.9,70915.9,70915.9,0.0
2026-03-10 08:20:00,70802.19,70802.19,70802.19,70802.19,0.0
2026-03-10 08:25:00,70875.0,70875.0,70875.0,70875.0,0.0
2026-03-10 08:30:00,70850.94,70850.94,70850.94,70850.94,0.0
2026-03-10 08:35:00,70962.3,70962.3,70962.29,70962.29,0.01274
2026-03-10 08:40:00,70951.7,70951.7,70951.7,70951.7,0.0
2026-03-10 08:45:00,70888.24,70888.24,70869.8,70869.8,0.05039
2026-03-10 08:50:00,70781.37,70781.37,70781.37,70781.37,0.0
2026-03-10 08:55:00,70691.26,70691.26,70691.26,70691.26,0.04253
2026-03-10 09:00:00,70676.65,70676.65,70676.65,70676.65,0.0099
2026-03-10 09:05:00,70676.65,70676.65,70676.65,70676.65,0.0
2026-03-10 09:10:00,70753.33,70753.33,70753.33,70753.33,0.0
2026-03-10 09:15:00,70824.36,70824.36,70824.36,70824.36,0.0
2026-03-10 09:20:00,70881.96,70881.96,70881.96,70881.96,0.0
2026-03-10 09:25:00,71210.2,71210.2,71210.2,71210.2,0.00017
2026-03-10 09:30:00,71248.2,71248.2,71248.2,71248.2,0.0
2026-03-10 09:35:00,71138.5,71138.5,71138.5,71138.5,0.0
2026-03-10 09:40:00,71140.12,71140.12,71140.12,71140.12,0.0
2026-03-10 09:45:00,71092.66,71092.66,71092.66,71092.66,0.0
2026-03-10 09:50:00,70977.2,70977.2,70977.2,70977.2,0.0
2026-03-10 09:55:00,70977.2,70977.2,70977.2,70977.2,0.0
2026-03-10 10:00:00,71074.18,71074.18,71074.18,71074.18,0.0
2026-03-10 10:05:00,71029.05,71029.05,71029.05,71029.05,0.0
2026-03-10 10:10:00,70942.4,70942.4,70942.4,70942.4,0.0
2026-03-10 10:15:00,70915.77,70915.77,70915.77,70915.77,0.0
2026-03-10 10:20:00,70818.79,70818.79,70818.79,70818.79,0.0
2026-03-10 10:25:00,70763.0,70763.0,70763.0,70763.0,0.0
2026-03-10 10:30:00,70754.5,70754.5,70754.5,70754.5,0.0
2026-03-10 10:35:00,70902.18,70902.18,70902.18,70902.18,0.0
2026-03-10 10:40:00,70698.91,70698.91,70698.91,70698.91,0.0
2026-03-10 10:45:00,70736.1,70736.1,70736.1,70736.1,0.0
2026-03-10 10:50:00,70735.9,70735.9,70735.9,70735.9,0.0
2026-03-10 10:55:00,70865.39,70865.39,70865.39,70865.39,0.0
2026-03-10 11:00:00,70755.7,70755.7,70755.7,70755.7,0.0
2026-03-10 11:05:00,70793.6,70793.6,70791.9,70791.9,0.00034
2026-03-10 11:10:00,70775.21,70775.21,70775.21,70775.21,0.0
2026-03-10 11:15:00,70652.83,70652.83,70652.83,70652.83,0.0
2026-03-10 11:20:00,70674.0,70674.0,70674.0,70674.0,0.0
2026-03-10 11:25:00,70723.3,70723.3,70723.3,70723.3,0.0
2026-03-10 11:30:00,70637.9,70637.9,70637.9,70637.9,0.0
2026-03-10 11:35:00,70644.8,70644.8,70644.8,70644.8,0.0
2026-03-10 11:40:00,70630.0,70630.0,70630.0,70630.0,0.0
2026-03-10 11:45:00,70573.2,70573.2,70573.2,70573.2,0.0
2026-03-10 11:50:00,70621.0,70621.0,70621.0,70621.0,0.0
2026-03-10 11:55:00,70646.41,70646.41,70646.41,70646.41,0.0
2026-03-10 12:00:00,70600.52,70600.52,70600.52,70600.52,0.0
2026-03-10 12:05:00,70527.62,70527.62,70527.62,70527.62,0.0
2026-03-10 12:10:00,70411.19,70411.19,70411.19,70411.19,7e-05
2026-03-10 12:15:00,70442.02,70442.02,70442.02,70442.02,0.0
2026-03-10 12:20:00,70450.72,70450.72,70450.72,70450.72,0.0
2026-03-10 12:25:00,70543.9,70543.9,70543.9,70543.9,0.0
2026-03-10 12:30:00,70390.86,70390.86,70390.86,70390.86,0.00017
2026-03-10 12:35:00,70401.49,70401.49,70401.49,70401.49,0.0
2026-03-10 12:40:00,70437.88,70437.88,70437.88,70437.88,0.0
2026-03-10 12:45:00,70406.58,70406.58,70406.58,70406.58,0.0
2026-03-10 12:50:00,70517.26,70517.26,70517.26,70517.26,0.0
2026-03-10 12:55:00,70592.03,70592.03,70592.03,70592.03,0.0
2026-03-10 13:00:00,70525.6,70561.59,70525.6,70561.59,0.01072
2026-03-10 13:05:00,70615.9,70615.9,70615.9,70615.9,0.0
2026-03-10 13:10:00,70741.12,70741.12,70741.12,70741.12,3e-05
2026-03-10 13:15:00,70715.32,70715.32,70715.32,70715.32,0.0
2026-03-10 13:20:00,70722.72,70722.72,70722.72,70722.72,0.0007
2026-03-10 13:25:00,70882.54,70882.54,70882.54,70882.54,0.0007
2026-03-10 13:30:00,70911.7,70916.5,70906.85,70916.5,0.01276
2026-03-10 13:35:00,70229.57,70229.57,70153.66,70153.66,0.0073
2026-03-10 13:40:00,69781.95,69795.5,69781.95,69795.5,0.00813
2026-03-10 13:45:00,69930.4,69930.4,69930.4,69930.4,0.0
2026-03-10 13:50:00,70133.2,70133.2,70133.2,70133.2,0.0
2026-03-10 13:55:00,70224.0,70224.0,70224.0,70224.0,0.0
2026-03-10 14:00:00,69927.86,69927.86,69927.86,69927.86,0.0
2026-03-10 14:05:00,69827.0,69827.0,69827.0,69827.0,0.0
2026-03-10 14:10:00,69621.5,69621.5,69621.5,69621.5,0.0
2026-03-10 14:15:00,69536.42,69536.42,69536.42,69536.42,0.0
2026-03-10 14:20:00,69606.92,69606.92,69606.92,69606.92,0.0
2026-03-10 14:25:00,69765.03,69765.03,69765.03,69765.03,0.0
2026-03-10 14:30:00,69827.39,69827.39,69827.39,69827.39,0.0
2026-03-10 14:35:00,69984.02,69984.02,69984.02,69984.02,0.0
2026-03-10 14:40:00,70180.5,70189.0,70180.5,70189.0,0.00034
2026-03-10 14:45:00,70467.82,70467.82,70467.82,70467.82,0.0
2026-03-10 14:50:00,70614.08,70614.08,70614.08,70614.08,0.0
2026-03-10 14:55:00,71161.7,71161.7,71161.7,71161.7,0.00017
2026-03-10 15:00:00,71412.2,71412.2,71412.2,71412.2,0.0
2026-03-10 15:05:00,71774.18,71774.18,71774.18,71774.18,0.0
2026-03-10 15:10:00,71277.1,71277.1,71277.1,71277.1,0.0
2026-03-10 15:15:00,71168.49,71168.49,71168.49,71168.49,0.0
2026-03-10 15:20:00,71192.4,71192.4,71192.4,71192.4,0.0
2026-03-10 15:25:00,71280.02,71280.02,71280.02,71280.02,0.048
2026-03-10 15:30:00,71325.12,71325.12,71325.12,71325.12,0.0
2026-03-10 15:35:00,71255.7,71255.7,71255.7,71255.7,0.0
2026-03-10 15:40:00,71123.11,71123.11,71123.11,71123.11,0.0
2026-03-10 15:45:00,71114.09,71114.09,71114.09,71114.09,0.00211
2026-03-10 15:50:00,71107.08,71107.08,71107.08,71107.08,0.002
2026-03-10 15:55:00,70937.25,70937.25,70937.25,70937.25,0.0
2026-03-10 16:00:00,71366.62,71366.62,71366.62,71366.62,0.0
2026-03-10 16:05:00,71208.11,71218.61,71208.11,71218.61,0.00826
2026-03-10 16:10:00,71152.37,71152.37,71152.37,71152.37,0.00421
2026-03-10 16:15:00,71123.35,71123.35,71123.35,71123.35,0.0
2026-03-10 16:20:00,71400.0,71400.0,71400.0,71400.0,0.004
2026-03-10 16:25:00,71528.9,71528.9,71528.9,71528.9,0.00017
2026-03-10 16:30:00,71361.67,71361.67,71361.67,71361.67,0.00724
2026-03-10 16:35:00,71337.02,71337.02,71337.02,71337.02,0.0
2026-03-10 16:40:00,71307.83,71307.83,71307.83,71307.83,0.0
2026-03-10 16:45:00,71240.09,71240.09,71240.09,71240.09,0.0
2026-03-10 16:50:00,71284.55,71284.55,71284.55,71284.55,0.0
2026-03-10 16:55:00,71217.74,71217.74,71217.74,71217.74,0.0
2026-03-10 17:00:00,71211.52,71211.52,71211.52,71211.52,0.0
2026-03-10 17:05:00,71249.95,71249.95,71249.95,71249.95,0.0
2026-03-10 17:10:00,71349.42,71349.42,71349.42,71349.42,0.0
2026-03-10 17:15:00,71220.89,71220.89,71220.89,71220.89,0.0
2026-03-10 17:20:00,71220.89,71220.89,71220.89,71220.89,0.0
2026-03-10 17:25:00,71281.3,71281.3,71281.3,71281.3,0.0
2026-03-10 17:30:00,71048.33,71048.33,71048.33,71048.33,0.0
2026-03-10 17:35:00,71132.9,71132.9,71132.9,71132.9,0.0
2026-03-10 17:40:00,70642.3,70642.3,70642.3,70642.3,0.0
2026-03-10 17:45:00,70730.49,70730.49,70730.49,70730.49,0.0
2026-03-10 17:50:00,70827.81,70827.81,70827.81,70827.81,0.0
2026-03-10 17:55:00,70921.71,70921.71,70921.71,70921.71,0.0
2026-03-10 18:00:00,70890.66,70890.66,70890.66,70890.66,0.0
2026-03-10 18:05:00,70856.6,70856.6,70856.6,70856.6,0.00014
2026-03-10 18:10:00,70719.8,70719.8,70719.8,70719.8,0.048
2026-03-10 18:15:00,70391.96,70391.96,70391.96,70391.96,0.0
2026-03-10 18:20:00,70254.28,70254.28,70254.28,70254.28,0.0
2026-03-10 18:25:00,70153.66,70153.66,70153.66,70153.66,0.0
2026-03-10 18:30:00,70330.7,70330.7,70326.35,70326.35,0.00087
2026-03-10 18:35:00,70322.16,70322.16,70322.16,70322.16,0.0
2026-03-10 18:40:00,70112.32,70112.32,70112.32,70112.32,0.0
2026-03-10 18:45:00,70051.2,70051.2,70051.2,70051.2,0.0
2026-03-10 18:50:00,70125.86,70125.86,70125.86,70125.86,0.0
2026-03-10 18:55:00,70067.94,70067.94,70067.94,70067.94,0.0
2026-03-10 19:00:00,69945.35,69945.35,69945.35,69945.35,0.0
2026-03-10 19:05:00,70081.49,70081.49,70081.49,70081.49,0.0
2026-03-10 19:10:00,70135.48,70135.48,70135.48,70135.48,0.0
2026-03-10 19:15:00,69935.12,69935.12,69935.12,69935.12,0.0
2026-03-10 19:20:00,70266.0,70266.0,70266.0,70266.0,0.0
2026-03-10 19:25:00,70008.62,70008.62,70008.62,70008.62,0.0
2026-03-10 19:30:00,69979.77,69979.77,69979.77,69979.77,0.0
2026-03-10 19:35:00,69858.1,69858.1,69858.1,69858.1,0.0
2026-03-10 19:40:00,69895.15,69895.15,69895.15,69895.15,0.0
2026-03-10 19:45:00,70029.24,70029.24,70029.24,70029.24,0.0
2026-03-10 19:50:00,70019.03,70019.03,70019.03,70019.03,0.0
2026-03-10 19:55:00,70051.14,70051.14,70051.14,70051.14,0.0
2026-03-10 20:00:00,70061.03,70061.03,70061.03,70061.03,0.0
2026-03-10 20:05:00,70183.42,70183.42,70183.42,70183.42,0.00077
2026-03-10 20:10:00,70096.23,70096.23,70096.23,70096.23,0.01003
2026-03-10 20:15:00,70105.5,70105.5,70105.5,70105.5,0.0
2026-03-10 20:20:00,70090.0,70090.0,70090.0,70090.0,0.0
2026-03-10 20:25:00,70200.12,70200.12,70200.12,70200.12,0.0
2026-03-10 20:30:00,70216.65,70216.65,70216.65,70216.65,0.0
2026-03-10 20:35:00,70245.62,70245.62,70245.62,70245.62,0.0
2026-03-10 20:40:00,70305.77,70305.77,70305.77,70305.77,0.0
2026-03-10 20:45:00,70293.38,70293.38,70293.38,70293.38,0.0
2026-03-10 20:50:00,70274.14,70274.14,70274.14,70274.14,0.0
2026-03-10 20:55:00,70294.3,70294.3,70294.3,70294.3,0.0
2026-03-10 21:00:00,70277.12,70277.12,70277.12,70277.12,0.0
2026-03-10 21:05:00,70328.5,70328.5,70328.5,70328.5,0.0
2026-03-10 21:10:00,70307.53,70307.53,70307.53,70307.53,0.0
2026-03-10 21:15:00,70127.76,70127.76,70127.76,70127.76,0.0
2026-03-10 21:20:00,70045.89,70045.89,70045.89,70045.89,0.0
2026-03-10 21:25:00,70034.75,70034.75,70034.75,70034.75,0.00773
2026-03-10 21:30:00,69950.2,69950.2,69950.2,69950.2,0.0
2026-03-10 21:35:00,70011.86,70011.86,70011.86,70011.86,0.0
2026-03-10 21:40:00,69801.98,69801.98,69801.98,69801.98,0.0
2026-03-10 21:45:00,69748.09,69748.09,69748.09,69748.09,0.0
2026-03-10 21:50:00,69683.68,69683.68,69683.68,69683.68,0.0
2026-03-10 21:55:00,69751.64,69751.64,69751.64,69751.64,0.00018
2026-03-10 22:00:00,69791.69,69791.69,69791.69,69791.69,0.0
2026-03-10 22:05:00,69791.1,69791.1,69791.1,69791.1,0.0
2026-03-10 22:10:00,69652.83,69652.83,69652.83,69652.83,0.0
2026-03-10 22:15:00,69597.79,69597.79,69597.79,69597.79,0.00772
2026-03-10 22:20:00,69487.03,69487.03,69487.03,69487.03,0.00736
2026-03-10 22:25:00,69695.0,69695.0,69695.0,69695.0,0.00766
2026-03-10 22:30:00,69608.42,69608.42,69608.42,69608.42,0.00759
2026-03-10 22:35:00,69563.37,69563.37,69563.37,69563.37,0.0
2026-03-10 22:40:00,69599.54,69599.54,69599.54,69599.54,0.0
2026-03-10 22:45:00,69666.06,69666.06,69666.06,69666.06,0.0
2026-03-10 22:50:00,69728.09,69728.09,69728.09,69728.09,0.0
2026-03-10 22:55:00,69706.58,69706.58,69706.58,69706.58,0.0
2026-03-10 23:00:00,69698.76,69698.76,69698.76,69698.76,0.0
2026-03-10 23:05:00,69728.11,69728.11,69728.11,69728.11,0.0
2026-03-10 23:10:00,69737.09,69737.09,69737.09,69737.09,0.0
2026-03-10 23:15:00,69828.84,69828.84,69828.84,69828.84,0.0
2026-03-10 23:20:00,69836.09,69836.09,69836.09,69836.09,0.0
2026-03-10 23:25:00,69797.11,69797.11,69797.11,69797.11,0.0
2026-03-10 23:30:00,69802.18,69802.18,69802.18,69802.18,0.0
2026-03-10 23:35:00,69869.28,69869.28,69869.28,69869.28,0.0
2026-03-10 23:40:00,69903.82,69903.82,69903.82,69903.82,0.00035
2026-03-10 23:45:00,69906.07,69906.07,69906.07,69906.07,0.00035
2026-03-10 23:50:00,69926.08,69926.08,69926.08,69926.08,0.0
2026-03-10 23:55:00,69856.36,69856.36,69856.36,69856.36,0.0
2026-03-11 00:00:00,69937.15,69937.15,69937.15,69937.15,0.0
2026-03-11 00:05:00,69845.14,69845.14,69845.14,69845.14,0.0
2026-03-11 00:10:00,70000.0,70000.0,70000.0,70000.0,0.0
2026-03-11 00:15:00,70064.09,70064.09,70064.09,70064.09,0.0
2026-03-11 00:20:00,70009.86,70009.86,70009.86,70009.86,0.0
2026-03-11 00:25:00,70078.29,70078.29,70078.29,70078.29,0.0
2026-03-11 00:30:00,70069.9,70069.9,70069.9,70069.9,0.0
2026-03-11 00:35:00,69884.62,69884.62,69884.62,69884.62,0.0
2026-03-11 00:40:00,69919.49,69919.49,69919.49,69919.49,0.0
2026-03-11 00:45:00,69809.55,69809.55,69809.55,69809.55,0.0
2026-03-11 00:50:00,69997.58,69997.58,69997.58,69997.58,0.0
2026-03-11 00:55:00,70096.93,70096.93,70096.93,70096.93,0.0
2026-03-11 01:00:00,70025.82,70025.82,70025.82,70025.82,0.0
2026-03-11 01:05:00,70046.34,70046.34,70046.34,70046.34,7e-05
2026-03-11 01:10:00,70061.03,70061.03,70061.03,70061.03,0.0
2026-03-11 01:15:00,70125.75,70125.75,70125.75,70125.75,0.0
2026-03-11 01:20:00,70108.26,70108.26,70108.26,70108.26,0.0
2026-03-11 01:25:00,70054.5,70054.5,70054.5,70054.5,0.0
2026-03-11 01:30:00,70033.09,70033.09,70033.09,70033.09,0.0
2026-03-11 01:35:00,70033.09,70033.09,70033.09,70033.09,0.0
2026-03-11 01:40:00,69904.17,69904.17,69904.17,69904.17,0.0
2026-03-11 01:45:00,69921.81,69921.81,69921.81,69921.81,0.0
2026-03-11 01:50:00,69923.44,69923.44,69923.44,69923.44,0.0
2026-03-11 01:55:00,69923.44,69923.44,69923.44,69923.44,0.0
2026-03-11 02:00:00,70082.03,70082.03,70082.03,70082.03,0.0
2026-03-11 02:05:00,70059.06,70059.06,70059.06,70059.06,0.0
2026-03-11 02:10:00,70049.5,70049.5,70049.5,70049.5,0.0
2026-03-11 02:15:00,70003.78,70003.78,70003.78,70003.78,0.0
2026-03-11 02:20:00,70055.43,70055.43,70055.43,70055.43,0.0
2026-03-11 02:25:00,69988.86,69988.86,69988.86,69988.86,0.0
2026-03-11 02:30:00,69959.04,69959.04,69959.04,69959.04,0.0006
2026-03-11 02:35:00,69807.09,69807.09,69807.09,69807.09,0.0
2026-03-11 02:40:00,69738.69,69738.69,69738.69,69738.69,0.0
2026-03-11 02:45:00,69681.71,69681.71,69681.71,69681.71,0.0
2026-03-11 02:50:00,69710.62,69710.62,69710.62,69710.62,0.0
2026-03-11 02:55:00,69757.4,69757.4,69757.4,69757.4,0.0
2026-03-11 03:00:00,69803.8,69803.8,69803.8,69803.8,0.0
2026-03-11 03:05:00,69764.25,69764.25,69764.25,69764.25,0.0
2026-03-11 03:10:00,69709.36,69709.36,69709.36,69709.36,0.0
2026-03-11 03:15:00,69695.33,69695.33,69695.33,69695.33,0.0
2026-03-11 03:20:00,69709.69,69709.69,69709.69,69709.69,0.0
2026-03-11 03:25:00,69552.7,69552.7,69552.7,69552.7,0.0
2026-03-11 03:30:00,69547.31,69547.31,69547.31,69547.31,0.0
2026-03-11 03:35:00,69605.09,69605.09,69605.09,69605.09,0.0
2026-03-11 03:40:00,69599.78,69599.78,69599.78,69599.78,0.0
2026-03-11 03:45:00,69598.69,69598.69,69598.69,69598.69,0.00071
2026-03-11 03:50:00,69563.37,69563.37,69563.37,69563.37,0.0
2026-03-11 03:55:00,69595.42,69595.42,69595.42,69595.42,0.0
2026-03-11 04:00:00,69553.72,69553.72,69553.72,69553.72,0.0
2026-03-11 04:05:00,69562.57,69562.57,69562.57,69562.57,0.0
2026-03-11 04:10:00,69539.34,69539.34,69539.34,69539.34,0.0
2026-03-11 04:15:00,69618.43,69618.43,69618.43,69618.43,0.0
2026-03-11 04:20:00,69675.75,69675.75,69675.75,69675.75,0.0
2026-03-11 04:25:00,69675.75,69675.75,69675.75,69675.75,0.0
2026-03-11 04:30:00,69994.57,69994.57,69994.57,69994.57,0.0
2026-03-11 04:35:00,69938.55,69938.55,69938.55,69938.55,0.0
2026-03-11 04:40:00,69974.49,69974.49,69974.49,69974.49,0.0
2026-03-11 04:45:00,69995.75,69995.75,69995.75,69995.75,0.0
2026-03-11 04:50:00,70050.0,70050.0,70050.0,70050.0,0.0
2026-03-11 04:55:00,70213.99,70213.99,70213.99,70213.99,0.0
2026-03-11 05:00:00,70150.45,70150.45,70150.45,70150.45,0.0
2026-03-11 05:05:00,70116.29,70116.29,70116.29,70116.29,0.0
2026-03-11 05:10:00,70016.21,70016.21,70016.21,70016.21,0.0
2026-03-11 05:15:00,70013.52,70013.52,70013.52,70013.52,0.0
2026-03-11 05:20:00,69994.25,69994.25,69994.25,69994.25,0.0
2026-03-11 05:25:00,69968.97,69968.97,69968.97,69968.97,0.0
2026-03-11 05:30:00,69968.97,69968.97,69968.97,69968.97,0.0
2026-03-11 05:35:00,69975.2,69975.2,69975.2,69975.2,8e-05
2026-03-11 05:40:00,69800.96,69800.96,69800.96,69800.96,0.0
2026-03-11 05:45:00,69441.45,69441.45,69441.45,69441.45,0.0
2026-03-11 05:50:00,69555.21,69555.21,69555.21,69555.21,0.0
2026-03-11 05:55:00,69579.94,69579.94,69579.94,69579.94,0.0
2026-03-11 06:00:00,69574.28,69574.28,69574.28,69574.28,0.0
2026-03-11 06:05:00,69675.89,69675.89,69675.89,69675.89,0.0
2026-03-11 06:10:00,69684.67,69684.67,69684.67,69684.67,0.0
2026-03-11 06:15:00,69728.31,69728.31,69728.31,69728.31,0.0
2026-03-11 06:20:00,69742.08,69742.08,69742.08,69742.08,0.0
2026-03-11 06:25:00,69777.48,69777.48,69777.48,69777.48,0.0
2026-03-11 06:30:00,69777.48,69777.48,69777.48,69777.48,0.0
2026-03-11 06:35:00,69927.81,69927.81,69927.81,69927.81,0.0
2026-03-11 06:40:00,69927.81,69927.81,69927.81,69927.81,0.0
2026-03-11 06:45:00,69839.4,69839.4,69839.4,69839.4,0.0
2026-03-11 06:50:00,69839.4,69839.4,69839.4,69839.4,0.0
2026-03-11 06:55:00,69969.28,69969.28,69969.28,69969.28,0.0
2026-03-11 07:00:00,69969.28,69969.28,69969.28,69969.28,0.0
2026-03-11 07:05:00,69944.52,69944.52,69944.52,69944.52,0.0
2026-03-11 07:10:00,69928.87,69928.87,69928.87,69928.87,0.0
2026-03-11 07:15:00,69886.14,69886.14,69886.14,69886.14,0.0
2026-03-11 07:20:00,69855.11,69855.11,69855.11,69855.11,0.0
2026-03-11 07:25:00,69795.38,69795.38,69795.38,69795.38,0.0
2026-03-11 07:30:00,69795.38,69795.38,69795.38,69795.38,0.0
2026-03-11 07:35:00,69662.7,69662.7,69662.7,69662.7,0.0
2026-03-11 07:40:00,69559.98,69559.98,69559.98,69559.98,0.0
2026-03-11 07:45:00,69550.55,69550.55,69550.55,69550.55,0.0
2026-03-11 07:50:00,69601.34,69601.34,69601.34,69601.34,0.0
2026-03-11 07:55:00,69715.2,69715.2,69715.2,69715.2,0.0
2026-03-11 08:00:00,69676.92,69676.92,69676.92,69676.92,0.0
2026-03-11 08:05:00,69754.02,69754.02,69754.02,69754.02,0.0
2026-03-11 08:10:00,69668.26,69668.26,69668.26,69668.26,0.0
2026-03-11 08:15:00,69623.2,69623.2,69623.2,69623.2,0.0
2026-03-11 08:20:00,69622.63,69622.63,69622.63,69622.63,0.0
2026-03-11 08:25:00,69622.63,69622.63,69622.63,69622.63,0.0
2026-03-11 08:30:00,69622.63,69622.63,69622.63,69622.63,0.0
2026-03-11 08:35:00,69545.19,69545.19,69545.19,69545.19,0.0
2026-03-11 08:40:00,69705.28,69705.28,69705.28,69705.28,0.0
2026-03-11 08:45:00,69705.28,69705.28,69705.28,69705.28,0.0
2026-03-11 08:50:00,69590.94,69590.94,69590.94,69590.94,6e-05
2026-03-11 08:55:00,69590.94,69590.94,69590.94,69590.94,0.0
2026-03-11 09:00:00,69641.26,69641.26,69641.26,69641.26,0.0
2026-03-11 09:05:00,69607.86,69607.86,69607.86,69607.86,0.0
2026-03-11 09:10:00,69644.56,69644.56,69644.56,69644.56,0.0
2026-03-11 09:15:00,69579.02,69579.02,69579.02,69579.02,0.0
2026-03-11 09:20:00,69599.01,69599.01,69599.01,69599.01,0.0
2026-03-11 09:25:00,69599.0,69599.0,69599.0,69599.0,0.0
2026-03-11 09:30:00,69574.85,69574.85,69574.85,69574.85,0.0
2026-03-11 09:35:00,69518.81,69518.81,69518.81,69518.81,0.0
2026-03-11 09:40:00,69408.43,69408.43,69408.43,69408.43,0.0
2026-03-11 09:45:00,69598.36,69598.36,69598.36,69598.36,0.0
2026-03-11 09:50:00,69648.0,69648.0,69648.0,69648.0,0.0
2026-03-11 09:55:00,69655.12,69655.12,69655.12,69655.12,0.0
2026-03-11 10:00:00,69655.12,69655.12,69655.12,69655.12,0.0
2026-03-11 10:05:00,69498.4,69498.4,69498.4,69498.4,0.0
2026-03-11 10:10:00,69421.0,69421.0,69421.0,69421.0,0.0
2026-03-11 10:15:00,69484.93,69484.93,69484.93,69484.93,0.0
2026-03-11 10:20:00,69484.93,69484.93,69484.93,69484.93,0.0
2026-03-11 10:25:00,69484.93,69484.93,69484.93,69484.93,0.0
2026-03-11 10:30:00,69464.59,69464.59,69464.59,69464.59,0.0
2026-03-11 10:35:00,69478.31,69478.31,69478.31,69478.31,0.0
2026-03-11 10:40:00,69520.34,69520.34,69520.34,69520.34,0.0
2026-03-11 10:45:00,69655.76,69655.76,69655.76,69655.76,0.0
2026-03-11 10:50:00,69618.58,69618.58,69618.58,69618.58,0.0
2026-03-11 10:55:00,69630.91,69630.91,69630.91,69630.91,0.0
2026-03-11 11:00:00,69624.31,69624.31,69624.31,69624.31,0.0
2026-03-11 11:05:00,69600.69,69600.69,69600.69,69600.69,0.0
2026-03-11 11:10:00,69642.2,69642.2,69642.2,69642.2,0.0
2026-03-11 11:15:00,69618.49,69618.49,69618.49,69618.49,0.0
2026-03-11 11:20:00,69618.49,69618.49,69618.49,69618.49,0.0
2026-03-11 11:25:00,69618.49,69618.49,69618.49,69618.49,0.0
2026-03-11 11:30:00,69500.0,69500.0,69500.0,69500.0,0.0
2026-03-11 11:35:00,69548.9,69548.9,69548.9,69548.9,0.0
2026-03-11 11:40:00,69562.88,69562.88,69562.88,69562.88,0.0
2026-03-11 11:45:00,69470.44,69470.44,69470.44,69470.44,0.0
2026-03-11 11:50:00,69470.44,69470.44,69470.44,69470.44,0.0
2026-03-11 11:55:00,69361.98,69361.98,69361.98,69361.98,0.0
2026-03-11 12:00:00,69171.45,69171.45,69171.45,69171.45,0.0
2026-03-11 12:05:00,69143.42,69143.42,69143.42,69143.42,0.0
2026-03-11 12:10:00,68976.27,68976.27,68976.27,68976.27,0.0
2026-03-11 12:15:00,69170.0,69170.0,69170.0,69170.0,0.0
2026-03-11 12:20:00,69222.71,69222.71,69222.71,69222.71,0.0
2026-03-11 12:25:00,69391.48,69391.48,69391.48,69391.48,0.0
2026-03-11 12:30:00,69485.94,69559.98,69485.94,69543.5,0.00594
2026-03-11 12:35:00,69318.86,69318.86,69318.86,69318.86,0.0
2026-03-11 12:40:00,69290.43,69290.43,69290.43,69290.43,0.0
2026-03-11 12:45:00,69350.27,69350.27,69350.27,69350.27,0.0
2026-03-11 12:50:00,69171.45,69171.45,69171.45,69171.45,0.0
2026-03-11 12:55:00,69286.97,69286.97,69286.97,69286.97,0.0
2026-03-11 13:00:00,69362.95,69362.95,69362.95,69362.95,0.0
2026-03-11 13:05:00,69370.31,69370.31,69370.31,69370.31,0.0
2026-03-11 13:10:00,69439.36,69439.36,69439.36,69439.36,0.0
2026-03-11 13:15:00,69930.06,69930.06,69930.06,69930.06,0.0
2026-03-11 13:20:00,69954.98,69954.98,69954.98,69954.98,0.0
2026-03-11 13:25:00,70267.13,70267.13,70267.13,70267.13,0.0
2026-03-11 13:30:00,70267.13,70267.13,70267.13,70267.13,0.0
2026-03-11 13:35:00,70759.19,70773.09,70722.1,70722.1,0.00086
2026-03-11 13:40:00,71010.8,71016.9,70954.71,70954.72,0.00257
2026-03-11 13:45:00,70466.94,70466.94,70466.94,70466.94,0.0
2026-03-11 13:50:00,70153.66,70153.66,70153.66,70153.66,0.0
2026-03-11 13:55:00,70069.03,70069.03,70069.03,70069.03,0.0
2026-03-11 14:00:00,70171.45,70171.45,70171.45,70171.45,0.0
2026-03-08 02:45:00,67331.21,67331.21,67095.2,67095.2,0.06737
2026-03-08 02:50:00,66939.9,67040.0,66863.64,67040.0,0.18955
2026-03-08 02:55:00,67035.31,67035.31,66943.17,66943.17,0.11577
2026-03-08 03:00:00,66918.59,66995.24,66918.59,66995.24,0.00085
2026-03-08 03:05:00,66973.23,67021.77,66926.19,66926.19,0.08885
2026-03-08 03:10:00,66978.72,66994.48,66978.72,66985.33,0.05545
2026-03-08 03:15:00,66985.33,66985.33,66985.33,66985.33,0.0
2026-03-08 03:20:00,67033.64,67033.64,67033.64,67033.64,0.00029
2026-03-08 03:25:00,66998.89,66998.89,66998.89,66998.89,0.04297
2026-03-08 03:30:00,67025.28,67025.28,66998.35,66998.35,0.05915
2026-03-08 03:35:00,66998.35,66998.35,66998.35,66998.35,0.0
2026-03-08 03:40:00,67016.52,67016.52,67016.52,67016.52,0.00786
2026-03-08 03:45:00,67029.86,67058.53,67013.43,67013.43,0.0341
2026-03-08 03:50:00,67048.38,67051.92,67047.59,67047.59,0.03421
2026-03-08 03:55:00,67024.78,67073.69,67005.8,67005.8,0.22196
2026-03-08 04:00:00,67017.59,67017.59,66947.0,67003.8,0.01139
2026-03-08 04:05:00,67020.92,67080.0,67020.92,67032.7,0.44412
2026-03-08 04:10:00,67038.47,67038.47,66934.98,66961.0,0.11205
2026-03-08 04:15:00,67019.16,67054.18,66988.52,67054.18,0.05681
2026-03-08 04:20:00,67069.15,67069.15,67054.18,67054.18,0.00118
2026-03-08 04:25:00,67040.51,67040.51,67012.15,67029.89,0.05836
2026-03-08 04:30:00,66997.86,67029.48,66996.99,67029.47,0.00559
2026-03-08 04:35:00,66990.14,66990.14,66943.91,66986.8,0.01808
2026-03-08 04:40:00,66930.02,66966.13,66930.02,66966.13,0.0037
2026-03-08 04:45:00,66950.31,66950.31,66817.86,66879.58,0.16912
2026-03-08 04:50:00,66806.98,66871.98,66632.36,66632.36,0.26713
2026-03-08 04:55:00,66600.0,66653.21,66581.67,66623.96,0.06853
2026-03-08 05:00:00,66653.21,66759.31,66653.21,66759.31,0.11856
2026-03-08 05:05:00,66822.88,66944.42,66822.88,66932.09,0.08817
2026-03-08 05:10:00,66933.51,66966.99,66921.5,66966.99,0.1482
2026-03-08 05:15:00,66967.18,67044.15,66964.24,67005.58,0.11781
2026-03-08 05:20:00,67084.03,67164.68,67084.03,67101.55,0.04276
2026-03-08 05:25:00,67167.46,67167.46,67167.46,67167.46,0.00206
2026-03-08 05:30:00,67167.46,67167.46,67167.46,67167.46,0.0
2026-03-08 05:35:00,67162.46,67181.79,67162.46,67181.79,0.00223
2026-03-08 05:40:00,67189.73,67189.73,67184.3,67184.3,0.0046
2026-03-08 05:45:00,67184.3,67184.3,67184.3,67184.3,0.0
2026-03-08 05:50:00,67179.49,67189.2,67179.49,67189.2,0.00452
2026-03-08 05:55:00,67233.38,67233.38,67160.46,67160.46,0.00259
2026-03-08 06:00:00,67160.46,67160.46,67160.46,67160.46,0.0
2026-03-08 06:05:00,67191.88,67191.89,67191.88,67191.89,0.00102
2026-03-08 06:10:00,67173.98,67173.98,67109.13,67126.07,0.00037
2026-03-08 06:15:00,67144.59,67144.59,67144.59,67144.59,0.00034
2026-03-08 06:20:00,67110.29,67158.36,67110.29,67144.48,0.00382
2026-03-08 06:25:00,67122.51,67122.51,67122.51,67122.51,6e-05
2026-03-08 06:30:00,67085.77,67085.77,67055.53,67055.53,0.04531
2026-03-08 06:35:00,67054.57,67096.68,67054.57,67096.68,0.00772
2026-03-08 06:40:00,67158.35,67158.35,67158.35,67158.35,6e-05
2026-03-08 06:45:00,67150.79,67158.36,67150.79,67158.36,0.00237
2026-03-08 06:50:00,67158.36,67158.36,67158.36,67158.36,0.0
2026-03-08 06:55:00,67153.1,67200.0,67153.1,67182.96,0.05257
2026-03-08 07:00:00,67175.37,67234.56,67165.65,67234.56,0.05025
2026-03-08 07:05:00,67345.67,67416.19,67341.61,67384.13,0.01771
2026-03-08 07:10:00,67383.97,67421.03,67372.45,67421.03,0.00345
2026-03-08 07:15:00,67421.03,67421.03,67421.03,67421.03,0.0
2026-03-08 07:20:00,67407.17,67407.17,67320.24,67320.24,0.00192
2026-03-08 07:25:00,67308.15,67363.76,67308.15,67363.76,0.09647
2026-03-08 07:30:00,67366.97,67373.2,67345.63,67345.63,0.09595
2026-03-08 07:35:00,67353.97,67353.97,67308.6,67308.6,0.00208
2026-03-08 07:40:00,67314.77,67314.77,67314.77,67314.77,0.04406
2026-03-08 07:45:00,67293.68,67293.68,67293.68,67293.68,0.00071
2026-03-08 07:50:00,67293.68,67293.68,67293.68,67293.68,0.0
2026-03-08 07:55:00,67288.14,67321.41,67288.14,67321.41,0.04006
2026-03-08 08:00:00,67276.85,67276.85,67276.85,67276.85,0.00155
2026-03-08 08:05:00,67303.16,67342.99,67302.63,67304.26,0.06019
2026-03-08 08:10:00,67354.86,67357.25,67244.9,67244.9,0.19545
2026-03-08 08:15:00,67183.48,67254.8,67183.48,67254.8,0.01236
2026-03-08 08:20:00,67270.18,67270.18,67270.18,67270.18,0.00036
2026-03-08 08:25:00,67270.18,67270.18,67270.18,67270.18,0.0
2026-03-08 08:30:00,67270.18,67270.18,67270.18,67270.18,0.00014
2026-03-08 08:35:00,67321.29,67321.29,67317.32,67317.32,0.00265
2026-03-08 08:40:00,67346.35,67526.32,67346.35,67514.86,0.88876
2026-03-08 08:45:00,67510.7,67528.52,67510.7,67528.52,0.00056
2026-03-08 08:50:00,67482.34,67534.1,67482.34,67534.1,0.00279
2026-03-08 08:55:00,67567.89,67568.48,67543.81,67543.81,0.0402
2026-03-08 09:00:00,67526.88,67531.16,67526.88,67531.16,0.04003
2026-03-08 09:05:00,67523.15,67533.17,67513.53,67513.54,0.04803
2026-03-08 09:10:00,67599.08,67842.63,67590.21,67781.96,0.26537
2026-03-08 09:15:00,67750.05,67855.8,67750.05,67764.58,0.10015
2026-03-08 09:20:00,67776.42,67776.42,67738.64,67738.64,0.04532
2026-03-08 09:25:00,67773.58,67773.58,67769.67,67769.67,0.04168
2026-03-08 09:30:00,67796.01,67796.01,67780.32,67780.32,0.08788
2026-03-08 09:35:00,67780.32,67780.32,67780.32,67780.32,0.0
2026-03-08 09:40:00,67749.27,67749.27,67739.69,67747.92,0.0872
2026-03-08 09:45:00,67728.81,67728.81,67728.81,67728.81,0.10217
2026-03-08 09:50:00,67732.44,67732.44,67723.28,67723.28,0.00103
2026-03-08 09:55:00,67711.54,67711.54,67691.02,67691.02,0.01733
2026-03-08 10:00:00,67751.65,67751.65,67751.65,67751.65,0.00015
2026-03-08 10:05:00,67818.92,67859.52,67818.92,67839.82,0.06038
2026-03-08 10:10:00,67861.39,67861.39,67861.39,67861.39,7e-05
2026-03-08 10:15:00,67881.36,67959.44,67881.36,67959.44,0.13222
2026-03-08 10:20:00,67982.08,68111.0,67982.08,68109.87,0.32145
2026-03-08 10:25:00,68113.42,68189.23,68110.11,68169.92,0.50172
2026-03-08 10:30:00,68030.0,68044.23,68030.0,68040.66,0.05629
2026-03-08 10:35:00,68055.55,68055.55,68009.58,68009.58,0.02591
2026-03-08 10:40:00,67957.44,67966.23,67946.62,67962.69,0.07249
2026-03-08 10:45:00,67962.69,67962.69,67962.69,67962.69,0.0
2026-03-08 10:50:00,67881.98,67881.98,67881.98,67881.98,0.04
2026-03-08 10:55:00,67881.98,67881.98,67881.98,67881.98,0.0
2026-03-08 11:00:00,67881.98,67881.98,67881.98,67881.98,0.0
2026-03-08 11:05:00,67698.13,67698.13,67473.4,67549.76,0.00572
2026-03-08 11:10:00,67595.88,67618.1,67582.66,67582.66,0.0174
2026-03-08 11:15:00,67589.49,67633.0,67589.49,67633.0,0.0004
2026-03-08 11:20:00,67601.21,67712.19,67601.21,67677.22,0.00945
2026-03-08 11:25:00,67732.26,67732.26,67687.53,67687.53,0.00101
2026-03-08 11:30:00,67779.67,67779.67,67591.03,67591.03,0.06703
2026-03-08 11:35:00,67569.87,67570.73,67529.17,67529.17,0.02833
2026-03-08 11:40:00,67436.49,67509.44,67435.9,67506.6,0.16796
2026-03-08 11:45:00,67519.93,67519.93,67519.92,67519.92,0.01839
2026-03-08 11:50:00,67505.42,67524.35,67491.31,67524.35,0.11767
2026-03-08 11:55:00,67537.48,67550.98,67506.41,67506.41,0.00299
2026-03-08 12:00:00,67498.53,67631.5,67498.53,67619.29,0.05531
2026-03-08 12:05:00,67495.69,67495.69,67268.4,67295.8,0.15095
2026-03-08 12:10:00,67369.68,67377.28,66992.67,67074.7,0.61121
2026-03-08 12:15:00,67075.8,67077.23,66904.75,67077.23,0.08302
2026-03-08 12:20:00,67284.44,67295.81,67284.44,67295.81,0.04109
2026-03-08 12:25:00,67295.81,67295.81,67295.81,67295.81,0.0
2026-03-08 12:30:00,67390.14,67390.14,67322.9,67327.6,0.0014
2026-03-08 12:35:00,67328.5,67348.5,67312.5,67312.5,0.00051
2026-03-08 12:40:00,67473.4,67473.4,67473.4,67473.4,0.0007
2026-03-08 12:45:00,67473.4,67473.4,67473.4,67473.4,0.0
2026-03-08 12:50:00,67364.25,67364.25,67364.25,67364.25,0.048
2026-03-08 12:55:00,67306.78,67306.78,67306.78,67306.78,0.00053
2026-03-08 13:00:00,67357.77,67361.2,67298.43,67302.26,0.00958
2026-03-08 13:05:00,67229.0,67291.11,67229.0,67284.57,0.00388
2026-03-08 13:10:00,67271.92,67308.46,67001.9,67001.9,0.40089
2026-03-08 13:15:00,66947.4,67103.45,66947.4,67103.45,0.06366
2026-03-08 13:20:00,67098.7,67121.02,66992.6,66998.9,0.00154
2026-03-08 13:25:00,66921.2,67163.3,66821.04,67163.3,0.18485
2026-03-08 13:30:00,67156.86,67156.86,67091.0,67091.0,0.0006
2026-03-08 13:35:00,67076.6,67098.63,67076.6,67078.22,0.00867
2026-03-08 13:40:00,67045.25,67045.26,66845.0,67043.93,0.37843
2026-03-08 13:45:00,67124.36,67124.36,67124.36,67124.36,0.00015
2026-03-08 13:50:00,67165.21,67210.0,67165.21,67210.0,0.04373
2026-03-08 13:55:00,67235.63,67280.25,67235.63,67243.67,0.19128
2026-03-08 14:00:00,67256.84,67300.0,67214.16,67300.0,0.09554
2026-03-08 14:05:00,67325.31,67360.0,67243.2,67269.44,0.05835
2026-03-08 14:10:00,67308.94,67328.17,67293.2,67325.32,0.00138
2026-03-08 14:15:00,67345.67,67416.69,67339.73,67339.73,0.16886
2026-03-08 14:20:00,67375.43,67375.43,67344.22,67344.22,0.09592
2026-03-08 14:25:00,67298.82,67298.82,67298.82,67298.82,0.00015
2026-03-08 14:30:00,67266.55,67340.28,67266.55,67340.28,0.08787
2026-03-08 14:35:00,67314.02,67314.02,67254.0,67254.0,0.00021
2026-03-08 14:40:00,67226.91,67226.91,67100.0,67121.58,0.15263
2026-03-08 14:45:00,67158.1,67158.1,67158.1,67158.1,0.00015
2026-03-08 14:50:00,67140.75,67234.56,67140.75,67234.56,0.04135
2026-03-08 14:55:00,67275.78,67367.82,67275.78,67367.82,0.00062
2026-03-08 15:00:00,67345.96,67348.07,67261.2,67301.87,0.0668
2026-03-08 15:05:00,67278.65,67359.92,67235.35,67359.92,0.00734
2026-03-08 15:10:00,67366.07,67367.49,67313.58,67339.73,0.09681
2026-03-08 15:15:00,67371.2,67371.2,67309.6,67309.6,0.00148
2026-03-08 15:20:00,67334.35,67336.41,67189.58,67209.99,0.11504
2026-03-08 15:25:00,67236.77,67236.77,67091.36,67108.0,0.00086
2026-03-08 15:30:00,67136.51,67149.66,67129.22,67129.22,0.00461
2026-03-08 15:35:00,67181.81,67181.81,67181.81,67181.81,0.0005
2026-03-08 15:40:00,67164.11,67164.11,67164.11,67164.11,0.00803
2026-03-08 15:45:00,67164.11,67164.11,67164.11,67164.11,0.0
2026-03-08 15:50:00,67111.21,67111.21,67111.21,67111.21,0.0042
2026-03-08 15:55:00,67170.61,67194.42,67170.61,67194.42,0.06021
2026-03-08 16:00:00,67173.3,67256.61,67168.36,67256.61,0.08496
2026-03-08 16:05:00,67258.14,67258.14,67202.47,67202.47,0.04787
2026-03-08 16:10:00,67210.22,67221.72,67119.97,67119.97,0.00284
2026-03-08 16:15:00,67117.64,67117.64,67101.07,67108.68,0.08807
2026-03-08 16:20:00,67125.25,67125.25,67086.6,67086.6,0.09257
2026-03-08 16:25:00,67086.6,67086.6,67086.6,67086.6,0.0
2026-03-08 16:30:00,67125.09,67125.09,67023.09,67023.09,0.1191
2026-03-08 16:35:00,67023.09,67023.09,67023.09,67023.09,0.0
2026-03-08 16:40:00,66974.78,67011.24,66960.71,67011.24,0.02181
2026-03-08 16:45:00,66986.33,66986.33,66892.63,66946.64,0.06645
2026-03-08 16:50:00,66890.12,66890.12,66890.12,66890.12,0.00075
2026-03-08 16:55:00,66900.87,66900.87,66800.0,66875.23,0.00347
2026-03-08 17:00:00,66876.56,67128.9,66819.24,67128.9,0.14868
2026-03-08 17:05:00,67159.97,67174.16,67109.58,67174.16,0.20873
2026-03-08 17:10:00,67117.03,67117.03,67058.24,67095.35,0.00257
2026-03-08 17:15:00,67109.75,67147.28,67083.55,67147.28,0.00033
2026-03-08 17:20:00,67125.29,67125.29,67117.77,67122.1,0.12835
2026-03-08 17:25:00,67123.49,67123.49,67054.78,67057.72,0.08906
2026-03-08 17:30:00,67020.11,67020.11,67018.2,67018.2,0.04225
2026-03-08 17:35:00,67042.35,67042.35,67042.35,67042.35,0.01304
2026-03-08 17:40:00,67042.35,67042.35,67042.35,67042.35,0.0
2026-03-08 17:45:00,67100.0,67100.0,67100.0,67100.0,5e-05
2026-03-08 17:50:00,67076.31,67076.31,67076.31,67076.31,0.04523
2026-03-08 17:55:00,67008.95,67008.95,66985.23,66985.23,0.08874
2026-03-08 18:00:00,67050.1,67050.1,66989.0,66991.79,0.04405
2026-03-08 18:05:00,67004.66,67004.66,66967.45,66967.45,0.00073
2026-03-08 18:10:00,66976.81,66993.85,66948.17,66960.48,0.02191
2026-03-08 18:15:00,66898.33,66898.33,66763.61,66763.61,0.13587
2026-03-08 18:20:00,66801.59,66930.23,66801.59,66905.86,0.17199
2026-03-08 18:25:00,66965.28,66967.11,66927.3,66927.3,0.00565
2026-03-08 18:30:00,66996.14,66996.14,66996.14,66996.14,0.0009
2026-03-08 18:35:00,66901.18,66901.18,66868.49,66868.49,0.00611
2026-03-08 18:40:00,66813.62,66819.1,66810.3,66819.1,0.0089
2026-03-08 18:45:00,66773.95,66794.61,66768.12,66794.61,0.05756
2026-03-08 18:50:00,66794.61,66794.61,66794.61,66794.61,0.0
2026-03-08 18:55:00,66867.61,66867.61,66867.61,66867.61,5e-05
2026-03-08 19:00:00,66789.14,66789.14,66789.14,66789.14,0.00828
2026-03-08 19:05:00,66889.17,66960.77,66889.17,66948.08,0.00194
2026-03-08 19:10:00,66972.8,67070.0,66953.44,67070.0,0.06433
2026-03-08 19:15:00,67047.08,67191.49,67047.08,67191.49,0.14303
2026-03-08 19:20:00,67159.06,67234.56,67159.06,67234.56,0.08449
2026-03-08 19:25:00,67230.11,67230.11,67230.11,67230.11,0.04133
2026-03-08 19:30:00,67230.11,67311.88,67230.11,67310.1,0.1436
2026-03-08 19:35:00,67336.91,67336.91,67320.84,67320.84,0.00887
2026-03-08 19:40:00,67296.37,67345.67,67296.37,67345.67,0.04773
2026-03-08 19:45:00,67392.9,67459.79,67391.56,67446.83,0.10619
2026-03-08 19:50:00,67419.19,67419.19,67309.07,67309.07,0.00129
2026-03-08 19:55:00,67324.35,67324.35,67324.35,67324.35,0.00015
2026-03-08 20:00:00,67279.17,67279.17,67279.17,67279.17,7e-05
2026-03-08 20:05:00,67207.29,67247.35,67207.29,67247.35,0.00041
2026-03-08 20:10:00,67149.95,67149.95,67100.0,67100.0,0.00336
2026-03-08 20:15:00,67111.96,67203.39,67073.92,67203.39,0.05827
2026-03-08 20:20:00,67169.25,67169.25,67078.24,67078.24,0.09559
2026-03-08 20:25:00,67078.24,67078.24,67078.24,67078.24,0.0
2026-03-08 20:30:00,67086.52,67311.18,67086.52,67298.18,0.35361
2026-03-08 20:35:00,67322.9,67508.89,67322.89,67443.86,0.16758
2026-03-08 20:40:00,67409.52,67409.52,67383.64,67383.64,0.00139
2026-03-08 20:45:00,67346.29,67371.68,67341.98,67344.02,0.09365
2026-03-08 20:50:00,67336.45,67342.15,67246.96,67246.96,0.32039
2026-03-08 20:55:00,67252.23,67252.23,67235.7,67235.7,0.02312
2026-03-08 21:00:00,67239.19,67252.75,67219.48,67225.42,0.08792
2026-03-08 21:05:00,67143.19,67154.39,66971.98,66993.25,0.16353
2026-03-08 21:10:00,66970.47,66970.47,66738.6,66853.74,0.26934
2026-03-08 21:15:00,66802.92,66850.61,66802.92,66850.55,0.05291
2026-03-08 21:20:00,66881.34,66935.62,66881.34,66935.62,0.00087
2026-03-08 21:25:00,66958.91,66982.69,66958.91,66979.78,0.05284
2026-03-08 21:30:00,67025.08,67025.08,67025.08,67025.08,0.00104
2026-03-08 21:35:00,66996.68,67010.87,66961.69,66979.58,0.15207
2026-03-08 21:40:00,67013.65,67013.65,66997.57,67008.75,0.0013
2026-03-08 21:45:00,67017.97,67036.43,67015.49,67015.49,0.0031
2026-03-08 21:50:00,66972.97,66972.97,66928.56,66942.43,0.00939
2026-03-08 21:55:00,66961.41,67010.35,66961.41,66998.97,0.0154
2026-03-08 22:00:00,66988.91,66991.12,65772.73,65772.73,1.63278
2026-03-08 22:05:00,65813.2,66173.7,65737.41,66035.84,0.18968
2026-03-08 22:10:00,66082.39,66082.39,65680.7,66013.37,0.09637
2026-03-08 22:15:00,66066.08,66161.27,65788.42,65788.42,0.21025
2026-03-08 22:20:00,65768.56,65768.56,65627.02,65644.34,0.13188
2026-03-08 22:25:00,65677.32,66006.25,65677.32,65932.98,0.26911
2026-03-08 22:30:00,65937.69,65945.65,65804.98,65945.65,0.04831
2026-03-08 22:35:00,66055.26,66287.65,66031.42,66031.42,0.31384
2026-03-08 22:40:00,66030.0,66055.77,66023.12,66041.99,0.02532
2026-03-08 22:45:00,66109.87,66312.48,66083.7,66259.03,0.06473
2026-03-08 22:50:00,66138.4,66138.4,66074.52,66074.52,0.01239
2026-03-08 22:55:00,66219.45,66219.45,66195.66,66195.66,0.01269
2026-03-08 23:00:00,66248.58,66398.28,66226.9,66379.82,0.05757
2026-03-08 23:05:00,66396.9,66437.71,66206.14,66206.14,0.05831
2026-03-08 23:10:00,66183.28,66325.91,66142.19,66325.91,0.00093
2026-03-08 23:15:00,66344.65,66344.65,66310.02,66310.02,0.05099
2026-03-08 23:20:00,66437.71,66547.76,66437.71,66547.76,0.04379
2026-03-08 23:25:00,66540.31,66540.31,66441.12,66441.12,0.20371
2026-03-08 23:30:00,66444.82,66452.92,66414.43,66414.43,0.0954
2026-03-08 23:35:00,66400.41,66400.41,66309.0,66309.0,0.0495
2026-03-08 23:40:00,66200.0,66247.37,66200.0,66224.19,0.00304
2026-03-08 23:45:00,66046.58,66046.58,66046.58,66046.58,0.00151
2026-03-08 23:50:00,66188.17,66192.81,66037.27,66037.27,0.02872
2026-03-08 23:55:00,66062.16,66081.38,65936.13,66007.38,0.0595
2026-03-09 00:00:00,65992.98,66128.02,65976.66,66128.02,0.16287
2026-03-09 00:05:00,66158.31,66314.5,66158.31,66286.77,0.19813
2026-03-09 00:10:00,66312.0,66409.27,66305.62,66305.62,0.05667
2026-03-09 00:15:00,66250.83,66339.95,66250.82,66339.95,0.02008
2026-03-09 00:20:00,66201.22,66201.22,65989.64,65989.64,0.01813
2026-03-09 00:25:00,65996.9,66073.72,65889.08,66073.72,0.0982
2026-03-09 00:30:00,66206.19,66506.58,66206.19,66399.84,0.71147
2026-03-09 00:35:00,66571.16,66738.6,66532.21,66537.06,0.02265
2026-03-09 00:40:00,66527.3,66527.3,66394.4,66400.96,0.00331
2026-03-09 00:45:00,66475.39,66559.09,66381.25,66417.88,0.04963
2026-03-09 00:50:00,66407.81,66485.34,66312.48,66312.48,0.1371
2026-03-09 00:55:00,66323.54,66421.71,66276.61,66363.72,0.01015
2026-03-09 01:00:00,66358.39,66393.97,66240.41,66240.41,0.04166
2026-03-09 01:05:00,66200.0,66295.4,66196.49,66196.79,0.04247
2026-03-09 01:10:00,66265.15,66408.4,66265.15,66377.72,0.05277
2026-03-09 01:15:00,66347.83,66424.3,66298.71,66355.7,0.28729
2026-03-09 01:20:00,66335.35,66538.62,66295.38,66538.62,0.02145
2026-03-09 01:25:00,66579.24,66603.83,66467.57,66467.57,0.1639
2026-03-09 01:30:00,66406.19,66666.44,66406.19,66666.44,0.11703
2026-03-09 01:35:00,66612.37,66640.15,66612.37,66640.15,0.06307
2026-03-09 01:40:00,66576.14,66620.1,66569.03,66620.1,0.0143
2026-03-09 01:45:00,66623.86,66623.86,66401.9,66507.05,0.22997
2026-03-09 01:50:00,66494.4,66494.4,66449.61,66465.8,0.04448
2026-03-09 01:55:00,66444.3,66444.3,66196.49,66246.62,0.10159
2026-03-09 02:00:00,66153.73,66240.31,66153.73,66209.99,0.08036
2026-03-09 02:05:00,66103.6,66242.07,66094.65,66242.07,0.00157
2026-03-09 02:10:00,66214.54,66296.24,66166.96,66166.96,0.01424
2026-03-09 02:15:00,66163.95,66163.95,65987.36,65998.06,0.08842
2026-03-09 02:20:00,65993.57,66144.26,65971.12,66144.26,0.15966
2026-03-09 02:25:00,66094.16,66094.16,66094.16,66094.16,0.00017
2026-03-09 02:30:00,66154.92,66154.92,66154.92,66154.92,0.00779
2026-03-09 02:35:00,66322.94,66500.0,66322.94,66469.61,0.03256
2026-03-09 02:40:00,66457.22,66509.51,66457.22,66507.05,0.04373
2026-03-09 02:45:00,66585.91,66609.4,66552.87,66590.2,0.12806
2026-03-09 02:50:00,66648.45,66648.52,66620.65,66627.34,0.42717
2026-03-09 02:55:00,66647.71,66647.71,66567.69,66618.13,0.28627
2026-03-09 03:00:00,66608.88,66934.83,66608.88,66934.83,0.1787
2026-03-09 03:05:00,66897.2,67214.27,66897.2,67150.2,0.15375
2026-03-09 03:10:00,67225.3,67443.27,67225.3,67364.97,0.70002
2026-03-09 03:15:00,67485.35,67660.0,67417.86,67660.0,0.23101
2026-03-09 03:20:00,67468.1,67468.1,67108.44,67109.2,0.12457
2026-03-09 03:25:00,67143.73,67217.64,67143.73,67217.64,0.05464
2026-03-09 03:30:00,67249.94,67323.74,67220.39,67323.74,0.00537
2026-03-09 03:35:00,67216.6,67272.49,67129.17,67129.98,0.09679
2026-03-09 03:40:00,67100.0,67100.0,67100.0,67100.0,0.00075
2026-03-09 03:45:00,67135.3,67135.3,67135.06,67135.06,0.08722
2026-03-09 03:50:00,67145.33,67219.6,67081.46,67081.46,0.13243
2026-03-09 03:55:00,67155.58,67166.04,67155.58,67166.04,0.00261
2026-03-09 04:00:00,67209.45,67277.47,67209.45,67245.74,0.04485
2026-03-09 04:05:00,67237.9,67292.72,67198.21,67198.21,0.04459
2026-03-09 04:10:00,67275.95,67275.95,67182.15,67182.15,0.05414
2026-03-09 04:15:00,67217.78,67249.6,67217.78,67236.87,0.00904
2026-03-09 04:20:00,67308.39,67362.75,67308.39,67333.98,0.0546
2026-03-09 04:25:00,67400.0,67599.08,67400.0,67558.3,0.09547
2026-03-09 04:30:00,67566.4,67576.0,67492.7,67527.94,0.10307
2026-03-09 04:35:00,67527.94,67527.94,67527.94,67527.94,0.0
2026-03-09 04:40:00,67504.35,67522.83,67418.64,67522.83,0.12875
2026-03-09 04:45:00,67522.83,67522.83,67522.83,67522.83,0.0
2026-03-09 04:50:00,67408.7,67408.7,67384.15,67384.15,0.0045
2026-03-09 04:55:00,67346.65,67346.65,67117.0,67117.0,0.16142
2026-03-09 05:00:00,67144.37,67237.01,67141.6,67213.25,0.05017
2026-03-09 05:05:00,67269.62,67269.62,67206.57,67206.57,0.04867
2026-03-09 05:10:00,67191.76,67191.76,67151.11,67177.52,0.00193
2026-03-09 05:15:00,67172.0,67190.5,67145.24,67145.24,0.00601
2026-03-09 05:20:00,67145.24,67145.24,67145.24,67145.24,0.0
2026-03-09 05:25:00,67378.37,67378.37,67378.37,67378.37,0.00095
2026-03-09 05:30:00,67368.09,67599.08,67368.09,67596.77,0.04653
2026-03-09 05:35:00,67594.48,67594.48,67499.22,67567.77,0.0477
2026-03-09 05:40:00,67595.71,67954.55,67595.71,67832.84,0.46226
2026-03-09 05:45:00,67902.6,68029.79,67845.41,68029.79,0.15811
2026-03-09 05:50:00,68033.47,68116.02,67861.18,67868.61,0.26803
2026-03-09 05:55:00,67833.67,67833.68,67833.67,67833.68,0.0121
2026-03-09 06:00:00,67912.15,67912.15,67839.6,67839.6,0.01098
2026-03-09 06:05:00,67735.88,67735.88,67623.27,67639.3,0.09414
2026-03-09 06:10:00,67636.07,67688.33,67599.08,67632.49,0.1516
2026-03-09 06:15:00,67675.18,67675.18,67675.18,67675.18,0.01348
2026-03-09 06:20:00,67569.02,67569.02,67522.82,67522.82,0.00438
2026-03-09 06:25:00,67544.21,67544.21,67495.26,67522.82,0.55401
2026-03-09 06:30:00,67544.44,67544.44,67522.82,67522.82,0.04521
2026-03-09 06:35:00,67395.19,67395.19,67362.48,67387.03,0.00446
2026-03-09 06:40:00,67349.14,67376.29,67349.14,67376.29,0.0011
2026-03-09 06:45:00,67313.25,67339.01,67290.73,67333.76,0.07081
2026-03-09 06:50:00,67333.38,67333.38,67276.7,67276.7,0.00104
2026-03-09 06:55:00,67314.03,67314.03,67270.3,67270.3,0.12664
2026-03-09 07:00:00,67237.47,67298.8,67167.46,67179.87,0.00442
2026-03-09 07:05:00,67171.07,67250.78,67171.07,67250.78,0.04644
2026-03-09 07:10:00,67257.21,67320.22,67253.85,67268.69,0.0457
2026-03-09 07:15:00,67122.6,67122.6,66904.75,66974.88,0.2366
2026-03-09 07:20:00,67049.97,67049.97,67049.97,67049.97,0.04
2026-03-09 07:25:00,67209.83,67272.53,67209.83,67232.61,0.08367
2026-03-09 07:30:00,67254.54,67332.29,67254.54,67281.0,0.10279
2026-03-09 07:35:00,67384.4,67453.02,67332.29,67450.58,0.10869
2026-03-09 07:40:00,67468.9,67468.9,67468.9,67468.9,0.00127
2026-03-09 07:45:00,67422.53,67422.53,67422.53,67422.53,0.0081
2026-03-09 07:50:00,67420.9,67437.32,67420.9,67437.32,0.04083
2026-03-09 07:55:00,67522.82,67562.98,67522.82,67562.98,0.00827
2026-03-09 08:00:00,67562.97,67601.54,67495.14,67512.1,0.1907
2026-03-09 08:05:00,67510.77,67563.78,67503.83,67563.78,0.00029
2026-03-09 08:10:00,67563.78,67563.78,67563.78,67563.78,0.0
2026-03-09 08:15:00,67468.58,67534.33,67463.28,67534.33,0.01601
2026-03-09 08:20:00,67698.13,67763.0,67698.13,67732.81,0.01095
2026-03-09 08:25:00,67726.77,67816.28,67726.77,67805.0,0.12833
2026-03-09 08:30:00,67776.09,67776.09,67776.09,67776.09,2e-05
2026-03-09 08:35:00,67882.63,67882.63,67718.39,67718.39,0.05469
2026-03-09 08:40:00,67716.84,67806.2,67716.84,67806.2,0.44845
2026-03-09 08:45:00,67834.75,67834.75,67756.14,67756.14,0.05531
2026-03-09 08:50:00,67891.23,67891.23,67891.23,67891.23,0.14379
2026-03-09 08:55:00,67856.48,67881.6,67800.91,67800.91,0.01307
2026-03-09 09:00:00,67790.25,67790.25,67785.51,67785.51,0.04088
2026-03-09 09:05:00,67662.1,67662.1,67605.64,67657.81,0.02771
2026-03-09 09:10:00,67661.6,67792.8,67661.6,67785.68,0.03023
2026-03-09 09:15:00,67863.55,67948.07,67861.37,67948.07,0.06851
2026-03-09 09:20:00,67834.08,67975.35,67834.08,67975.35,0.01851
2026-03-09 09:25:00,68000.0,68033.47,68000.0,68012.18,0.03399
2026-03-09 09:30:00,67955.32,68262.47,67955.32,68151.72,0.09247
2026-03-09 09:35:00,68269.68,68362.97,68245.36,68252.32,0.00614
2026-03-09 09:40:00,68288.63,68453.34,68288.63,68453.34,0.19962
2026-03-09 09:45:00,68338.54,68338.54,68226.89,68242.03,0.09654
2026-03-09 09:50:00,68213.25,68213.25,68096.32,68096.32,0.02123
2026-03-09 09:55:00,68102.22,68107.1,67996.91,67996.91,0.23774
2026-03-09 10:00:00,68020.04,68040.2,67925.42,67925.42,0.00134
2026-03-09 10:05:00,68043.05,68043.05,68029.43,68029.43,0.08801
2026-03-09 10:10:00,67983.65,67983.65,67970.95,67979.47,0.04056
2026-03-09 10:15:00,67861.43,67887.6,67799.56,67856.07,0.15985
2026-03-09 10:20:00,67867.2,67890.76,67867.2,67890.76,0.00476
2026-03-09 10:25:00,67806.55,67809.44,67806.55,67809.44,0.0438
2026-03-09 10:30:00,67784.38,67831.86,67763.0,67831.86,0.00416
2026-03-09 10:35:00,67817.29,67817.29,67698.13,67731.48,0.04888
2026-03-09 10:40:00,67703.38,67710.43,67599.08,67689.22,0.00747
2026-03-09 10:45:00,67666.62,67687.27,67666.62,67687.27,0.04604
2026-03-09 10:50:00,67676.97,67679.19,67636.13,67679.19,0.05582
2026-03-09 10:55:00,67651.3,67651.3,67563.78,67615.85,0.06378
2026-03-09 11:00:00,67615.85,67615.85,67615.85,67615.85,0.0
2026-03-09 11:05:00,67677.8,67742.01,67611.78,67741.42,0.12238
2026-03-09 11:10:00,67732.95,67743.42,67717.65,67717.65,0.0437
2026-03-09 11:15:00,67526.32,67526.32,67435.08,67435.08,0.17982
2026-03-09 11:20:00,67395.19,67532.05,67350.81,67532.05,0.32091
2026-03-09 11:25:00,67514.35,67514.35,67457.43,67483.61,0.1213
2026-03-09 11:30:00,67536.45,67536.45,67501.62,67501.62,0.10274
2026-03-09 11:35:00,67653.42,67653.42,67593.38,67593.38,0.00151
2026-03-09 11:40:00,67658.48,67658.48,67614.08,67635.02,0.08403
2026-03-09 11:45:00,67650.66,67714.58,67632.25,67632.25,0.00496
2026-03-09 11:50:00,67596.64,67806.51,67579.44,67777.4,0.00892
2026-03-09 11:55:00,67853.9,67862.01,67762.25,67762.25,0.06302
2026-03-09 12:00:00,67779.73,67890.81,67754.5,67890.81,0.04528
2026-03-09 12:05:00,67866.66,67881.38,67852.9,67873.59,0.15373
2026-03-09 12:10:00,67853.07,67855.01,67801.84,67818.56,0.39462
2026-03-09 12:15:00,67925.42,67939.63,67925.42,67937.71,0.00217
2026-03-09 12:20:00,67984.02,68064.92,67979.2,68064.92,0.07261
2026-03-09 12:25:00,68028.62,68049.66,68028.62,68049.66,0.08883
2026-03-09 12:30:00,68160.27,68160.27,68002.18,68002.18,0.15819
2026-03-09 12:35:00,68014.77,68330.43,68014.77,68285.22,0.37616
2026-03-09 12:40:00,68244.19,68334.52,68130.5,68130.5,0.15786
2026-03-09 12:45:00,68131.69,68154.76,68105.67,68105.67,0.00974
2026-03-09 12:50:00,68084.92,68099.18,68084.92,68099.18,0.00048
2026-03-09 12:55:00,68181.02,68203.58,68126.14,68203.58,0.0589
2026-03-09 13:00:00,68183.51,68232.33,68165.66,68232.33,0.08492
2026-03-09 13:05:00,68314.11,68314.11,68253.41,68266.67,0.01132
2026-03-09 13:10:00,68323.07,68561.99,68323.07,68477.47,0.23451
2026-03-09 13:15:00,68384.4,68384.4,68384.4,68384.4,5e-05
2026-03-09 13:20:00,68231.25,68231.29,68193.77,68219.99,0.06325
2026-03-09 13:25:00,68220.0,68779.2,68220.0,68700.88,0.61838
2026-03-09 13:30:00,68735.8,69001.24,68678.67,69001.24,0.51227
2026-03-09 13:35:00,69000.0,69000.0,68783.06,68783.06,0.1394
2026-03-09 13:40:00,68852.41,69267.17,68852.41,69267.17,0.03694
2026-03-09 13:45:00,69197.29,69278.83,68947.37,68947.37,0.3266
2026-03-09 13:50:00,68853.65,69055.35,68853.65,68925.6,0.03617
2026-03-09 13:55:00,69022.94,69026.52,69022.94,69026.52,0.00045
2026-03-09 14:00:00,68997.74,69237.25,68997.74,69029.25,0.0242
2026-03-09 14:05:00,69102.19,69102.19,68753.87,68776.96,0.08704
2026-03-09 14:10:00,68737.84,68856.2,68724.94,68856.2,0.08723
2026-03-09 14:15:00,69085.08,69218.36,69051.36,69072.91,0.15584
2026-03-09 14:20:00,69066.95,69201.67,69010.93,69107.34,0.03222
2026-03-09 14:25:00,69248.73,69248.73,69049.75,69136.91,0.08828
2026-03-09 14:30:00,69283.94,69320.7,69126.12,69128.36,0.06052
2026-03-09 14:35:00,69216.95,69420.0,69216.95,69348.62,0.04929
2026-03-09 14:40:00,69392.18,69471.92,69331.33,69341.76,0.27319
2026-03-09 14:45:00,69399.54,69399.54,69207.86,69207.86,0.24213
2026-03-09 14:50:00,69235.3,69235.3,69235.3,69235.3,0.00105
2026-03-09 14:55:00,69211.61,69211.61,69131.78,69147.49,0.06778
2026-03-09 15:00:00,69218.44,69230.59,69153.31,69153.31,0.00428
2026-03-09 15:05:00,69235.39,69274.33,69027.29,69027.29,0.31706
2026-03-09 15:10:00,69051.71,69158.26,69017.64,69135.44,0.06191
2026-03-09 15:15:00,69223.07,69223.07,69000.0,69000.0,0.05207
2026-03-09 15:20:00,69065.28,69138.11,69049.44,69108.27,0.04166
2026-03-09 15:25:00,69117.95,69155.79,69050.96,69050.96,0.03218
2026-03-09 15:30:00,69055.84,69055.84,68900.0,68993.9,0.09166
2026-03-09 15:35:00,68810.0,68883.99,68750.0,68784.16,0.26077
2026-03-09 15:40:00,68807.91,68814.06,68747.97,68753.61,0.05977
2026-03-09 15:45:00,68882.72,68882.72,68855.82,68873.89,0.01788
2026-03-09 15:50:00,68850.47,68893.73,68794.64,68893.73,0.48507
2026-03-09 15:55:00,68913.53,69055.35,68913.53,69024.16,0.03198
2026-03-09 16:00:00,68851.03,68998.39,68817.54,68941.41,0.06734
2026-03-09 16:05:00,68978.08,69025.38,68869.84,68869.84,0.06195
2026-03-09 16:10:00,68843.13,68843.13,68750.29,68820.64,0.01666
2026-03-09 16:15:00,68804.18,68812.14,68800.0,68812.14,0.86198
2026-03-09 16:20:00,68850.8,68915.49,68850.8,68915.49,0.01918
2026-03-09 16:25:00,68867.35,69005.78,68867.35,69005.78,0.05089
2026-03-09 16:30:00,68993.57,68993.57,68680.34,68738.1,0.02624
2026-03-09 16:35:00,68807.99,68807.99,68807.99,68807.99,0.00768
2026-03-09 16:40:00,69024.91,69125.0,69024.91,69113.29,0.1007
2026-03-09 16:45:00,69014.46,69042.33,68982.4,68989.8,0.00477
2026-03-09 16:50:00,69141.46,69189.68,69141.46,69189.68,0.18399
2026-03-09 16:55:00,68967.11,68967.11,68964.9,68964.9,0.04216
2026-03-09 17:00:00,68993.9,68993.9,68913.01,68949.14,0.00896
2026-03-09 17:05:00,68979.1,69049.09,68979.1,69023.83,0.00291
2026-03-09 17:10:00,69061.83,69073.55,68982.55,68982.55,0.01337
2026-03-09 17:15:00,68982.55,68982.55,68982.55,68982.55,0.0
2026-03-09 17:20:00,68890.2,68890.2,68737.84,68737.84,0.0488
2026-03-09 17:25:00,68744.67,68744.68,68616.99,68616.99,0.0632
2026-03-09 17:30:00,68615.6,68738.31,68589.74,68673.05,0.09888
2026-03-09 17:35:00,68720.04,68720.04,68431.0,68431.0,0.13199
2026-03-09 17:40:00,68375.07,68424.72,68258.5,68414.71,0.04523
2026-03-09 17:45:00,68446.45,68506.27,68421.54,68467.96,0.06537
2026-03-09 17:50:00,68521.01,68627.14,68521.01,68627.14,0.0094
2026-03-09 17:55:00,68624.92,68655.14,68592.01,68653.67,0.05133
2026-03-09 18:00:00,68579.8,68598.91,68487.79,68491.64,0.01733
2026-03-09 18:05:00,68413.64,68458.56,68240.84,68358.7,0.14431
2026-03-09 18:10:00,68409.21,68485.3,68409.21,68463.93,0.01443
2026-03-09 18:15:00,68451.98,68632.36,68451.98,68632.36,0.05943
2026-03-09 18:20:00,68603.69,68603.69,68580.22,68580.23,0.01023
2026-03-09 18:25:00,68577.79,68577.79,68555.64,68555.64,0.06437
2026-03-09 18:30:00,68622.93,68680.5,68572.7,68680.5,0.32203
2026-03-09 18:35:00,68631.75,68631.75,68510.41,68510.41,0.01613
2026-03-09 18:40:00,68510.41,68510.41,68510.41,68510.41,0.0
2026-03-09 18:45:00,68478.04,68478.04,68478.04,68478.04,0.0001
2026-03-09 18:50:00,68423.07,68423.07,68423.07,68423.07,0.00103
2026-03-09 18:55:00,68400.13,68400.13,68343.08,68343.08,0.01531
2026-03-09 19:00:00,68461.89,68487.53,68461.89,68487.53,0.00175
2026-03-09 19:05:00,68455.82,68510.71,68455.82,68484.24,0.0031
2026-03-09 19:10:00,68500.19,68500.19,68433.3,68433.3,0.01013
2026-03-09 19:15:00,68425.48,68787.78,68425.48,68787.78,0.09593
2026-03-09 19:20:00,68803.76,69043.48,68729.51,68951.85,0.06815
2026-03-09 19:25:00,69114.73,69360.0,69114.73,69190.89,0.114
2026-03-09 19:30:00,69381.93,69519.89,69260.33,69303.01,0.23476
2026-03-09 19:35:00,69242.41,69250.34,69005.73,69058.52,0.0662
2026-03-09 19:40:00,68964.17,68964.17,68869.22,68900.87,0.039
2026-03-09 19:45:00,68900.87,68900.87,68900.87,68900.87,0.0
2026-03-09 19:50:00,68900.87,68900.87,68900.87,68900.87,0.0
2026-03-09 19:55:00,68935.98,69007.67,68935.98,69007.67,0.0486
2026-03-09 20:00:00,69006.03,69155.86,68973.33,69006.89,0.05537
2026-03-09 20:05:00,69043.95,69082.17,68962.34,69082.17,0.01208
2026-03-09 20:10:00,68931.31,69032.73,68931.31,69006.39,0.09264
2026-03-09 20:15:00,69004.64,69052.53,68993.55,69052.53,0.05729
2026-03-09 20:20:00,68968.3,68976.48,68968.3,68976.48,0.00011
2026-03-09 20:25:00,68956.93,68956.93,68956.93,68956.93,0.00058
2026-03-09 20:30:00,68905.82,68933.66,68814.49,68814.49,0.02179
2026-03-09 20:35:00,68864.72,68895.91,68864.72,68895.91,0.05252
2026-03-09 20:40:00,68895.22,68925.6,68895.22,68925.6,0.07361
2026-03-09 20:45:00,68853.18,68853.18,68821.14,68821.14,0.01714
2026-03-09 20:50:00,68768.4,68780.26,68768.4,68780.26,0.00125
2026-03-09 20:55:00,69011.98,69011.98,69011.98,69011.98,0.00035
2026-03-09 21:00:00,69084.75,69115.41,69072.05,69079.83,0.05106
2026-03-09 21:05:00,69079.96,69090.6,69050.39,69050.39,0.04954
2026-03-09 21:10:00,69022.28,69097.17,69008.86,69043.97,0.04153
2026-03-09 21:15:00,69063.8,69085.42,69020.52,69020.52,0.00054
2026-03-09 21:20:00,68949.36,68949.36,68852.07,68852.07,0.11311
2026-03-09 21:25:00,68899.46,68900.82,68899.46,68900.82,0.08
2026-03-09 21:30:00,68828.48,68892.24,68828.48,68890.73,0.02219
2026-03-09 21:35:00,68925.53,68925.53,68925.53,68925.53,0.00019
2026-03-09 21:40:00,68753.22,69005.7,68680.34,68958.61,0.15462
2026-03-09 21:45:00,68959.3,68959.3,68905.7,68929.88,0.07697
2026-03-09 21:50:00,68968.34,68995.0,68968.34,68995.0,0.00159
2026-03-09 21:55:00,68975.61,68990.92,68975.61,68983.64,0.05559
2026-03-09 22:00:00,68959.94,69071.91,68935.35,68938.28,0.03012
2026-03-09 22:05:00,68804.85,68854.57,68804.85,68820.27,0.00194
2026-03-09 22:10:00,68744.1,68744.1,68711.43,68711.43,0.00155
2026-03-09 22:15:00,68798.08,68798.08,68798.08,68798.08,0.00014
2026-03-09 22:20:00,68770.24,68770.24,68770.24,68770.24,0.00209
2026-03-09 22:25:00,68849.91,68849.91,68849.91,68849.91,0.00066
2026-03-09 22:30:00,68867.39,68874.79,68817.39,68817.39,0.00172
2026-03-09 22:35:00,68826.71,68826.71,68615.6,68623.69,0.1864
2026-03-09 22:40:00,68674.95,68739.22,68656.19,68739.22,0.14087
2026-03-09 22:45:00,68717.17,68717.17,68681.4,68681.4,0.09652
2026-03-09 22:50:00,68719.9,68719.9,68603.66,68634.0,0.02923
2026-03-09 22:55:00,68634.0,68634.0,68634.0,68634.0,0.0
2026-03-09 23:00:00,68638.98,68644.1,68584.35,68624.92,0.05864
2026-03-09 23:05:00,68593.41,68691.48,68586.08,68691.48,0.00085
2026-03-09 23:10:00,68691.0,68716.59,68674.13,68680.8,0.00285
2026-03-09 23:15:00,68657.24,68657.24,68565.23,68565.23,0.00156
2026-03-09 23:20:00,68559.31,68615.95,68527.83,68615.95,0.04982
2026-03-09 23:25:00,68608.56,68608.56,68608.56,68608.56,0.04
2026-03-09 23:30:00,68575.73,68594.14,68575.73,68589.0,0.0702
2026-03-09 23:35:00,68589.0,68589.0,68589.0,68589.0,0.0
2026-03-09 23:40:00,68566.57,68580.5,68539.71,68539.71,0.12333
2026-03-09 23:45:00,68500.0,68500.0,68488.4,68489.41,0.1414
2026-03-09 23:50:00,68470.68,68470.68,68439.65,68453.15,0.00758
2026-03-09 23:55:00,68435.52,68435.52,68374.92,68374.92,0.01092
2026-03-10 00:00:00,68404.53,68492.14,68404.53,68469.92,0.09889
2026-03-10 00:05:00,68448.15,68482.52,68432.27,68482.52,0.10589
2026-03-10 00:10:00,68437.89,68473.55,68421.66,68421.66,0.05443
2026-03-10 00:15:00,68407.75,68654.64,68407.75,68654.64,0.12818
2026-03-10 00:20:00,68654.64,68654.64,68654.64,68654.64,0.0
2026-03-10 00:25:00,68744.95,69020.24,68744.95,69020.24,0.15615
2026-03-10 00:30:00,68927.58,69038.06,68901.91,69038.06,0.15689
2026-03-10 00:35:00,69066.04,69207.55,68966.12,69163.14,0.51718
2026-03-10 00:40:00,69197.71,69197.71,69151.78,69157.19,0.08855
2026-03-10 00:45:00,69157.19,69303.15,69139.45,69217.44,0.32591
2026-03-10 00:50:00,69185.77,69185.77,69140.92,69140.92,0.00018
2026-03-10 00:55:00,69090.64,69093.68,69045.25,69093.68,0.04034
2026-03-10 01:00:00,69107.3,69242.99,69100.42,69100.42,0.0023
2026-03-10 01:05:00,69107.38,69186.65,69107.38,69160.09,0.00397
2026-03-10 01:10:00,69177.66,69177.66,69117.77,69117.77,0.02233
2026-03-10 01:15:00,69100.03,69100.03,68915.13,68918.82,0.0028
2026-03-10 01:20:00,68897.35,68916.0,68897.35,68916.0,0.00728
2026-03-10 01:25:00,69010.74,69017.42,69010.74,69017.42,0.00874
2026-03-10 01:30:00,68986.28,69004.52,68980.34,68986.2,0.14816
2026-03-10 01:35:00,68797.69,68822.1,68797.69,68822.1,0.05037
2026-03-10 01:40:00,68886.07,68983.23,68886.07,68982.72,0.02208
2026-03-10 01:45:00,68974.54,69008.64,68974.54,69008.63,0.14347
2026-03-10 01:50:00,69283.4,69299.36,69283.4,69299.36,0.00152
2026-03-10 01:55:00,69253.31,69353.46,69253.31,69327.16,0.41706
2026-03-10 02:00:00,69279.25,69356.89,69180.21,69180.21,0.18948
2026-03-10 02:05:00,69157.82,69188.67,69132.34,69145.2,0.00829
2026-03-10 02:10:00,69182.59,69245.68,69168.37,69245.68,0.02484
2026-03-10 02:15:00,69251.29,69251.29,69181.29,69181.29,0.04451
2026-03-10 02:20:00,69310.73,69310.73,69310.73,69310.73,0.01947
2026-03-10 02:25:00,69190.94,69275.53,69190.94,69275.53,0.06418
2026-03-10 02:30:00,69415.49,70022.6,69415.49,70004.24,0.44407
2026-03-10 02:35:00,70017.32,70185.2,69951.29,69951.29,1.08519
2026-03-10 02:40:00,70043.08,70448.95,70043.08,70322.64,0.18519
2026-03-10 02:45:00,70333.41,70569.36,70290.59,70569.36,2.43162
2026-03-10 02:50:00,70527.9,70527.9,70362.55,70362.55,0.28113
2026-03-10 02:55:00,70362.61,70368.55,70255.99,70261.29,0.05941
2026-03-10 03:00:00,70249.66,70308.4,70066.72,70066.72,0.02408
2026-03-10 03:05:00,70072.85,70172.5,70072.85,70171.55,0.03288
2026-03-10 03:10:00,70212.71,70232.98,70200.09,70200.09,0.00409
2026-03-10 03:15:00,70175.2,70231.34,70172.72,70231.34,0.09166
2026-03-10 03:20:00,70174.9,70194.03,70174.9,70194.03,0.00037
2026-03-10 03:25:00,70171.16,70174.66,70132.92,70174.66,0.02046
2026-03-10 03:30:00,70108.61,70122.56,70078.21,70122.56,0.0163
2026-03-10 03:35:00,70069.71,70069.71,70035.42,70061.64,0.40648
2026-03-10 03:40:00,70025.21,70025.21,69858.1,69858.1,0.00274
2026-03-10 03:45:00,69800.67,69800.67,69441.45,69555.9,0.16598
2026-03-10 03:50:00,69408.43,69457.41,69408.43,69457.41,0.00275
2026-03-10 03:55:00,69528.62,69594.36,69457.41,69539.25,0.22121
2026-03-10 04:00:00,69453.26,69618.1,69453.26,69611.42,0.00326
2026-03-10 04:05:00,69615.66,69656.82,69544.75,69582.9,0.03266
2026-03-10 04:10:00,69662.6,69759.49,69662.6,69745.47,0.00567
2026-03-10 04:15:00,69710.57,69710.57,69596.4,69618.5,0.10072
2026-03-10 04:20:00,69640.74,69785.72,69640.74,69728.6,0.04212
2026-03-10 04:25:00,69782.83,69782.83,69782.83,69782.83,0.00768
2026-03-10 04:30:00,69836.03,69858.1,69836.03,69858.1,0.00042
2026-03-10 04:35:00,69932.22,69981.31,69932.22,69968.57,0.04089
2026-03-10 04:40:00,69958.75,69993.46,69958.75,69968.7,0.05205
2026-03-10 04:45:00,69953.26,69953.26,69871.34,69912.6,0.01943
2026-03-10 04:50:00,69934.85,69934.85,69858.26,69911.58,0.01488
2026-03-10 04:55:00,69990.0,70144.4,69990.0,70028.47,0.00746
2026-03-10 05:00:00,70057.47,70241.08,70027.16,70241.08,0.00778
2026-03-10 05:05:00,70177.41,70238.35,70177.41,70194.6,0.00758
2026-03-10 05:10:00,70243.14,70337.2,70177.3,70224.17,0.02561
2026-03-10 05:15:00,70133.21,70309.6,70133.21,70309.6,0.01903
2026-03-10 05:20:00,70158.16,70165.44,70158.16,70165.44,0.00287
2026-03-10 05:25:00,70100.63,70100.63,70029.03,70029.03,0.01826
2026-03-10 05:30:00,70069.9,70134.33,70069.9,70112.69,0.04032
2026-03-10 05:35:00,70112.49,70112.49,69979.06,69979.06,0.00238
2026-03-10 05:40:00,69974.56,69974.56,69930.73,69930.73,0.00026
2026-03-10 05:45:00,69930.73,69930.73,69930.73,69930.73,0.0
2026-03-10 05:50:00,69924.48,69960.2,69924.48,69960.2,0.00078
2026-03-10 05:55:00,69959.23,69959.23,69959.23,69959.23,0.00071
2026-03-10 06:00:00,69941.06,69941.06,69941.06,69941.06,0.00057
2026-03-10 06:05:00,69900.82,69900.82,69878.16,69890.53,0.00527
2026-03-10 06:10:00,69928.49,69928.49,69858.1,69859.77,0.0143
2026-03-10 06:15:00,69841.71,69841.71,69799.13,69804.31,0.0021
2026-03-10 06:20:00,69813.95,69813.95,69759.49,69772.28,0.00979
2026-03-10 06:25:00,70020.74,70112.32,70020.74,70104.09,0.04463
2026-03-10 06:30:00,70120.8,70138.3,70041.95,70041.95,0.04048
2026-03-10 06:35:00,70041.95,70041.95,70041.95,70041.95,0.0
2026-03-10 06:40:00,70041.95,70041.95,70041.95,70041.95,0.0
2026-03-10 06:45:00,69960.81,69972.69,69932.19,69962.3,0.06328
2026-03-10 06:50:00,70035.52,70035.52,69956.07,69956.07,0.01559
2026-03-10 06:55:00,69881.55,69983.4,69881.55,69983.4,0.04749
2026-03-10 07:00:00,69938.89,69938.89,69839.76,69850.9,0.07777
2026-03-10 07:05:00,69875.93,70277.25,69875.93,70150.62,0.53207
2026-03-10 07:10:00,70154.05,70439.26,70154.05,70273.47,0.10145
2026-03-10 07:15:00,70323.64,70394.08,70322.37,70394.08,0.03147
2026-03-10 07:20:00,70380.2,70523.9,70331.28,70523.9,0.09968
2026-03-10 07:25:00,70343.03,70365.77,70340.04,70340.04,0.0071
2026-03-10 07:30:00,70340.04,70340.04,70323.02,70323.02,0.00927
2026-03-10 07:35:00,70312.42,70312.42,70312.42,70312.42,0.0042
2026-03-10 07:40:00,70364.25,70389.69,70335.13,70335.13,0.03343
2026-03-10 07:45:00,70348.6,70402.3,70348.6,70402.3,0.00755
2026-03-10 07:50:00,70490.4,70490.4,70408.0,70408.0,0.00032
2026-03-10 07:55:00,70373.22,70373.22,70341.76,70341.76,0.00855
2026-03-10 08:00:00,70495.0,70508.64,70476.02,70482.89,0.00764
2026-03-10 08:05:00,70545.47,70889.81,70414.2,70846.94,1.18968
2026-03-10 08:10:00,70862.89,70915.9,70793.76,70915.9,0.06403
2026-03-10 08:15:00,70906.97,70958.25,70742.45,70802.19,0.02539
2026-03-10 08:20:00,70955.9,70984.63,70875.0,70875.0,0.01502
2026-03-10 08:25:00,70822.26,70850.95,70822.26,70850.94,0.01481
2026-03-10 08:30:00,70936.04,71007.9,70902.84,71007.9,0.10018
2026-03-10 08:35:00,70962.3,71080.57,70945.3,70951.7,0.13579
2026-03-10 08:40:00,71031.3,71129.08,70987.8,70987.8,0.03505
2026-03-10 08:45:00,70888.24,70888.24,70781.37,70781.37,0.06035
2026-03-10 08:50:00,70765.69,70765.69,70698.91,70698.91,0.01876
2026-03-10 08:55:00,70691.26,70691.26,70661.41,70662.28,0.08556
2026-03-10 09:00:00,70676.65,70676.65,70676.65,70676.65,0.0099
2026-03-10 09:05:00,70753.33,70814.99,70753.33,70753.33,0.00541
2026-03-10 09:10:00,70694.0,70867.5,70694.0,70824.36,0.04099
2026-03-10 09:15:00,70762.08,70881.96,70762.08,70881.96,0.05041
2026-03-10 09:20:00,70875.0,71222.0,70875.0,71179.94,0.29916
2026-03-10 09:25:00,71210.2,71293.39,71069.58,71248.2,0.43234
2026-03-10 09:30:00,71199.3,71294.05,71138.5,71138.5,0.02711
2026-03-10 09:35:00,71199.0,71204.93,71140.12,71140.12,0.02137
2026-03-10 09:40:00,71159.71,71159.71,71063.8,71092.66,0.01723
2026-03-10 09:45:00,70965.15,70977.2,70937.86,70977.2,0.05369
2026-03-10 09:50:00,70977.2,70977.2,70977.2,70977.2,0.0
2026-03-10 09:55:00,71031.4,71074.18,71031.4,71074.18,0.00758
2026-03-10 10:00:00,71029.05,71029.05,71029.05,71029.05,0.00014
2026-03-10 10:05:00,71007.3,71007.3,70942.4,70942.4,0.00048
2026-03-10 10:10:00,70928.95,70933.49,70915.77,70915.77,0.01494
2026-03-10 10:15:00,70857.14,70857.14,70720.79,70818.79,0.29317
2026-03-10 10:20:00,70821.79,70821.79,70763.0,70763.0,0.05291
2026-03-10 10:25:00,70759.91,70776.0,70754.5,70754.5,0.05581
2026-03-10 10:30:00,70801.0,70929.8,70794.89,70902.18,0.04544
2026-03-10 10:35:00,70864.92,70864.92,70698.91,70698.91,0.01424
2026-03-10 10:40:00,70736.1,70736.1,70736.1,70736.1,0.00017
2026-03-10 10:45:00,70735.9,70735.9,70735.9,70735.9,0.00017
2026-03-10 10:50:00,70735.9,70875.96,70656.0,70865.39,1.69201
2026-03-10 10:55:00,70775.33,70775.33,70755.1,70755.7,0.00824
2026-03-10 11:00:00,70722.7,70839.2,70644.77,70839.2,0.01186
2026-03-10 11:05:00,70793.6,70892.1,70714.02,70775.21,0.10271
2026-03-10 11:10:00,70719.36,70719.36,70652.83,70652.83,0.00038
2026-03-10 11:15:00,70628.22,70674.0,70624.96,70674.0,0.00037
2026-03-10 11:20:00,70609.36,70769.84,70600.2,70723.3,0.06308
2026-03-10 11:25:00,70742.14,70742.14,70632.0,70637.9,0.01641
2026-03-10 11:30:00,70599.19,70646.2,70599.19,70644.8,0.00899
2026-03-10 11:35:00,70640.0,70640.0,70630.0,70630.0,0.004
2026-03-10 11:40:00,70572.09,70574.77,70572.09,70573.2,0.00703
2026-03-10 11:45:00,70573.7,70665.53,70573.7,70621.0,0.00632
2026-03-10 11:50:00,70645.9,70665.4,70645.9,70646.41,0.00854
2026-03-10 11:55:00,70647.02,70647.02,70600.52,70600.52,0.06289
2026-03-10 12:00:00,70614.29,70614.29,70493.42,70527.62,0.15755
2026-03-10 12:05:00,70493.24,70520.3,70436.03,70436.03,0.49722
2026-03-10 12:10:00,70411.19,70442.02,70391.96,70442.02,0.47756
2026-03-10 12:15:00,70444.9,70450.72,70444.9,70450.72,0.00054
2026-03-10 12:20:00,70495.35,70543.9,70487.8,70543.9,0.45104
2026-03-10 12:25:00,70492.59,70493.2,70418.5,70418.5,0.20121
2026-03-10 12:30:00,70390.86,70401.49,70332.6,70401.49,0.22126
2026-03-10 12:35:00,70463.54,70463.54,70437.88,70437.88,0.22558
2026-03-10 12:40:00,70406.58,70406.58,70406.58,70406.58,0.0003
2026-03-10 12:45:00,70496.9,70517.26,70496.9,70517.26,0.003
2026-03-10 12:50:00,70522.32,70592.03,70522.32,70592.03,0.71045
2026-03-10 12:55:00,70530.7,70530.7,70489.36,70491.6,0.00434
2026-03-10 13:00:00,70525.6,70626.59,70525.6,70615.9,0.5468
2026-03-10 13:05:00,70607.7,70738.99,70607.7,70738.99,0.51558
2026-03-10 13:10:00,70741.12,70741.12,70715.32,70715.32,0.05761
2026-03-10 13:15:00,70811.67,70827.93,70756.73,70785.52,0.12569
2026-03-10 13:20:00,70722.72,70850.3,70700.0,70842.68,0.0732
2026-03-10 13:25:00,70882.54,70882.54,70835.23,70835.23,0.36928
2026-03-10 13:30:00,70911.7,70916.5,70247.65,70247.65,0.22231
2026-03-10 13:35:00,70229.57,70229.57,69759.49,69780.4,0.49386
2026-03-10 13:40:00,69781.95,70022.78,69762.86,69930.4,1.36016
2026-03-10 13:45:00,69905.7,70149.4,69845.0,70133.2,0.68177
2026-03-10 13:50:00,70135.66,70271.5,70131.59,70224.0,0.45717
2026-03-10 13:55:00,70104.22,70170.47,69927.86,69927.86,1.10393
2026-03-10 14:00:00,69943.43,69947.41,69617.78,69827.0,0.20534
2026-03-10 14:05:00,70034.6,70153.66,69500.0,69621.5,0.14349
2026-03-10 14:10:00,69634.1,69658.3,69427.26,69536.42,0.79653
2026-03-10 14:15:00,69502.3,69606.92,69292.31,69606.92,0.6073
2026-03-10 14:20:00,69660.38,69799.13,69660.38,69765.03,0.29353
2026-03-10 14:25:00,69858.1,69905.94,69792.48,69827.39,0.26726
2026-03-10 14:30:00,69945.66,70023.63,69816.95,69984.02,0.15423
2026-03-10 14:35:00,69947.33,70153.66,69940.52,70153.66,0.28365
2026-03-10 14:40:00,70180.5,70469.63,70180.5,70467.82,0.64937
2026-03-10 14:45:00,70476.7,70650.3,70402.1,70614.08,0.90623
2026-03-10 14:50:00,70698.91,71153.37,70615.2,71022.68,0.75935
2026-03-10 14:55:00,71161.7,71520.0,71161.7,71412.2,1.56811
2026-03-10 15:00:00,71474.22,71774.18,71352.14,71774.18,1.93681
2026-03-10 15:05:00,71705.03,71705.03,71153.37,71277.1,0.37017
2026-03-10 15:10:00,71135.88,71310.16,71123.11,71168.49,0.14319
2026-03-10 15:15:00,71041.67,71223.78,71000.0,71192.4,0.26595
2026-03-10 15:20:00,71207.64,71250.18,71134.65,71250.18,0.11388
2026-03-10 15:25:00,71280.02,71437.22,71226.1,71325.12,0.20711
2026-03-10 15:30:00,71463.34,71610.6,71255.7,71255.7,0.19172
2026-03-10 15:35:00,71302.19,71368.94,71123.11,71123.11,0.1179
2026-03-10 15:40:00,71041.68,71168.31,70978.41,71168.31,0.15995
2026-03-10 15:45:00,71114.09,71127.4,71062.99,71074.92,0.03712
2026-03-10 15:50:00,71107.08,71161.9,70923.51,70937.25,0.02961
2026-03-10 15:55:00,70991.4,71366.62,70991.4,71366.62,0.36245
2026-03-10 16:00:00,71333.3,71422.22,71194.74,71305.96,0.05345
2026-03-10 16:05:00,71208.11,71218.61,70968.8,71146.62,1.01661
2026-03-10 16:10:00,71152.37,71235.88,71047.31,71123.35,0.16246
2026-03-10 16:15:00,71141.0,71398.11,71141.0,71398.11,0.25749
2026-03-10 16:20:00,71400.0,71549.85,71394.06,71549.85,0.04768
2026-03-10 16:25:00,71528.9,71658.61,71357.42,71376.07,0.48246
2026-03-10 16:30:00,71361.67,71402.2,71323.68,71337.02,0.05003
2026-03-10 16:35:00,71427.85,71427.85,71307.83,71307.83,0.08115
2026-03-10 16:40:00,71250.08,71293.9,71233.88,71240.09,0.00423
2026-03-10 16:45:00,71314.51,71323.95,71156.1,71284.55,0.04141
2026-03-10 16:50:00,71233.14,71233.14,71216.06,71217.74,0.00048
2026-03-10 16:55:00,71283.47,71283.47,71211.52,71211.52,0.10109
2026-03-10 17:00:00,71266.33,71270.27,71249.95,71249.95,0.07145
2026-03-10 17:05:00,71276.23,71400.24,71272.44,71349.42,0.02218
2026-03-10 17:10:00,71323.25,71356.61,71220.89,71220.89,0.02856
2026-03-10 17:15:00,71295.3,71295.3,71220.89,71220.89,0.02763
2026-03-10 17:20:00,71240.56,71324.66,71211.44,71281.3,0.16188
2026-03-10 17:25:00,71252.72,71252.72,71025.76,71048.33,0.10838
2026-03-10 17:30:00,71055.92,71177.72,71055.92,71132.9,0.35007
2026-03-10 17:35:00,70900.0,70900.0,70624.4,70642.3,0.10882
2026-03-10 17:40:00,70688.5,70730.49,70559.67,70730.49,0.061
2026-03-10 17:45:00,70666.44,70828.3,70666.44,70827.81,0.32653
2026-03-10 17:50:00,70812.99,70921.71,70812.99,70921.71,0.50297
2026-03-10 17:55:00,70806.55,70890.66,70806.55,70890.66,0.02816
2026-03-10 18:00:00,70854.03,70892.45,70826.87,70890.73,0.02393
2026-03-10 18:05:00,70856.6,70856.6,70714.74,70718.52,0.0495
2026-03-10 18:10:00,70719.8,70816.83,70391.96,70391.96,0.29919
2026-03-10 18:15:00,70488.28,70568.75,70198.84,70254.28,0.11524
2026-03-10 18:20:00,70316.7,70316.7,70153.66,70153.66,0.01255
2026-03-10 18:25:00,70398.14,70416.77,70383.64,70416.77,0.43839
2026-03-10 18:30:00,70330.7,70408.38,70257.92,70322.16,0.13901
2026-03-10 18:35:00,70332.3,70332.3,70112.32,70112.32,0.00463
2026-03-10 18:40:00,70027.87,70096.85,70000.0,70051.2,0.1098
2026-03-10 18:45:00,69974.73,70141.33,69974.73,70125.86,0.01458
2026-03-10 18:50:00,70179.61,70197.85,70014.08,70067.94,0.01891
2026-03-10 18:55:00,70072.47,70072.47,69945.35,69945.35,0.0491
2026-03-10 19:00:00,70055.24,70090.25,70048.82,70081.49,0.0099
2026-03-10 19:05:00,69976.33,70135.48,69938.15,70135.48,0.02598
2026-03-10 19:10:00,70072.81,70091.5,69935.12,69935.12,0.1415
2026-03-10 19:15:00,70088.37,70266.0,70088.37,70266.0,0.22342
2026-03-10 19:20:00,70140.47,70140.47,70008.62,70008.62,0.02646
2026-03-10 19:25:00,70069.47,70069.47,69979.77,69979.77,0.08575
2026-03-10 19:30:00,69953.49,69953.5,69858.1,69858.1,0.09012
2026-03-10 19:35:00,69800.67,69895.15,69759.49,69895.15,0.14991
2026-03-10 19:40:00,69952.79,70087.96,69952.79,70029.24,0.02052
2026-03-10 19:45:00,70019.03,70019.03,70019.03,70019.03,0.00214
2026-03-10 19:50:00,70006.36,70051.14,70006.36,70051.14,0.04764
2026-03-10 19:55:00,69972.84,70061.03,69972.84,70061.03,0.00903
2026-03-10 20:00:00,70024.36,70153.82,70024.36,70153.82,0.04855
2026-03-10 20:05:00,70183.42,70247.65,70109.75,70109.75,0.02748
2026-03-10 20:10:00,70096.23,70105.5,70034.13,70105.5,0.20635
2026-03-10 20:15:00,70038.9,70090.0,70015.37,70090.0,0.05078
2026-03-10 20:20:00,70167.96,70270.06,70167.96,70200.12,0.12068
2026-03-10 20:25:00,70227.74,70227.74,70214.88,70216.65,0.00639
2026-03-10 20:30:00,70266.95,70292.29,70225.5,70245.62,0.09531
2026-03-10 20:35:00,70256.89,70305.77,70256.89,70305.77,0.02933
2026-03-10 20:40:00,70305.04,70317.41,70225.92,70293.38,0.22451
2026-03-10 20:45:00,70269.21,70316.15,70269.21,70274.14,0.01219
2026-03-10 20:50:00,70289.01,70308.59,70258.02,70294.3,0.07449
2026-03-10 20:55:00,70277.12,70277.12,70277.12,70277.12,0.00071
2026-03-10 21:00:00,70236.36,70328.5,70236.36,70328.5,0.01091
2026-03-10 21:05:00,70381.49,70416.67,70307.53,70307.53,0.39865
2026-03-10 21:10:00,70251.73,70251.73,70090.31,70127.76,0.04541
2026-03-10 21:15:00,70140.86,70170.97,70034.47,70045.89,0.09832
2026-03-10 21:20:00,70041.47,70053.84,69980.33,70053.84,0.29233
2026-03-10 21:25:00,70034.75,70051.26,69950.2,69950.2,0.01712
2026-03-10 21:30:00,69993.18,70047.26,69977.67,70011.86,0.01706
2026-03-10 21:35:00,70026.03,70026.03,69759.5,69801.98,0.21178
2026-03-10 21:40:00,69781.14,69781.14,69617.78,69748.09,0.72225
2026-03-10 21:45:00,69673.8,69683.68,69559.98,69683.68,0.17586
2026-03-10 21:50:00,69605.75,69759.25,69605.75,69759.25,0.26713
2026-03-10 21:55:00,69751.64,69810.36,69750.0,69791.69,0.07132
2026-03-10 22:00:00,69828.28,69878.08,69791.1,69791.1,0.04754
2026-03-10 22:05:00,69765.85,69765.85,69617.48,69652.83,0.05698
2026-03-10 22:10:00,69575.95,69648.23,69479.49,69596.94,0.23307
2026-03-10 22:15:00,69597.79,69597.79,69471.79,69505.14,0.24983
2026-03-10 22:20:00,69487.03,69659.59,69484.61,69659.59,0.03137
2026-03-10 22:25:00,69695.0,69730.53,69642.12,69642.12,0.03999
2026-03-10 22:30:00,69608.42,69661.89,69555.53,69563.37,0.04078
2026-03-10 22:35:00,69548.62,69599.54,69492.42,69599.54,0.3902
2026-03-10 22:40:00,69658.9,69687.67,69658.9,69666.06,0.01292
2026-03-10 22:45:00,69623.73,69728.09,69599.28,69728.09,0.0239
2026-03-10 22:50:00,69770.42,69770.42,69706.58,69706.58,0.00952
2026-03-10 22:55:00,69698.76,69698.76,69698.76,69698.76,3e-05
2026-03-10 23:00:00,69778.52,69824.45,69728.11,69728.11,0.02817
2026-03-10 23:05:00,69786.78,69786.78,69737.09,69737.09,0.00492
2026-03-10 23:10:00,69795.86,69836.62,69791.78,69828.84,0.00487
2026-03-10 23:15:00,69811.89,69843.37,69811.89,69836.09,0.00137
2026-03-10 23:20:00,69744.78,69797.11,69744.78,69797.11,0.00845
2026-03-10 23:25:00,69796.02,69802.18,69763.65,69802.18,0.00555
2026-03-10 23:30:00,69799.68,69910.06,69790.45,69869.28,0.20326
2026-03-10 23:35:00,69882.42,69951.85,69880.72,69914.64,0.01411
2026-03-10 23:40:00,69903.82,69925.09,69891.67,69925.09,0.00974
2026-03-10 23:45:00,69906.07,69961.14,69889.64,69926.08,0.01686
2026-03-10 23:50:00,69926.08,69926.08,69856.36,69856.36,0.00351
2026-03-10 23:55:00,69892.25,69937.15,69892.25,69937.15,0.02746
2026-03-11 00:00:00,69900.7,69900.7,69821.65,69845.14,0.06057
2026-03-11 00:05:00,69802.14,70000.0,69779.66,70000.0,0.05762
2026-03-11 00:10:00,69923.72,70064.4,69903.17,70064.09,0.03509
2026-03-11 00:15:00,70055.14,70055.14,69918.71,70009.86,0.0247
2026-03-11 00:20:00,70017.03,70078.29,70015.52,70078.29,0.0626
2026-03-11 00:25:00,70037.69,70153.66,70037.69,70069.9,0.04372
2026-03-11 00:30:00,69983.81,69983.81,69884.62,69884.62,0.00791
2026-03-11 00:35:00,69980.64,69980.64,69893.23,69919.49,0.00042
2026-03-11 00:40:00,69884.45,69884.45,69809.55,69809.55,0.06162
2026-03-11 00:45:00,69867.35,70005.8,69867.35,69997.58,0.06743
2026-03-11 00:50:00,70086.89,70108.06,70057.69,70096.93,0.00145
2026-03-11 00:55:00,70105.93,70105.93,70025.82,70025.82,0.00774
2026-03-11 01:00:00,70071.95,70116.07,69977.2,70004.41,0.00141
2026-03-11 01:05:00,70046.34,70100.89,70035.9,70061.03,0.01293
2026-03-11 01:10:00,70109.9,70142.48,69997.0,70125.75,0.06372
2026-03-11 01:15:00,70009.22,70108.26,70009.22,70108.26,0.05544
2026-03-11 01:20:00,70058.11,70058.11,70017.22,70054.5,0.01705
2026-03-11 01:25:00,70005.27,70053.34,69984.37,70033.09,0.04136
2026-03-11 01:30:00,70033.09,70033.09,70033.09,70033.09,0.0
2026-03-11 01:35:00,69978.0,69978.0,69893.23,69904.17,0.00936
2026-03-11 01:40:00,69904.45,69943.29,69899.9,69921.81,0.00401
2026-03-11 01:45:00,69923.44,69923.44,69923.44,69923.44,0.00407
2026-03-11 01:50:00,69923.44,69923.44,69923.44,69923.44,0.0
2026-03-11 01:55:00,70089.56,70136.78,70080.55,70082.03,0.01791
2026-03-11 02:00:00,70059.06,70059.06,70059.06,70059.06,0.00017
2026-03-11 02:05:00,70062.93,70100.0,70049.5,70049.5,0.10657
2026-03-11 02:10:00,70059.17,70059.17,70003.78,70003.78,0.00903
2026-03-11 02:15:00,70055.43,70055.43,70055.43,70055.43,0.00014
2026-03-11 02:20:00,69954.58,69988.86,69936.23,69988.86,0.02987
2026-03-11 02:25:00,69987.44,69987.44,69970.27,69979.25,0.01595
2026-03-11 02:30:00,69959.04,69972.18,69807.09,69807.09,0.02626
2026-03-11 02:35:00,69821.92,69821.92,69662.56,69738.69,0.15788
2026-03-11 02:40:00,69735.72,69772.46,69681.71,69681.71,0.11673
2026-03-11 02:45:00,69694.07,69710.62,69694.07,69710.62,0.00723
2026-03-11 02:50:00,69701.24,69757.4,69681.71,69757.4,0.00014
2026-03-11 02:55:00,69768.03,69816.2,69768.03,69803.8,0.13947
2026-03-11 03:00:00,69864.58,69921.09,69764.25,69764.25,0.04266
2026-03-11 03:05:00,69712.89,69730.39,69709.36,69709.36,0.14259
2026-03-11 03:10:00,69697.89,69707.2,69676.44,69695.33,0.00645
2026-03-11 03:15:00,69681.86,69709.69,69668.14,69709.69,0.05743
2026-03-11 03:20:00,69587.46,69587.46,69552.7,69552.7,0.0081
2026-03-11 03:25:00,69530.25,69547.31,69530.25,69547.31,0.16028
2026-03-11 03:30:00,69605.09,69605.09,69605.09,69605.09,0.00717
2026-03-11 03:35:00,69599.78,69599.78,69599.78,69599.78,3e-05
2026-03-11 03:40:00,69607.59,69613.17,69543.83,69555.19,0.11639
2026-03-11 03:45:00,69598.69,69598.69,69500.42,69563.37,0.10689
2026-03-11 03:50:00,69614.89,69632.92,69595.42,69595.42,0.05345
2026-03-11 03:55:00,69565.66,69565.66,69553.72,69553.72,0.01046
2026-03-11 04:00:00,69568.9,69598.36,69535.99,69562.57,0.00907
2026-03-11 04:05:00,69541.81,69555.14,69535.97,69539.34,0.01523
2026-03-11 04:10:00,69555.14,69618.43,69555.14,69618.43,0.00084
2026-03-11 04:15:00,69681.87,69681.87,69675.75,69675.75,0.00315
2026-03-11 04:20:00,69675.75,69675.75,69675.75,69675.75,0.0
2026-03-11 04:25:00,69800.0,69994.57,69800.0,69994.57,0.08868
2026-03-11 04:30:00,69980.22,69980.22,69938.55,69938.55,0.00856
2026-03-11 04:35:00,70009.0,70009.0,69946.96,69974.49,0.08012
2026-03-11 04:40:00,69974.16,70039.22,69974.16,69995.75,0.00041
2026-03-11 04:45:00,69996.87,70050.0,69996.87,70050.0,0.00064
2026-03-11 04:50:00,70078.29,70247.65,70078.29,70213.99,0.00593
2026-03-11 04:55:00,70163.07,70163.07,70145.39,70150.45,0.00264
2026-03-11 05:00:00,70164.4,70196.59,70116.29,70116.29,0.04977
2026-03-11 05:05:00,70032.05,70032.05,70016.21,70016.21,0.09506
2026-03-11 05:10:00,70013.52,70013.52,70013.52,70013.52,4e-05
2026-03-11 05:15:00,69994.25,69994.25,69994.25,69994.25,6e-05
2026-03-11 05:20:00,69968.97,69968.97,69968.97,69968.97,0.00063
2026-03-11 05:25:00,69968.97,69968.97,69968.97,69968.97,0.0
2026-03-11 05:30:00,69935.87,69935.87,69897.95,69897.95,0.00048
2026-03-11 05:35:00,69975.2,69975.2,69799.13,69800.96,0.01453
2026-03-11 05:40:00,69781.3,69781.3,69441.45,69441.45,0.01966
2026-03-11 05:45:00,69527.17,69555.21,69525.77,69555.21,0.22978
2026-03-11 05:50:00,69579.94,69579.94,69579.94,69579.94,0.00031
2026-03-11 05:55:00,69574.28,69574.28,69574.28,69574.28,7e-05
2026-03-11 06:00:00,69512.71,69675.89,69512.71,69675.89,0.72655
2026-03-11 06:05:00,69583.72,69684.67,69583.72,69684.67,0.00106
2026-03-11 06:10:00,69650.2,69728.31,69625.0,69728.31,0.00606
2026-03-11 06:15:00,69705.29,69782.15,69686.58,69742.08,0.03847
2026-03-11 06:20:00,69822.67,69828.96,69777.48,69777.48,0.07229
2026-03-11 06:25:00,69777.48,69777.48,69777.48,69777.48,0.0
2026-03-11 06:30:00,69858.1,69927.81,69858.1,69927.81,0.00096
2026-03-11 06:35:00,69927.81,69927.81,69927.81,69927.81,0.0
2026-03-11 06:40:00,69913.58,69913.58,69839.4,69839.4,0.00048
2026-03-11 06:45:00,69839.4,69839.4,69839.4,69839.4,0.0
2026-03-11 06:50:00,69794.7,69974.73,69794.7,69969.28,0.24865
2026-03-11 06:55:00,69969.28,69969.28,69969.28,69969.28,0.0
2026-03-11 07:00:00,69975.12,70044.89,69925.48,69944.52,0.00076
2026-03-11 07:05:00,69895.46,69943.25,69895.46,69928.87,0.00365
2026-03-11 07:10:00,69936.61,69936.61,69886.14,69886.14,0.00339
2026-03-11 07:15:00,69855.11,69855.11,69855.11,69855.11,8e-05
2026-03-11 07:20:00,69841.0,69841.0,69795.38,69795.38,0.01932
2026-03-11 07:25:00,69795.38,69795.38,69795.38,69795.38,0.0
2026-03-11 07:30:00,69772.01,69772.01,69662.7,69662.7,0.00051
2026-03-11 07:35:00,69630.56,69630.56,69559.98,69559.98,0.02344
2026-03-11 07:40:00,69580.17,69592.21,69550.39,69550.55,0.08987
2026-03-11 07:45:00,69601.34,69601.34,69601.34,69601.34,0.00733
2026-03-11 07:50:00,69715.2,69715.2,69715.2,69715.2,0.00072
2026-03-11 07:55:00,69676.92,69676.92,69676.92,69676.92,0.00215
2026-03-11 08:00:00,69737.08,69754.02,69707.76,69754.02,0.0021
2026-03-11 08:05:00,69716.28,69716.28,69668.26,69668.26,0.00035
2026-03-11 08:10:00,69623.2,69623.2,69623.2,69623.2,0.048
2026-03-11 08:15:00,69616.03,69622.63,69616.03,69622.63,0.00646
2026-03-11 08:20:00,69622.63,69622.63,69622.63,69622.63,0.0
2026-03-11 08:25:00,69622.63,69622.63,69622.63,69622.63,0.0
2026-03-11 08:30:00,69517.6,69545.19,69517.6,69545.19,0.00493
2026-03-11 08:35:00,69530.66,69705.28,69530.66,69705.28,0.04007
2026-03-11 08:40:00,69705.28,69705.28,69705.28,69705.28,0.0
2026-03-11 08:45:00,69693.78,69693.78,69693.78,69693.78,0.00215
2026-03-11 08:50:00,69590.94,69590.94,69590.94,69590.94,6e-05
2026-03-11 08:55:00,69641.26,69641.26,69641.26,69641.26,0.04
2026-03-11 09:00:00,69607.85,69607.86,69607.85,69607.86,0.00144
2026-03-11 09:05:00,69615.51,69644.56,69607.86,69644.56,0.00292
2026-03-11 09:10:00,69579.02,69579.02,69579.02,69579.02,0.00215
2026-03-11 09:15:00,69581.94,69599.01,69581.94,69599.01,0.01517
2026-03-11 09:20:00,69609.72,69609.72,69599.0,69599.0,0.11657
2026-03-11 09:25:00,69603.95,69639.09,69574.85,69574.85,0.17224
2026-03-11 09:30:00,69518.81,69518.81,69518.81,69518.81,0.00779
2026-03-11 09:35:00,69527.38,69532.12,69408.43,69408.43,0.1209
2026-03-11 09:40:00,69571.53,69598.36,69571.53,69598.36,0.01264
2026-03-11 09:45:00,69615.38,69648.0,69615.38,69648.0,0.08755
2026-03-11 09:50:00,69655.51,69655.51,69654.74,69655.12,0.05435
2026-03-11 09:55:00,69655.12,69655.12,69655.12,69655.12,0.0
2026-03-11 10:00:00,69452.67,69498.4,69437.09,69498.4,0.00041
2026-03-11 10:05:00,69474.98,69474.98,69421.0,69421.0,0.04275
2026-03-11 10:10:00,69435.57,69484.93,69435.57,69484.93,0.01222
2026-03-11 10:15:00,69484.93,69484.93,69484.93,69484.93,0.0
2026-03-11 10:20:00,69484.93,69484.93,69484.93,69484.93,0.0
2026-03-11 10:25:00,69464.59,69464.59,69464.59,69464.59,7e-05
2026-03-11 10:30:00,69478.31,69478.31,69478.31,69478.31,0.00042
2026-03-11 10:35:00,69520.34,69520.34,69520.34,69520.34,0.00144
2026-03-11 10:40:00,69649.9,69655.76,69641.07,69655.76,0.07109
2026-03-11 10:45:00,69630.04,69630.04,69618.58,69618.58,0.00507
2026-03-11 10:50:00,69630.91,69630.91,69630.91,69630.91,0.00017
2026-03-11 10:55:00,69624.31,69624.31,69624.31,69624.31,0.00717
2026-03-11 11:00:00,69563.03,69600.69,69563.03,69600.69,0.02149
2026-03-11 11:05:00,69623.39,69654.57,69590.48,69642.2,0.00192
2026-03-11 11:10:00,69694.54,69694.54,69590.69,69618.49,0.00168
2026-03-11 11:15:00,69618.49,69618.49,69618.49,69618.49,0.0
2026-03-11 11:20:00,69618.49,69618.49,69618.49,69618.49,0.0
2026-03-11 11:25:00,69500.0,69500.0,69500.0,69500.0,0.18216
2026-03-11 11:30:00,69548.9,69548.9,69548.9,69548.9,9e-05
2026-03-11 11:35:00,69525.7,69562.88,69525.7,69562.88,0.00037
2026-03-11 11:40:00,69470.44,69470.44,69470.44,69470.44,2e-05
2026-03-11 11:45:00,69470.44,69470.44,69470.44,69470.44,0.0
2026-03-11 11:50:00,69376.64,69419.87,69353.46,69361.98,0.00985
2026-03-11 11:55:00,69272.46,69272.46,69171.45,69171.45,0.06011
2026-03-11 12:00:00,69185.7,69227.35,69114.73,69143.42,0.02493
2026-03-11 12:05:00,69083.22,69117.72,68976.27,68976.27,0.02017
2026-03-11 12:10:00,69055.82,69243.7,69055.82,69170.0,0.01178
2026-03-11 12:15:00,69201.0,69222.71,69201.0,69222.71,0.00031
2026-03-11 12:20:00,69328.64,69391.48,69328.64,69391.48,0.00144
2026-03-11 12:25:00,69408.43,69454.1,69373.89,69439.59,0.00332
2026-03-11 12:30:00,69485.94,69750.82,69318.86,69318.86,0.03013
2026-03-11 12:35:00,69267.17,69295.97,69267.17,69290.43,0.02302
2026-03-11 12:40:00,69350.34,69355.8,69293.77,69350.27,0.00409
2026-03-11 12:45:00,69171.45,69171.45,69171.45,69171.45,0.00077
2026-03-11 12:50:00,69291.1,69310.64,69286.97,69286.97,0.00411
2026-03-11 12:55:00,69368.15,69368.15,69343.47,69362.95,0.00162
2026-03-11 13:00:00,69364.28,69384.41,69294.89,69370.31,0.00473
2026-03-11 13:05:00,69420.7,69527.96,69420.7,69439.36,0.01091
2026-03-11 13:10:00,69478.42,69935.5,69478.42,69930.06,0.01304
2026-03-11 13:15:00,69903.78,70051.89,69846.07,69954.98,0.04483
2026-03-11 13:20:00,70112.32,70379.02,70112.32,70267.13,0.41141
2026-03-11 13:25:00,70267.13,70267.13,70267.13,70267.13,0.0
2026-03-11 13:30:00,70269.9,70746.72,70269.9,70746.72,0.42297
2026-03-11 13:35:00,70759.19,71048.28,70567.46,70999.83,0.65147
2026-03-11 13:40:00,71010.8,71094.72,70466.94,70466.94,0.07089
2026-03-11 13:45:00,70488.29,70508.36,70153.66,70153.66,0.02142
2026-03-11 13:50:00,70291.58,70291.58,69974.73,70069.03,0.23441
2026-03-11 13:55:00,70038.2,70195.82,69799.13,70171.45,0.05216
2026-03-11 14:00:00,70229.86,70759.19,70229.86,70551.4,0.65436
