timestamp,open,high,low,close,volume
2026-02-25 17:40:00,68581.68,68770.0,68552.53,68770.0,203.94477
2026-02-25 17:45:00,68770.0,68846.72,68665.0,68747.71,201.27167
2026-02-25 17:50:00,68747.72,68879.96,68700.0,68733.37,257.56097
2026-02-25 17:55:00,68733.37,68746.53,68600.0,68674.2,126.78526
2026-02-25 18:00:00,68674.2,68721.33,68373.33,68442.19,133.57841
2026-02-25 18:05:00,68442.2,68750.0,68431.85,68750.0,103.1905
2026-02-25 18:10:00,68749.99,68918.79,68731.61,68871.08,182.63652
2026-02-25 18:15:00,68871.09,68977.54,68708.35,68817.35,216.5287
2026-02-25 18:20:00,68817.35,69068.82,68799.99,68943.86,173.42565
2026-02-25 18:25:00,68943.87,69500.0,68924.0,69348.39,382.40533
2026-02-25 18:30:00,69348.39,69425.1,69203.49,69308.01,139.33949
2026-02-25 18:35:00,69308.01,69519.72,69308.01,69447.37,169.92391
2026-02-25 18:40:00,69447.37,69550.0,69400.0,69478.55,174.42798
2026-02-25 18:45:00,69478.55,69509.26,69283.51,69297.41,239.99281
2026-02-25 18:50:00,69297.4,69490.82,69262.7,69308.49,126.03977
2026-02-25 18:55:00,69308.5,69387.25,69284.89,69328.07,63.51866
2026-02-25 19:00:00,69328.06,69406.93,69039.03,69126.0,149.09259
2026-02-25 19:05:00,69126.0,69210.4,68966.8,69039.38,534.27181
2026-02-25 19:10:00,69039.38,69050.09,68764.94,68915.55,182.04602
2026-02-25 19:15:00,68915.55,69000.0,68854.45,68880.74,124.35517
2026-02-25 19:20:00,68880.74,69153.28,68880.73,69109.23,120.13998
2026-02-25 19:25:00,69109.23,69109.23,68892.61,68972.9,116.66712
2026-02-25 19:30:00,68972.9,69004.56,68779.6,68814.46,153.66848
2026-02-25 19:35:00,68814.46,68931.0,68808.85,68868.29,77.3839
2026-02-25 19:40:00,68868.28,68916.0,68820.39,68896.61,64.54133
2026-02-25 19:45:00,68896.62,69075.06,68850.08,69073.25,63.80142
2026-02-25 19:50:00,69073.26,69093.34,68978.2,69046.68,50.20903
2026-02-25 19:55:00,69046.68,69083.41,68993.42,69038.26,36.66277
2026-02-25 20:00:00,69038.26,69091.4,68899.4,68927.08,68.96255
2026-02-25 20:05:00,68927.08,68966.9,68887.0,68910.2,39.21909
2026-02-25 20:10:00,68910.2,68924.39,68619.22,68644.69,182.57436
2026-02-25 20:15:00,68644.68,68770.0,68640.76,68761.55,67.80808
2026-02-25 20:20:00,68761.55,68819.37,68726.76,68773.45,68.32419
2026-02-25 20:25:00,68773.45,68873.18,68769.09,68802.37,44.82932
2026-02-25 20:30:00,68802.38,69200.0,68775.76,69151.24,149.83126
2026-02-25 20:35:00,69151.25,69151.25,69000.0,69092.72,77.17009
2026-02-25 20:40:00,69092.73,69155.27,69081.35,69124.96,49.91833
2026-02-25 20:45:00,69124.96,69374.95,69100.01,69252.0,119.59123
2026-02-25 20:50:00,69252.0,69356.93,69147.88,69224.5,101.34206
2026-02-25 20:55:00,69224.5,69261.48,69121.39,69148.69,107.35947
2026-02-25 21:00:00,69148.69,69212.88,69069.5,69135.84,84.69751
2026-02-25 21:05:00,69135.85,69226.28,69112.57,69178.85,35.17087
2026-02-25 21:10:00,69178.84,69178.85,68940.0,68990.91,50.94343
2026-02-25 21:15:00,68990.92,69069.5,68940.88,68984.12,56.75392
2026-02-25 21:20:00,68984.12,69057.15,68943.08,69031.3,33.50737
2026-02-25 21:25:00,69031.3,69031.3,68800.0,68803.7,59.62999
2026-02-25 21:30:00,68803.71,69271.81,68773.83,69271.81,204.44828
2026-02-25 21:35:00,69271.81,69988.83,69222.64,69388.95,567.71165
2026-02-25 21:40:00,69388.94,69451.43,69138.31,69221.59,144.22818
2026-02-25 21:45:00,69221.59,69221.59,68814.37,69012.47,180.88015
2026-02-25 21:50:00,69012.01,69123.87,68933.06,68999.77,85.1768
2026-02-25 21:55:00,68999.77,69026.98,68812.4,68919.72,58.97135
2026-02-25 22:00:00,68919.72,69085.78,68886.99,69043.62,84.49028
2026-02-25 22:05:00,69043.62,69046.01,68943.42,69028.8,23.59988
2026-02-25 22:10:00,69028.8,69176.0,69028.79,69074.88,43.75185
2026-02-25 22:15:00,69074.88,69089.25,68858.47,68935.44,46.80987
2026-02-25 22:20:00,68935.45,68937.04,68866.68,68910.01,32.11079
2026-02-25 22:25:00,68910.01,68924.87,68830.01,68878.86,44.54751
2026-02-25 22:30:00,68878.87,68905.97,68742.93,68831.96,53.08541
2026-02-25 22:35:00,68831.95,68873.42,68625.7,68666.44,66.85473
2026-02-25 22:40:00,68666.44,68666.44,68268.53,68420.42,402.6355
2026-02-25 22:45:00,68420.42,68529.83,68411.6,68451.14,81.94162
2026-02-25 22:50:00,68451.15,68451.15,68055.91,68137.2,139.4809
2026-02-25 22:55:00,68140.08,68489.8,68134.05,68432.13,73.57597
2026-02-25 23:00:00,68432.13,68483.72,68212.52,68382.21,83.71214
2026-02-25 23:05:00,68382.21,68696.97,68346.0,68593.42,111.46445
2026-02-25 23:10:00,68593.43,68613.3,68490.36,68517.64,45.32689
2026-02-25 23:15:00,68517.64,68522.0,68312.68,68312.68,62.3393
2026-02-25 23:20:00,68312.69,68342.0,68262.83,68304.52,40.70164
2026-02-25 23:25:00,68304.52,68364.59,68277.24,68277.25,30.62493
2026-02-25 23:30:00,68277.24,68294.02,68069.03,68132.72,102.03226
2026-02-25 23:35:00,68132.71,68267.95,67967.25,68021.69,106.68205
2026-02-25 23:40:00,68021.69,68032.89,67600.0,67695.86,188.94831
2026-02-25 23:45:00,67695.87,67814.0,67642.39,67718.48,78.46837
2026-02-25 23:50:00,67718.49,68000.0,67711.7,67959.5,101.64911
2026-02-25 23:55:00,67959.51,67990.0,67913.98,67988.04,68.26847
2026-02-26 00:00:00,67988.04,67988.05,67727.52,67801.27,150.15183
2026-02-26 00:05:00,67801.26,68110.0,67797.95,68100.55,107.08891
2026-02-26 00:10:00,68100.55,68172.0,68007.75,68153.57,74.75091
2026-02-26 00:15:00,68153.58,68320.0,68119.7,68185.12,85.35657
2026-02-26 00:20:00,68185.12,68445.82,68183.37,68380.16,119.22171
2026-02-26 00:25:00,68380.17,68396.54,68268.13,68280.8,84.49159
2026-02-26 00:30:00,68280.79,68494.77,68261.3,68482.96,89.50772
2026-02-26 00:35:00,68482.96,68539.17,68145.5,68148.25,143.82145
2026-02-26 00:40:00,68148.26,68226.0,67974.51,68195.93,116.43213
2026-02-26 00:45:00,68195.93,68261.01,68152.0,68220.64,34.07502
2026-02-26 00:50:00,68220.64,68340.3,68119.04,68328.51,50.80496
2026-02-26 00:55:00,68328.5,68373.25,68268.78,68335.99,78.86562
2026-02-26 01:00:00,68335.99,68499.4,68210.35,68476.82,92.70789
2026-02-26 01:05:00,68476.82,68700.0,68400.01,68549.51,122.65533
2026-02-26 01:10:00,68549.5,68600.0,68492.6,68568.51,52.15483
2026-02-26 01:15:00,68568.5,68593.91,68454.54,68514.86,39.8094
2026-02-26 01:20:00,68514.87,68541.0,68447.03,68528.03,35.11305
2026-02-26 01:25:00,68528.04,68538.12,68370.23,68390.41,31.42159
2026-02-26 01:30:00,68390.41,68390.41,68221.44,68325.08,53.6856
2026-02-26 01:35:00,68325.08,68404.37,68312.17,68370.48,27.93676
2026-02-26 01:40:00,68370.48,68551.99,68345.48,68347.47,53.41459
2026-02-26 01:45:00,68347.47,68393.2,68279.92,68358.37,35.45482
2026-02-26 01:50:00,68358.37,68382.32,68226.24,68237.14,38.18019
2026-02-26 01:55:00,68237.15,68313.68,68224.6,68248.3,36.6563
2026-02-26 02:00:00,68248.3,68267.1,67940.2,67980.27,132.65085
2026-02-26 02:05:00,67980.27,68016.33,67924.66,68016.16,80.6884
2026-02-26 02:10:00,68016.17,68018.01,67779.93,67863.22,198.4845
2026-02-26 02:15:00,67863.23,68152.15,67863.22,68023.24,70.29811
2026-02-26 02:20:00,68023.25,68064.38,67938.6,67938.6,38.24356
2026-02-26 02:25:00,67938.61,67996.83,67888.0,67936.4,47.91716
2026-02-26 02:30:00,67936.41,68111.11,67936.41,68021.05,50.11591
2026-02-26 02:35:00,68021.05,68071.89,67944.28,67982.28,32.30786
2026-02-26 02:40:00,67982.28,68201.35,67944.28,68184.94,56.22545
2026-02-26 02:45:00,68184.94,68250.28,68105.65,68130.59,37.21216
2026-02-26 02:50:00,68130.58,68268.73,68125.3,68228.75,33.69358
2026-02-26 02:55:00,68228.74,68351.0,68209.57,68257.45,55.35656
2026-02-26 03:00:00,68257.46,68379.59,68213.64,68286.29,68.86275
2026-02-26 03:05:00,68286.29,68286.29,68049.99,68057.61,70.54115
2026-02-26 03:10:00,68057.6,68154.44,68046.38,68145.89,24.41319
2026-02-26 03:15:00,68145.89,68186.54,68110.43,68158.01,39.01538
2026-02-26 03:20:00,68158.01,68158.01,68072.39,68083.65,28.49373
2026-02-26 03:25:00,68083.66,68157.0,68082.86,68102.57,14.96573
2026-02-26 03:30:00,68102.57,68279.75,68044.18,68264.43,35.90172
2026-02-26 03:35:00,68264.44,68274.57,68132.53,68132.54,38.52225
2026-02-26 03:40:00,68132.53,68278.23,68123.96,68239.36,24.80966
2026-02-26 03:45:00,68239.37,68316.16,68225.49,68283.54,24.20623
2026-02-26 03:50:00,68283.55,68309.31,68199.9,68203.96,16.15807
2026-02-26 03:55:00,68203.97,68229.09,68182.4,68216.86,22.62757
2026-02-26 04:00:00,68216.87,68279.09,68179.62,68275.99,35.11844
2026-02-26 04:05:00,68276.0,68460.0,68272.58,68447.46,45.8158
2026-02-26 04:10:00,68447.46,68613.69,68439.52,68526.27,95.62913
2026-02-26 04:15:00,68526.27,68693.42,68526.26,68609.39,53.46839
2026-02-26 04:20:00,68609.38,68609.38,68424.76,68527.71,50.78185
2026-02-26 04:25:00,68527.71,68610.06,68517.62,68562.56,32.02436
2026-02-26 04:30:00,68562.55,68828.58,68552.12,68737.35,70.00401
2026-02-26 04:35:00,68737.36,68860.0,68683.0,68738.44,50.42632
2026-02-26 04:40:00,68738.1,68855.99,68686.48,68728.89,54.76403
2026-02-26 04:45:00,68728.89,68745.38,68666.66,68693.61,40.70189
2026-02-26 04:50:00,68693.6,68693.61,68613.2,68667.64,34.63456
2026-02-26 04:55:00,68667.64,68667.64,68570.57,68571.36,24.18996
2026-02-26 05:00:00,68571.36,68571.37,68437.84,68489.79,34.63235
2026-02-26 05:05:00,68489.79,68489.79,68268.56,68346.98,60.09799
2026-02-26 05:10:00,68346.97,68360.0,68231.31,68301.57,33.59102
2026-02-26 05:15:00,68301.56,68326.29,68127.58,68266.3,94.91324
2026-02-26 05:20:00,68266.3,68376.73,68216.99,68350.99,45.45427
2026-02-26 05:25:00,68350.99,68412.48,68328.18,68357.86,40.85864
2026-02-26 05:30:00,68357.86,68422.47,68261.72,68400.52,34.21957
2026-02-26 05:35:00,68400.52,68400.52,68290.0,68367.31,27.99084
2026-02-26 05:40:00,68367.3,68447.4,68346.81,68414.34,18.07209
2026-02-26 05:45:00,68414.35,68509.57,68348.85,68440.37,23.33004
2026-02-26 05:50:00,68440.36,68455.32,68384.73,68409.56,34.23759
2026-02-26 05:55:00,68409.55,68447.4,68391.97,68443.81,39.42219
2026-02-26 06:00:00,68443.82,68443.82,68282.7,68327.59,62.74447
2026-02-26 06:05:00,68327.59,68522.0,68327.59,68430.79,39.19447
2026-02-26 06:10:00,68430.8,68500.0,68423.94,68459.95,37.26358
2026-02-26 06:15:00,68459.96,68459.96,68307.52,68331.88,37.45991
2026-02-26 06:20:00,68331.87,68417.1,68317.66,68388.54,150.27518
2026-02-26 06:25:00,68388.55,68390.94,68250.01,68255.65,26.78826
2026-02-26 06:30:00,68255.65,68260.2,68122.54,68219.64,61.12966
2026-02-26 06:35:00,68219.65,68230.0,68147.05,68225.49,28.08057
2026-02-26 06:40:00,68225.49,68230.56,68127.56,68127.56,57.03785
2026-02-26 06:45:00,68127.56,68167.8,68042.9,68133.16,84.55174
2026-02-26 06:50:00,68133.16,68226.98,68133.15,68136.39,17.94834
2026-02-26 06:55:00,68136.38,68197.92,68136.38,68176.75,16.15956
2026-02-26 07:00:00,68176.75,68254.83,68167.91,68229.72,27.68772
2026-02-26 07:05:00,68229.72,68256.0,68182.56,68238.41,37.33071
2026-02-26 07:10:00,68238.41,68264.7,68199.99,68229.23,42.66382
2026-02-26 07:15:00,68229.22,68245.16,68136.24,68136.24,20.88722
2026-02-26 07:20:00,68136.25,68290.18,68103.3,68202.0,39.9438
2026-02-26 07:25:00,68202.01,68220.21,68148.72,68177.7,36.85687
2026-02-26 07:30:00,68177.69,68194.11,68092.97,68111.5,76.39281
2026-02-26 07:35:00,68111.5,68148.68,68035.52,68064.84,115.55658
2026-02-26 07:40:00,68064.84,68091.09,67994.81,67999.85,116.21102
2026-02-26 07:45:00,67999.85,68018.93,67942.19,67992.84,78.47247
2026-02-26 07:50:00,67992.84,67998.37,67821.31,67883.29,169.78117
2026-02-26 07:55:00,67883.29,67903.92,67817.87,67825.04,78.35987
2026-02-26 08:00:00,67825.05,67928.45,67792.0,67879.52,67.3002
2026-02-26 08:05:00,67879.53,67935.04,67860.23,67886.69,29.9841
2026-02-26 08:10:00,67886.69,68049.72,67886.68,68048.93,57.96347
2026-02-26 08:15:00,68048.93,68110.86,68011.49,68074.42,54.90898
2026-02-26 08:20:00,68074.42,68236.0,68066.49,68156.99,67.93594
2026-02-26 08:25:00,68156.99,68163.08,67965.7,68029.71,50.61904
2026-02-26 08:30:00,68029.72,68064.19,67940.2,67999.99,65.2507
2026-02-26 08:35:00,67999.99,68144.27,67999.99,68127.01,98.36965
2026-02-26 08:40:00,68127.01,68127.02,67927.74,67990.0,42.67902
2026-02-26 08:45:00,67990.0,68093.88,67951.69,68064.84,39.44525
2026-02-26 08:50:00,68064.85,68116.7,68029.24,68029.24,45.31388
2026-02-26 08:55:00,68029.25,68043.0,67904.0,67954.01,141.92085
2026-02-26 09:00:00,67954.0,68017.1,67933.25,67983.62,104.06525
2026-02-26 09:05:00,67983.62,68113.98,67983.62,68099.99,40.41715
2026-02-26 09:10:00,68100.0,68418.51,68100.0,68325.83,146.29812
2026-02-26 09:15:00,68325.83,68328.13,68182.98,68208.61,66.27461
2026-02-26 09:20:00,68208.61,68248.66,68167.03,68215.31,39.95012
2026-02-26 09:25:00,68215.31,68215.31,68159.12,68188.52,17.28731
2026-02-26 09:30:00,68188.52,68324.26,68150.0,68298.64,36.42423
2026-02-26 09:35:00,68298.65,68469.22,68276.08,68460.44,72.80649
2026-02-26 09:40:00,68460.44,68471.89,68392.48,68400.03,109.53836
2026-02-26 09:45:00,68400.04,68563.78,68400.03,68517.35,241.6172
2026-02-26 09:50:00,68517.35,68644.59,68505.92,68600.09,120.03234
2026-02-26 09:55:00,68600.09,68601.84,68538.34,68589.41,100.60501
2026-02-26 10:00:00,68589.41,68650.0,68563.07,68638.19,105.96075
2026-02-26 10:05:00,68638.19,68645.99,68567.86,68622.94,64.75297
2026-02-26 10:10:00,68622.94,68722.64,68500.0,68514.86,71.20212
2026-02-26 10:15:00,68514.85,68542.17,68430.0,68472.0,162.8773
2026-02-26 10:20:00,68472.0,68483.94,68421.56,68466.2,36.47779
2026-02-26 10:25:00,68466.2,68466.2,68332.27,68332.28,32.98261
2026-02-26 10:30:00,68332.27,68419.55,68270.96,68367.5,51.13899
2026-02-26 10:35:00,68367.51,68464.49,68367.5,68464.48,34.78569
2026-02-26 10:40:00,68464.49,68464.49,68374.35,68440.0,39.14899
2026-02-26 10:45:00,68439.99,68450.4,68355.57,68370.01,25.79924
2026-02-26 10:50:00,68370.0,68384.0,68257.64,68275.58,34.49308
2026-02-26 10:55:00,68275.57,68323.54,68260.53,68301.62,29.04119
2026-02-26 11:00:00,68301.61,68380.85,68261.1,68370.03,61.5034
2026-02-26 11:05:00,68370.03,68404.25,68265.3,68265.31,47.58435
2026-02-26 11:10:00,68265.31,68380.94,68265.3,68347.55,33.81656
2026-02-26 11:15:00,68347.55,68352.19,68215.83,68218.74,81.03737
2026-02-26 11:20:00,68218.74,68260.35,68198.76,68209.3,41.97423
2026-02-26 11:25:00,68209.31,68268.0,68144.15,68158.58,37.92772
2026-02-26 11:30:00,68158.59,68211.61,68112.78,68206.0,49.30344
2026-02-26 11:35:00,68206.06,68230.7,68167.44,68172.7,82.78244
2026-02-26 11:40:00,68172.71,68209.24,68071.68,68084.73,55.89081
2026-02-26 11:45:00,68084.72,68100.39,68000.0,68025.27,109.21144
2026-02-26 11:50:00,68025.27,68025.27,67965.46,68008.2,83.73625
2026-02-26 11:55:00,68008.19,68051.31,68008.19,68051.31,38.1813
2026-02-26 12:00:00,68051.3,68210.0,68027.85,68163.29,59.91526
2026-02-26 12:05:00,68164.58,68238.39,68144.69,68237.27,59.47377
2026-02-26 12:10:00,68237.26,68238.34,68192.6,68202.45,25.32532
2026-02-26 12:15:00,68202.45,68268.1,68150.4,68228.99,43.86587
2026-02-26 12:20:00,68228.99,68303.83,68202.82,68287.01,75.00342
2026-02-26 12:25:00,68287.01,68297.63,68139.42,68150.46,59.49325
2026-02-26 12:30:00,68150.45,68210.0,68134.62,68205.57,49.81569
2026-02-26 12:35:00,68205.57,68290.17,68141.73,68265.31,30.19914
2026-02-26 12:40:00,68265.31,68281.27,68082.32,68082.32,63.2748
2026-02-26 12:45:00,68082.33,68217.44,68009.88,68179.71,79.70305
2026-02-26 12:50:00,68179.71,68232.2,68149.25,68173.02,32.77393
2026-02-26 12:55:00,68173.02,68184.44,68119.88,68171.56,63.23531
2026-02-26 13:00:00,68171.55,68196.86,68139.9,68163.1,43.19513
2026-02-26 13:05:00,68163.1,68213.98,68113.21,68122.24,24.68613
2026-02-26 13:10:00,68122.23,68148.0,67994.43,68032.95,60.3735
2026-02-26 13:15:00,68032.95,68079.1,68000.02,68001.11,34.71582
2026-02-26 13:20:00,68001.12,68050.54,67923.34,68017.23,84.371
2026-02-26 13:25:00,68017.23,68166.1,67975.92,68158.51,43.42376
2026-02-26 13:30:00,68158.51,68193.71,68118.34,68131.82,51.95224
2026-02-26 13:35:00,68131.82,68131.82,67972.74,68045.12,61.30167
2026-02-26 13:40:00,68045.12,68091.86,68032.53,68081.66,34.77366
2026-02-26 13:45:00,68081.65,68195.52,68030.55,68103.77,71.08736
2026-02-26 13:50:00,68103.76,68103.77,67962.12,67979.93,85.39744
2026-02-26 13:55:00,67979.94,67983.74,67848.69,67905.35,103.69012
2026-02-26 14:00:00,67905.34,67907.3,67756.03,67842.29,118.68655
2026-02-26 14:05:00,67842.28,67861.08,67650.82,67738.68,184.58343
2026-02-26 14:10:00,67738.68,68034.46,67738.68,67987.84,63.27698
2026-02-26 14:15:00,67987.83,68001.07,67817.2,67899.83,47.62568
2026-02-26 14:20:00,67899.83,68146.73,67873.74,68120.76,81.5906
2026-02-26 14:25:00,68120.76,68151.78,68087.29,68116.0,32.14076
2026-02-26 14:30:00,68116.0,68120.93,67738.43,68083.99,202.13714
2026-02-26 14:35:00,68084.0,68272.21,67860.0,67860.97,236.41617
2026-02-26 14:40:00,67860.97,68005.34,67786.84,67799.74,108.46353
2026-02-26 14:45:00,67799.59,67826.62,67289.37,67361.75,423.40629
2026-02-26 14:50:00,67361.76,67485.4,67264.22,67484.5,177.33004
2026-02-26 14:55:00,67484.5,67783.85,67461.51,67697.74,93.61016
2026-02-26 15:00:00,67696.89,67743.36,67457.74,67544.28,130.04224
2026-02-26 15:05:00,67544.28,67684.76,67333.33,67350.4,100.41561
2026-02-26 15:10:00,67350.4,67601.99,67249.7,67374.3,93.34881
2026-02-26 15:15:00,67374.3,67395.66,66913.47,66965.23,399.63378
2026-02-26 15:20:00,66965.23,67120.0,66855.21,66987.4,206.55101
2026-02-26 15:25:00,66987.04,67243.04,66859.03,66979.88,194.28651
2026-02-26 15:30:00,66979.87,67128.66,66761.16,66818.0,192.58541
2026-02-26 15:35:00,66817.99,67291.81,66779.58,67291.8,236.52811
2026-02-26 15:40:00,67291.8,67468.01,67220.0,67347.34,195.39505
2026-02-26 15:45:00,67347.34,67610.47,67270.17,67440.51,203.8473
2026-02-26 15:50:00,67440.51,67458.21,67296.25,67339.64,84.97769
2026-02-26 15:55:00,67339.64,67433.32,67230.81,67382.0,58.26988
2026-02-26 16:00:00,67382.0,67441.97,67244.0,67328.89,97.58199
2026-02-26 16:05:00,67328.89,67354.72,67071.38,67126.18,169.78211
2026-02-26 16:10:00,67126.18,67167.86,67055.0,67150.03,49.35367
2026-02-26 16:15:00,67150.03,67309.92,67114.21,67208.12,65.08093
2026-02-26 16:20:00,67208.12,67345.29,67192.98,67323.77,42.9188
2026-02-26 16:25:00,67323.76,67566.85,67295.23,67452.01,79.9634
2026-02-26 16:30:00,67452.0,67458.05,67055.61,67200.84,82.09343
2026-02-26 16:35:00,67200.84,67232.62,66909.09,67084.26,183.03764
2026-02-26 16:40:00,67084.25,67167.62,67006.89,67041.58,66.51241
2026-02-26 16:45:00,67041.58,67061.24,66705.71,67037.2,229.83562
2026-02-26 16:50:00,67037.21,67038.47,66600.0,66604.68,388.48538
2026-02-26 16:55:00,66604.68,66725.72,66500.0,66643.55,595.55555
2026-02-26 17:00:00,66643.56,66918.14,66600.46,66909.99,205.23562
2026-02-26 17:05:00,66909.99,66974.32,66861.25,66910.37,125.71361
2026-02-26 17:10:00,66910.37,67011.54,66890.88,66890.89,62.97066
2026-02-26 17:15:00,66890.88,67044.1,66821.44,66928.51,68.79184
2026-02-26 17:20:00,66928.51,66928.51,66761.47,66852.45,60.92579
2026-02-26 17:25:00,66852.45,66998.94,66828.18,66936.31,41.46449
2026-02-26 17:30:00,66936.31,67022.65,66921.12,66951.36,41.81727
2026-02-26 17:35:00,66951.36,66960.7,66728.54,66794.18,61.08908
2026-02-26 17:40:00,66794.18,66858.0,66710.0,66747.47,54.08171
2026-02-26 17:45:00,66747.46,66814.39,66671.66,66681.66,41.16793
2026-02-26 17:50:00,66681.66,66848.7,66620.01,66837.68,65.99117
2026-02-26 17:55:00,66837.68,66854.57,66740.45,66826.8,56.57838
2026-02-26 18:00:00,66826.8,66883.64,66780.97,66840.07,35.64216
2026-02-26 18:05:00,66840.07,66882.02,66575.73,66676.24,131.66519
2026-02-26 18:10:00,66676.24,66771.52,66635.0,66771.52,99.88539
2026-02-26 18:15:00,66771.51,67027.24,66745.24,67006.04,87.52642
2026-02-26 18:20:00,67006.04,67006.04,66834.0,66951.96,45.97056
2026-02-26 18:25:00,66951.96,66962.08,66820.0,66863.0,38.44668
2026-02-26 18:30:00,66863.0,67324.94,66842.51,67271.4,198.92906
2026-02-26 18:35:00,67271.4,67286.14,67175.06,67217.04,11.99317
2026-02-26 18:40:00,67246.19,67246.19,67246.19,67246.19,0.00194
2026-02-26 13:42:00,68036.95,68064.21,68033.62,68058.0,5.55515
2026-02-26 13:43:00,68057.99,68058.0,68042.48,68053.78,2.39407
2026-02-26 13:44:00,68053.79,68091.86,68053.78,68081.66,12.19607
2026-02-26 13:46:00,68049.29,68119.99,68049.29,68119.99,15.18693
2026-02-26 13:47:00,68119.98,68195.52,68119.98,68162.44,27.24984
2026-02-26 13:48:00,68162.45,68162.45,68114.87,68114.87,10.37471
2026-02-26 13:49:00,68114.87,68114.88,68088.89,68103.77,10.39397
2026-02-26 13:51:00,68087.33,68087.34,68060.8,68063.4,5.21095
2026-02-26 13:52:00,68063.39,68069.16,68045.02,68045.03,19.57423
2026-02-26 13:53:00,68045.03,68047.07,67962.12,67983.55,25.02549
2026-02-26 13:54:00,67983.55,68001.34,67979.93,67979.93,22.70413
2026-02-26 13:56:00,67914.0,67914.0,67848.69,67876.86,24.09058
2026-02-26 13:57:00,67876.85,67913.3,67876.85,67900.64,6.49696
2026-02-26 13:58:00,67900.65,67927.77,67900.64,67927.77,30.65181
2026-02-26 13:59:00,67927.78,67944.79,67905.34,67905.35,4.95854
2026-02-26 14:01:00,67830.69,67864.37,67830.68,67843.78,22.82427
2026-02-26 14:02:00,67843.79,67853.28,67756.03,67793.48,59.78439
2026-02-26 14:03:00,67793.47,67831.9,67774.24,67821.3,12.96267
2026-02-26 14:04:00,67821.29,67859.24,67808.26,67842.29,9.64307
2026-02-26 14:06:00,67825.93,67861.08,67690.86,67700.0,97.61951
2026-02-26 14:07:00,67699.99,67737.79,67650.82,67718.23,49.45654
2026-02-26 14:08:00,67718.23,67787.0,67709.42,67786.99,12.91498
2026-02-26 14:09:00,67787.0,67802.33,67738.43,67738.68,5.99438
2026-02-26 14:11:00,67838.2,68006.8,67838.2,67997.64,20.32457
2026-02-26 14:12:00,67997.63,68034.46,67979.95,68026.32,11.21541
2026-02-26 14:13:00,68026.32,68026.32,67921.85,67999.91,16.29634
2026-02-26 14:14:00,67999.91,68002.37,67966.04,67987.84,5.5483
2026-02-26 14:16:00,67946.44,67960.72,67845.98,67860.4,13.89784
2026-02-26 14:17:00,67860.4,67867.82,67817.2,67867.82,10.6918
2026-02-26 14:18:00,67867.82,67898.52,67867.81,67898.49,13.31933
2026-02-26 14:19:00,67898.48,67907.97,67885.33,67899.83,5.66923
2026-02-26 14:21:00,67908.63,67908.64,67873.74,67908.2,6.30149
2026-02-26 14:22:00,67908.2,67986.49,67880.83,67979.1,19.18869
2026-02-26 14:23:00,67979.1,68120.22,67969.57,68120.22,21.67626
2026-02-26 14:24:00,68120.21,68146.73,68083.64,68120.76,22.61185
2026-02-26 14:26:00,68117.4,68125.9,68093.19,68106.8,3.78421
2026-02-26 14:27:00,68106.79,68140.58,68100.0,68140.58,8.02983
2026-02-26 14:28:00,68140.57,68151.78,68102.15,68119.6,9.17178
2026-02-26 14:29:00,68119.59,68139.32,68096.1,68116.0,5.174
2026-02-26 14:31:00,67853.46,68110.0,67834.0,68012.13,46.43071
2026-02-26 14:32:00,68012.13,68054.4,67898.0,67907.15,18.23327
2026-02-26 14:33:00,67907.16,67974.19,67893.08,67933.0,18.32142
2026-02-26 14:34:00,67932.99,68120.93,67921.28,68083.99,24.49918
2026-02-26 14:36:00,68219.17,68219.17,67962.0,68011.67,61.52979
2026-02-26 14:37:00,68011.67,68147.9,67995.23,67995.23,21.68674
2026-02-26 14:38:00,67995.22,68084.77,67902.52,67910.72,36.87043
2026-02-26 14:39:00,67911.96,67991.5,67860.0,67860.97,39.35363
2026-02-26 14:41:00,67898.84,67940.61,67800.0,67929.15,28.88113
2026-02-26 14:42:00,67929.16,68005.34,67878.85,67925.21,22.23603
2026-02-26 14:43:00,67925.21,67989.84,67786.84,67894.56,24.3883
2026-02-26 14:44:00,67894.56,67894.57,67799.74,67799.74,12.73341
2026-02-26 14:46:00,67420.53,67577.53,67420.04,67533.1,72.95737
2026-02-26 14:47:00,67533.09,67533.09,67303.64,67360.32,82.1568
2026-02-26 14:48:00,67359.47,67425.89,67289.37,67384.14,51.0197
2026-02-26 14:49:00,67384.13,67404.96,67305.6,67361.75,24.27168
2026-02-26 14:51:00,67354.2,67362.84,67264.22,67328.67,53.01556
2026-02-26 14:52:00,67328.67,67350.52,67291.56,67319.61,44.85002
2026-02-26 14:53:00,67319.61,67469.63,67311.48,67444.77,22.57735
2026-02-26 14:54:00,67444.78,67484.5,67340.48,67484.5,27.49324
2026-02-26 14:56:00,67576.35,67783.85,67576.35,67727.99,31.92061
2026-02-26 14:57:00,67727.68,67754.16,67627.35,67661.38,16.25279
2026-02-26 14:58:00,67661.38,67705.62,67591.03,67694.24,14.35728
2026-02-26 14:59:00,67694.23,67720.14,67656.0,67697.74,9.95034
2026-02-26 15:01:00,67635.89,67673.17,67534.0,67574.21,25.98079
2026-02-26 15:02:00,67574.2,67645.8,67534.45,67610.47,33.21249
2026-02-26 15:03:00,67610.47,67617.0,67529.61,67529.62,21.4659
2026-02-26 15:04:00,67529.62,67604.66,67457.74,67544.28,29.05964
2026-02-26 15:06:00,67665.68,67665.69,67571.59,67582.18,22.01699
2026-02-26 15:07:00,67582.18,67593.24,67519.5,67522.25,17.92383
2026-02-26 15:08:00,67522.26,67549.7,67453.23,67495.15,20.41925
2026-02-26 15:09:00,67495.61,67511.0,67333.33,67350.4,22.47725
2026-02-26 15:11:00,67554.13,67601.99,67534.36,67588.82,13.14596
2026-02-26 15:12:00,67588.82,67588.82,67249.7,67253.84,43.74468
2026-02-26 15:13:00,67253.85,67375.63,67253.85,67339.93,10.65656
2026-02-26 15:14:00,67339.94,67458.0,67335.06,67374.3,13.70247
2026-02-26 15:16:00,67298.89,67299.66,67059.16,67069.4,85.91932
2026-02-26 15:17:00,67069.39,67085.29,66983.67,66983.75,77.31927
2026-02-26 15:18:00,66986.17,67149.99,66960.0,67063.92,112.3038
2026-02-26 15:19:00,67063.93,67085.24,66913.47,66965.23,97.00097
2026-02-26 15:21:00,67016.15,67065.99,66888.0,66908.67,50.28715
2026-02-26 15:22:00,66908.67,66959.05,66866.0,66950.84,41.85397
2026-02-26 15:23:00,66950.84,66970.19,66855.21,66942.5,45.16107
2026-02-26 15:24:00,66942.5,67055.77,66913.21,66987.4,27.43438
2026-02-26 15:26:00,67010.65,67243.04,67010.65,67168.45,54.77625
2026-02-26 15:27:00,67168.45,67181.4,66995.7,67018.77,37.2825
2026-02-26 15:28:00,67018.76,67056.97,66859.03,66918.48,53.6515
2026-02-26 15:29:00,66918.48,66983.25,66898.79,66979.88,22.13124
2026-02-26 15:31:00,67080.46,67128.66,66999.07,67050.67,32.10817
2026-02-26 15:32:00,67050.01,67112.0,67022.98,67028.2,20.81678
2026-02-26 15:33:00,67029.12,67078.72,67025.97,67045.08,25.64373
2026-02-26 15:34:00,67045.09,67045.09,66761.16,66818.0,60.02381
2026-02-26 15:36:00,66848.65,67112.46,66848.65,67078.8,51.28324
2026-02-26 15:37:00,67078.79,67129.56,67006.59,67025.78,44.17328
2026-02-26 15:38:00,67025.79,67099.49,66983.77,67074.48,24.39552
2026-02-26 15:39:00,67074.48,67291.81,67074.48,67291.8,56.70581
2026-02-26 15:41:00,67262.85,67372.94,67248.0,67345.57,34.3485
2026-02-26 15:42:00,67345.56,67358.96,67220.0,67239.55,29.18479
2026-02-26 15:43:00,67239.55,67468.01,67239.55,67449.99,41.71891
2026-02-26 15:44:00,67450.0,67456.73,67340.1,67347.34,31.98251
2026-02-26 15:46:00,67453.57,67475.33,67397.93,67416.38,17.70216
2026-02-26 15:47:00,67416.38,67444.5,67280.0,67351.24,25.41279
2026-02-26 15:48:00,67351.23,67419.91,67270.17,67419.91,22.76782
2026-02-26 15:49:00,67419.9,67487.04,67361.87,67440.51,51.59062
2026-02-26 15:51:00,67385.15,67417.48,67350.0,67370.31,19.06064
2026-02-26 15:52:00,67370.31,67449.49,67310.74,67335.79,20.36069
2026-02-26 15:53:00,67335.79,67394.33,67305.43,67305.44,12.45286
2026-02-26 15:54:00,67305.43,67360.67,67296.25,67339.64,9.0849
2026-02-26 15:56:00,67314.23,67336.92,67298.19,67302.97,7.09548
2026-02-26 15:57:00,67302.96,67405.25,67230.81,67405.24,21.75668
2026-02-26 15:58:00,67405.25,67420.73,67370.89,67420.72,7.44067
2026-02-26 15:59:00,67420.72,67433.32,67344.05,67382.0,12.67138
2026-02-26 16:01:00,67430.89,67441.97,67338.82,67345.27,20.35477
2026-02-26 16:02:00,67345.27,67358.8,67244.0,67283.97,21.35012
2026-02-26 16:03:00,67283.97,67379.69,67283.96,67345.9,16.29504
2026-02-26 16:04:00,67345.9,67365.74,67306.0,67328.89,9.57389
2026-02-26 16:06:00,67225.64,67250.0,67110.11,67128.04,33.85671
2026-02-26 16:07:00,67128.03,67128.04,67071.38,67117.54,46.51216
2026-02-26 16:08:00,67117.54,67203.98,67095.3,67171.68,31.58819
2026-02-26 16:09:00,67171.68,67196.53,67117.68,67126.18,9.91005
2026-02-26 16:11:00,67138.93,67150.4,67081.91,67106.88,10.86097
2026-02-26 16:12:00,67106.89,67167.86,67106.89,67114.9,10.89397
2026-02-26 16:13:00,67114.89,67127.4,67060.0,67127.4,6.17766
2026-02-26 16:14:00,67127.39,67159.0,67084.38,67150.03,6.67857
2026-02-26 16:16:00,67181.6,67306.99,67123.35,67305.99,31.1946
2026-02-26 16:17:00,67306.0,67309.92,67221.52,67242.92,9.24298
2026-02-26 16:18:00,67242.92,67247.79,67207.27,67224.55,4.51696
2026-02-26 16:19:00,67224.54,67227.18,67200.17,67208.12,8.59277
2026-02-26 16:21:00,67201.05,67254.79,67201.04,67246.61,4.65928
2026-02-26 16:22:00,67246.61,67325.17,67243.01,67243.01,8.01271
2026-02-26 16:23:00,67243.01,67299.31,67243.01,67280.85,8.60253
2026-02-26 16:24:00,67280.84,67345.29,67227.18,67323.77,13.23693
2026-02-26 16:26:00,67416.01,67472.86,67414.0,67456.66,26.35196
2026-02-26 16:27:00,67456.65,67480.63,67424.5,67470.97,9.04216
2026-02-26 16:28:00,67470.98,67566.85,67467.33,67475.45,20.63015
2026-02-26 16:29:00,67475.44,67475.45,67444.2,67452.01,4.48476
2026-02-26 16:31:00,67440.49,67440.49,67352.89,67354.32,8.75913
2026-02-26 16:32:00,67354.32,67416.92,67280.36,67280.36,11.70429
2026-02-26 16:33:00,67280.37,67297.06,67161.96,67181.31,10.41535
2026-02-26 16:34:00,67181.31,67217.18,67055.61,67200.84,44.96238
2026-02-26 16:36:00,66958.8,67037.16,66909.09,67004.32,37.75061
2026-02-26 16:37:00,67004.32,67132.14,67002.15,67033.48,44.25078
2026-02-26 16:38:00,67033.47,67090.63,66995.22,67087.34,17.75174
2026-02-26 16:39:00,67087.35,67115.43,67037.52,67084.26,37.3478
2026-02-26 16:41:00,67075.75,67167.62,67075.74,67146.01,21.42558
2026-02-26 16:42:00,67146.01,67146.01,67106.67,67114.34,8.33758
2026-02-26 16:43:00,67114.34,67117.1,67067.76,67091.25,11.16304
2026-02-26 16:44:00,67091.24,67100.5,67030.0,67041.58,11.13476
2026-02-26 16:46:00,66874.0,66882.35,66705.71,66851.18,78.99795
2026-02-26 16:47:00,66851.17,66851.17,66731.81,66731.81,13.36059
2026-02-26 16:48:00,66731.81,66936.4,66731.8,66936.4,47.32365
2026-02-26 16:49:00,66936.4,67037.21,66916.15,67037.2,24.89493
2026-02-26 16:51:00,66618.28,66697.76,66618.28,66674.95,78.92578
2026-02-26 16:52:00,66674.95,66731.9,66650.51,66676.99,59.4048
2026-02-26 16:53:00,66676.99,66688.07,66619.44,66660.17,65.77289
2026-02-26 16:54:00,66659.83,66701.79,66600.0,66604.68,46.75898
2026-02-26 16:56:00,66633.84,66725.72,66626.6,66707.85,79.63195
2026-02-26 16:57:00,66707.85,66715.12,66600.0,66617.17,160.32578
2026-02-26 16:58:00,66617.16,66636.1,66500.0,66607.08,272.12579
2026-02-26 16:59:00,66607.07,66674.41,66607.07,66643.55,24.88204
2026-02-26 17:01:00,66806.69,66818.0,66700.0,66718.65,46.74219
2026-02-26 17:02:00,66718.64,66828.99,66710.84,66810.31,27.35711
2026-02-26 17:03:00,66810.32,66912.3,66800.0,66813.09,50.74429
2026-02-26 17:04:00,66813.08,66918.14,66813.08,66909.99,17.29748
2026-02-26 17:06:00,66936.4,66967.79,66886.2,66961.6,57.99442
2026-02-26 17:07:00,66961.59,66974.32,66872.96,66939.0,15.14602
2026-02-26 17:08:00,66939.0,66939.0,66888.8,66911.88,19.76161
2026-02-26 17:09:00,66911.88,66953.55,66889.21,66910.37,16.03144
2026-02-26 17:11:00,66940.38,67000.0,66935.99,66983.77,7.64478
2026-02-26 17:12:00,66983.77,67011.54,66939.25,66939.26,14.801
2026-02-26 17:13:00,66939.25,66959.02,66900.0,66959.02,20.03206
2026-02-26 17:14:00,66952.93,66964.52,66890.88,66890.89,10.65314
2026-02-26 17:16:00,66836.62,66950.7,66821.44,66932.13,19.64871
2026-02-26 17:17:00,66932.13,67044.1,66932.13,66959.48,16.47108
2026-02-26 17:18:00,66959.48,66965.0,66899.2,66899.2,9.74012
2026-02-26 17:19:00,66899.21,66934.7,66888.0,66928.51,7.86434
2026-02-26 17:21:00,66876.44,66913.78,66864.0,66876.45,10.81744
2026-02-26 17:22:00,66876.44,66899.57,66800.39,66803.0,14.37982
2026-02-26 17:23:00,66803.01,66834.28,66761.47,66783.18,23.04824
2026-02-26 17:24:00,66783.18,66861.0,66765.99,66852.45,4.15751
2026-02-26 17:26:00,66865.01,66938.0,66861.27,66929.58,12.22248
2026-02-26 17:27:00,66929.58,66951.57,66904.55,66951.56,7.08268
2026-02-26 17:28:00,66951.56,66979.69,66934.15,66976.15,10.95334
2026-02-26 17:29:00,66976.14,66998.94,66936.3,66936.31,5.28503
2026-02-26 17:31:00,66932.5,66982.34,66932.5,66981.32,8.47654
2026-02-26 17:32:00,66981.32,66981.32,66951.56,66976.34,9.80142
2026-02-26 17:33:00,66976.34,67022.65,66963.95,67000.95,11.80842
2026-02-26 17:34:00,67000.95,67000.95,66936.3,66951.36,6.6256
2026-02-26 17:36:00,66852.1,66860.8,66807.81,66837.49,11.4887
2026-02-26 17:37:00,66837.5,66837.5,66728.54,66800.0,14.63296
2026-02-26 17:38:00,66800.0,66890.88,66800.0,66851.08,12.25632
2026-02-26 17:39:00,66851.08,66852.52,66786.19,66794.18,11.9822
2026-02-26 17:41:00,66833.82,66858.0,66820.06,66820.06,6.0759
2026-02-26 17:42:00,66820.07,66820.07,66783.55,66798.6,9.64604
2026-02-26 17:43:00,66798.6,66815.5,66758.65,66764.0,7.08592
2026-02-26 17:44:00,66764.01,66764.01,66710.0,66747.47,22.72609
2026-02-26 17:46:00,66781.6,66800.0,66738.31,66750.79,6.53282
2026-02-26 17:47:00,66750.8,66814.39,66750.8,66772.14,13.54516
2026-02-26 17:48:00,66772.15,66795.01,66772.15,66781.93,5.53802
2026-02-26 17:49:00,66781.92,66781.93,66671.66,66681.66,9.81449
2026-02-26 17:51:00,66648.12,66715.16,66640.77,66691.04,6.06742
2026-02-26 17:52:00,66691.04,66760.25,66691.03,66745.92,15.7528
2026-02-26 17:53:00,66745.92,66848.7,66721.52,66848.7,23.16882
2026-02-26 17:54:00,66848.7,66848.7,66816.67,66837.68,7.449
2026-02-26 17:56:00,66740.46,66783.45,66740.45,66783.45,15.57047
2026-02-26 17:57:00,66783.45,66827.4,66773.95,66827.4,12.14693
2026-02-26 17:58:00,66827.39,66854.57,66825.0,66843.16,5.35739
2026-02-26 17:59:00,66843.15,66846.0,66822.45,66826.8,5.33312
2026-02-26 18:01:00,66803.53,66883.64,66780.97,66860.26,10.20238
2026-02-26 18:02:00,66860.26,66864.0,66812.56,66812.56,6.24598
2026-02-26 18:03:00,66812.57,66823.56,66782.0,66802.31,5.68849
2026-02-26 18:04:00,66802.32,66873.36,66802.31,66840.07,5.56386
2026-02-26 18:06:00,66824.54,66828.31,66710.6,66710.61,25.0219
2026-02-26 18:07:00,66710.61,66794.18,66646.53,66662.05,38.8638
2026-02-26 18:08:00,66662.05,66677.15,66575.73,66587.92,25.08333
2026-02-26 18:09:00,66587.91,66676.24,66584.32,66676.24,37.57466
2026-02-26 18:11:00,66703.9,66735.0,66695.71,66731.04,25.68235
2026-02-26 18:12:00,66731.03,66731.09,66659.34,66673.87,17.62115
2026-02-26 18:13:00,66673.88,66713.12,66673.88,66701.47,8.31285
2026-02-26 18:14:00,66701.48,66771.52,66694.77,66771.52,10.53004
2026-02-26 18:16:00,66763.48,66860.07,66750.51,66853.63,23.26494
2026-02-26 18:17:00,66853.64,67026.26,66840.0,67007.65,34.05858
2026-02-26 18:18:00,67007.65,67027.24,66943.93,66982.57,14.53959
2026-02-26 18:19:00,66982.56,67006.04,66942.0,67006.04,8.08918
2026-02-26 18:21:00,66946.49,66956.93,66894.78,66894.8,4.21615
2026-02-26 18:22:00,66894.8,66925.97,66834.0,66891.18,7.16324
2026-02-26 18:23:00,66891.18,66902.73,66858.36,66877.3,10.52175
2026-02-26 18:24:00,66877.29,66951.97,66875.43,66951.96,14.2962
2026-02-26 18:26:00,66962.08,66962.08,66850.56,66859.65,14.78789
2026-02-26 18:27:00,66859.65,66889.68,66853.64,66853.64,3.17521
2026-02-26 18:28:00,66853.65,66857.22,66820.0,66842.58,5.16228
2026-02-26 18:29:00,66842.58,66864.84,66834.1,66863.0,4.8176
2026-02-26 18:31:00,66923.1,66939.06,66864.87,66897.54,11.24303
2026-02-26 18:32:00,66897.55,67007.2,66897.54,67007.2,14.93564
2026-02-26 18:33:00,67007.2,67324.94,67007.2,67244.03,98.78109
2026-02-26 18:34:00,67244.03,67312.82,67181.22,67271.4,63.741
2026-02-26 18:36:00,67200.98,67373.9,67193.78,67343.18,31.47535
2026-02-26 18:37:00,67343.18,67343.18,67231.32,67258.92,33.17902
2026-02-26 18:38:00,67258.92,67307.01,67248.0,67293.86,20.9453
2026-02-26 18:39:00,67293.86,67326.13,67228.01,67246.19,10.04988
2026-02-26 18:41:00,67195.13,67200.58,67186.69,67197.26,5.16219
2026-02-26 18:42:00,67179.27,67179.27,67175.0,67175.01,0.01294
2026-02-26 18:43:00,67144.36,67144.36,67135.12,67137.22,2.03299
2026-02-26 18:44:00,67274.56,67274.57,67261.52,67261.53,1.10863
2026-02-26 18:45:00,67262.94,67262.95,67262.94,67262.95,0.00322
2026-02-26 18:46:00,67295.37,67295.37,67295.37,67295.37,0.0
2026-02-26 18:47:00,67283.91,67283.91,67283.9,67283.9,0.15878
2026-02-26 18:48:00,67264.74,67264.75,67253.85,67253.85,0.51445
2026-02-26 18:49:00,67205.43,67205.43,67205.43,67205.43,0.00165
2026-02-26 18:50:00,67247.1,67256.89,67245.88,67245.89,1.01953
2026-02-26 18:51:00,67227.99,67227.99,67227.98,67227.98,0.00341
2026-02-26 18:52:00,67182.07,67182.09,67182.07,67182.09,0.06244
2026-02-26 18:53:00,67196.67,67202.26,67196.67,67202.26,0.12409
2026-02-26 18:54:00,67322.18,67322.18,67322.17,67322.17,0.01861
2026-02-26 18:55:00,67276.82,67276.82,67276.82,67276.82,0.0
2026-02-26 18:56:00,67265.82,67265.83,67265.82,67265.83,0.00042
2026-02-26 18:57:00,67308.95,67308.95,67308.95,67308.95,9e-05
2026-02-26 18:58:00,67329.99,67334.71,67329.98,67334.71,0.13176
2026-02-26 19:00:00,67310.53,67310.53,67300.0,67300.0,0.05113
2026-02-26 19:05:00,67755.12,67755.12,67717.66,67717.67,1.25494
2026-02-26 19:10:00,67522.65,67533.43,67522.65,67533.43,0.11742
2026-02-26 19:15:00,67503.83,67519.01,67503.83,67519.0,0.44704
2026-02-26 19:20:00,67542.89,67554.87,67542.89,67552.6,0.45561
2026-02-26 19:25:00,67713.02,67713.03,67713.02,67713.03,0.04685
2026-02-26 19:30:00,67572.96,67572.96,67572.96,67572.96,0.0
2026-02-26 19:35:00,67675.35,67675.35,67675.35,67675.35,0.0
2026-02-26 19:40:00,67540.38,67540.39,67526.2,67527.35,0.76139
2026-02-26 19:45:00,67478.24,67496.68,67478.24,67496.68,0.16406
2026-02-26 19:50:00,67532.0,67532.0,67527.51,67527.51,0.60824
2026-02-26 19:55:00,67595.84,67595.84,67595.84,67595.84,0.0
2026-02-26 20:00:00,67589.22,67589.22,67589.22,67589.22,0.0
2026-02-26 20:05:00,67801.88,67801.88,67776.41,67776.41,0.65528
2026-02-26 20:10:00,67712.49,67712.49,67712.48,67712.48,0.00216
2026-02-26 20:15:00,67679.89,67694.54,67679.89,67694.54,0.11609
2026-02-26 20:20:00,67764.55,67764.55,67764.55,67764.55,0.0
2026-02-26 20:25:00,67618.25,67618.25,67618.25,67618.25,0.0
2026-02-26 20:30:00,67559.79,67559.79,67559.79,67559.79,0.00057
2026-02-26 20:35:00,67554.0,67554.0,67554.0,67554.0,0.00218
2026-02-26 20:40:00,67374.56,67485.85,67374.56,67470.59,34.64646
2026-02-26 20:45:00,67470.59,67470.6,67410.0,67414.01,24.11151
2026-02-26 20:50:00,67414.01,67415.79,67290.72,67333.05,38.59917
2026-02-26 20:55:00,67333.04,67441.13,67333.04,67414.07,39.21515
2026-02-26 21:00:00,67414.07,67446.79,67314.06,67426.93,43.39404
2026-02-26 21:05:00,67426.92,67447.26,67194.13,67200.0,43.07494
2026-02-26 21:10:00,67200.0,67368.04,67150.14,67358.6,35.37085
2026-02-26 21:15:00,67358.6,67400.0,67327.43,67350.19,18.82717
2026-02-26 21:20:00,67350.18,67390.53,67316.96,67386.33,11.76347
2026-02-26 21:25:00,67386.32,67503.61,67337.9,67477.12,46.56892
2026-02-26 21:30:00,67477.11,67481.1,67405.7,67449.99,12.40213
2026-02-26 21:35:00,67450.0,67454.71,67374.16,67397.64,15.52418
2026-02-26 21:40:00,67397.64,67453.73,67372.0,67440.03,16.87132
2026-02-26 21:45:00,67440.02,67575.97,67401.82,67567.89,24.04656
2026-02-26 21:50:00,67567.89,67567.9,67475.22,67487.78,12.42797
2026-02-26 21:55:00,67487.78,67518.0,67414.68,67463.65,19.57577
2026-02-26 22:00:00,67463.65,67475.65,67427.0,67473.29,19.79207
2026-02-26 22:05:00,67473.28,67483.44,67405.75,67442.85,23.14535
2026-02-26 22:10:00,67442.84,67591.78,67442.84,67546.77,19.75949
2026-02-26 22:15:00,67546.77,67554.42,67447.4,67447.41,13.66436
2026-02-26 22:20:00,67447.4,67447.4,67301.75,67379.46,55.38316
2026-02-26 22:25:00,67379.45,67418.54,67338.89,67414.52,11.30185
2026-02-26 22:30:00,67414.52,67473.24,67405.13,67457.77,11.59262
2026-02-26 22:35:00,67457.78,67599.72,67447.4,67554.0,48.39583
2026-02-26 22:40:00,67554.0,67630.22,67524.96,67600.21,47.20632
2026-02-26 22:45:00,67600.2,67628.0,67549.7,67628.0,9.20515
2026-02-26 22:50:00,67628.0,67628.0,67543.11,67558.61,9.2765
2026-02-26 22:55:00,67565.7,67565.7,67565.7,67565.7,0.0
2026-02-26 23:00:00,67572.3,67572.3,67547.62,67548.45,2.4706
2026-02-26 23:05:00,67473.68,67473.68,67473.68,67473.68,0.00016
2026-02-26 23:10:00,67469.1,67469.1,67469.09,67469.1,0.01835
2026-02-26 23:15:00,67519.48,67519.48,67519.48,67519.48,0.0
2026-02-26 23:20:00,67486.91,67491.14,67486.91,67491.14,0.01122
2026-02-26 23:25:00,67570.22,67570.22,67555.35,67555.35,0.71991
2026-02-26 23:30:00,67569.44,67569.44,67569.44,67569.44,0.0
2026-02-26 23:35:00,67598.98,67606.05,67598.98,67606.05,0.06061
2026-02-26 23:40:00,67576.23,67602.78,67549.7,67549.71,13.0438
2026-02-26 23:45:00,67506.22,67519.83,67464.32,67496.97,17.89067
2026-02-26 23:50:00,67496.97,67496.98,67414.65,67487.47,12.87715
2026-02-26 23:55:00,67472.03,67472.04,67472.03,67472.04,0.00523
2026-03-03 16:50:00,68067.53,68294.79,67965.21,68236.2,216.74967
2026-03-03 16:55:00,68236.2,68464.0,68144.55,68175.9,113.09133
2026-03-03 17:00:00,68175.89,68227.5,67797.87,67988.75,193.08061
2026-03-03 17:05:00,67988.98,68132.5,67884.21,67906.06,73.5456
2026-03-03 17:10:00,67906.01,67950.07,67626.53,67941.36,147.30564
2026-03-03 17:15:00,67941.36,68117.19,67879.71,68090.46,65.31646
2026-03-03 17:20:00,68090.47,68276.61,67889.56,68224.55,92.4721
2026-03-03 17:25:00,68224.56,68292.18,68065.26,68234.65,54.71348
2026-03-03 17:30:00,68234.64,68234.64,67766.5,67872.42,65.41653
2026-03-03 17:35:00,67872.41,68054.32,67776.39,67993.8,54.34311
2026-03-03 17:40:00,67996.56,68180.15,67979.13,68148.91,43.6735
2026-03-03 17:45:00,68148.91,68385.82,68009.25,68281.97,70.6614
2026-03-03 17:50:00,68281.96,68400.0,68229.73,68277.87,47.6672
2026-03-03 17:55:00,68277.88,68343.37,68140.8,68318.66,73.95285
2026-03-03 18:00:00,68318.66,68441.03,68232.2,68261.38,49.37341
2026-03-03 18:05:00,68261.38,68400.0,68235.29,68271.09,56.61899
2026-03-03 18:10:00,68271.08,68271.08,67976.47,68083.68,72.03136
2026-03-03 18:15:00,68083.69,68419.57,68083.69,68291.48,66.11064
2026-03-03 18:20:00,68291.47,68547.17,68291.47,68485.12,169.49382
2026-03-03 18:25:00,68485.12,68599.58,68428.58,68465.88,155.49357
2026-03-03 18:30:00,68465.87,68842.0,68430.45,68680.0,130.20793
2026-03-03 18:35:00,68680.0,68914.01,68583.91,68762.48,91.06754
2026-03-03 18:40:00,68762.48,68835.25,68608.0,68689.6,66.86334
2026-03-03 18:45:00,68689.6,68722.2,68544.08,68722.2,49.31625
2026-03-03 18:50:00,68723.03,68773.95,68635.65,68723.12,41.86706
2026-03-03 18:55:00,68723.13,68723.13,68545.88,68628.49,25.68611
2026-03-03 19:00:00,68628.5,68669.44,68530.66,68639.45,41.79517
2026-03-03 19:05:00,68639.46,68691.04,68361.06,68385.63,82.44469
2026-03-03 19:10:00,68385.88,68686.26,68312.83,68620.96,54.33822
2026-03-03 19:15:00,68620.97,68659.57,68485.2,68659.57,38.44592
2026-03-03 19:20:00,68659.58,68883.0,68659.58,68798.25,72.79243
2026-03-03 19:25:00,68798.25,68888.88,68607.3,68654.25,234.86987
2026-03-03 19:30:00,68654.25,68690.0,68467.08,68485.29,60.16446
2026-03-03 19:35:00,68485.29,68799.25,68351.3,68600.7,158.83288
2026-03-03 19:40:00,68601.01,68746.0,68480.34,68702.21,79.00709
2026-03-03 19:45:00,68702.21,68758.26,68511.86,68590.25,48.62378
2026-03-03 19:50:00,68590.24,68712.0,68465.91,68515.65,49.23326
2026-03-03 19:55:00,68515.27,68528.2,68430.19,68435.0,25.96249
2026-03-03 20:00:00,68435.0,68506.1,68372.0,68471.99,29.43889
2026-03-03 20:05:00,68471.99,68491.11,68280.82,68354.55,86.67142
2026-03-03 20:10:00,68354.54,68358.79,68155.43,68156.11,48.27161
2026-03-03 20:15:00,68156.0,68324.23,68149.3,68252.81,50.0199
2026-03-03 20:20:00,68252.82,68384.2,68252.82,68336.84,21.01943
2026-03-03 20:25:00,68336.84,68484.87,68279.0,68390.95,86.13788
2026-03-03 20:30:00,68390.96,68503.89,68342.4,68378.25,35.37139
2026-03-03 20:35:00,68378.26,68591.24,68353.44,68355.71,48.45913
2026-03-03 20:40:00,68355.72,68485.3,68355.72,68483.57,30.11996
2026-03-03 20:45:00,68483.57,68499.9,68322.4,68420.51,34.9413
2026-03-03 20:50:00,68420.51,68428.2,68092.1,68236.83,69.80946
2026-03-03 20:55:00,68236.84,68271.6,68174.0,68266.0,52.73836
2026-03-03 21:00:00,68265.99,68265.99,67993.4,68050.16,68.85557
2026-03-03 21:05:00,68050.15,68101.0,67848.26,68043.6,64.56462
2026-03-03 21:10:00,68043.6,68080.95,68009.09,68047.99,30.3915
2026-03-03 21:15:00,68048.0,68068.29,67932.0,68058.74,55.57565
2026-03-03 21:20:00,68058.74,68110.48,68002.0,68078.01,16.49051
2026-03-03 21:25:00,68078.01,68078.01,67832.3,67936.44,24.4821
2026-03-03 21:30:00,67936.45,67985.17,67900.35,67907.41,15.56552
2026-03-03 21:35:00,67907.41,68036.42,67886.86,67886.87,66.42457
2026-03-03 21:40:00,67886.86,68043.24,67886.86,68030.55,13.5417
2026-03-03 21:45:00,68030.56,68047.24,67974.86,68015.0,138.91201
2026-03-03 21:50:00,68015.01,68086.37,67989.32,68057.89,13.94765
2026-03-03 21:55:00,68057.88,68098.0,68024.62,68024.62,11.17224
2026-03-03 22:00:00,68024.63,68524.54,68024.62,68308.63,103.00766
2026-03-03 22:05:00,68308.63,68484.0,68250.0,68389.73,51.5704
2026-03-03 22:10:00,68389.73,68409.14,68289.74,68310.74,23.04744
2026-03-03 22:15:00,68310.74,68352.59,68248.79,68252.0,21.56024
2026-03-03 22:20:00,68252.0,68388.11,68172.99,68241.91,89.62613
2026-03-03 22:25:00,68241.9,68292.82,68228.92,68259.87,20.71418
2026-03-03 22:30:00,68259.87,68317.28,68187.77,68288.49,19.83471
2026-03-03 22:35:00,68288.48,68384.15,68278.74,68279.0,59.04141
2026-03-03 22:40:00,68279.0,68398.01,68277.19,68398.0,80.10953
2026-03-03 22:45:00,68398.01,68430.36,68234.0,68290.72,17.99745
2026-03-03 22:50:00,68290.72,68374.56,68290.72,68314.52,8.91564
2026-03-03 22:55:00,68314.52,68378.43,68200.0,68327.2,78.44777
2026-03-03 23:00:00,68327.2,68410.0,68245.64,68346.63,81.58329
2026-03-03 23:05:00,68346.63,68456.75,68297.47,68450.18,45.43213
2026-03-03 23:10:00,68450.19,68860.0,68446.94,68695.92,119.6198
2026-03-03 23:15:00,68695.92,68712.0,68460.82,68557.63,102.0622
2026-03-03 23:20:00,68557.63,68586.57,68507.59,68527.38,16.91591
2026-03-03 23:25:00,68527.38,68536.63,68440.05,68490.46,27.17839
2026-03-03 23:30:00,68490.46,68582.83,68435.6,68446.35,41.88387
2026-03-03 23:35:00,68446.34,68512.5,68411.76,68425.11,16.67824
2026-03-03 23:40:00,68425.12,68527.8,68425.11,68456.39,20.31099
2026-03-03 23:45:00,68456.4,68512.4,68389.99,68417.4,32.63636
2026-03-03 23:50:00,68417.4,68429.99,68286.24,68300.94,19.99227
2026-03-03 23:55:00,68300.94,68339.25,68252.0,68338.0,51.19524
2026-03-04 00:00:00,68338.01,68338.01,68192.97,68260.01,38.68891
2026-03-04 00:05:00,68260.0,68298.84,68129.13,68189.65,31.61706
2026-03-04 00:10:00,68189.65,68230.75,68093.1,68111.53,25.1113
2026-03-04 00:15:00,68111.53,68346.0,68111.53,68334.9,47.11838
2026-03-04 00:20:00,68334.9,68413.9,68256.49,68272.05,27.23718
2026-03-04 00:25:00,68272.06,68359.76,68258.1,68293.87,255.41439
2026-03-04 00:30:00,68293.87,68336.84,68000.0,68003.32,69.20801
2026-03-04 00:35:00,68003.33,68081.97,67857.61,67958.17,101.10033
2026-03-04 00:40:00,67958.16,68006.29,67896.83,67965.94,57.31974
2026-03-04 00:45:00,67965.94,68231.28,67965.93,68216.0,36.20467
2026-03-04 00:50:00,68215.93,68252.1,68100.63,68109.17,33.22901
2026-03-04 00:55:00,68109.18,68189.13,68067.8,68093.19,45.37025
2026-03-04 01:00:00,68093.2,68271.57,68072.7,68238.79,74.69615
2026-03-04 01:05:00,68238.79,68274.46,68050.16,68246.45,231.57159
2026-03-04 01:10:00,68246.44,68264.7,68124.0,68124.0,113.03702
2026-03-04 01:15:00,68124.01,68226.0,68046.32,68093.03,63.37974
2026-03-04 01:20:00,68093.04,68100.0,67963.28,68005.51,69.46984
2026-03-04 01:25:00,68005.51,68341.12,67968.41,68251.99,69.08837
2026-03-04 01:30:00,68251.99,68599.04,68212.0,68515.08,147.5097
2026-03-04 01:35:00,68515.07,68682.51,68515.07,68682.5,69.59626
2026-03-04 01:40:00,68682.5,68909.34,68568.27,68711.48,131.87086
2026-03-04 01:45:00,68711.47,68720.84,68389.51,68409.29,110.01741
2026-03-04 01:50:00,68409.3,68493.97,68368.22,68396.54,44.09506
2026-03-04 01:55:00,68396.55,68487.5,68365.08,68405.0,170.29128
2026-03-04 02:00:00,68405.0,68447.72,68266.4,68311.27,54.49046
2026-03-04 02:05:00,68311.28,68334.0,68181.82,68257.79,82.58477
2026-03-04 02:10:00,68257.8,68402.0,68222.17,68229.14,79.1702
2026-03-04 02:15:00,68229.15,68249.08,68101.3,68249.06,39.38778
2026-03-04 02:20:00,68249.06,68299.44,68156.93,68156.95,32.40897
2026-03-04 02:25:00,68156.95,68164.96,68037.55,68067.01,55.47333
2026-03-04 02:30:00,68067.01,68132.5,67986.33,68003.99,55.84701
2026-03-04 02:35:00,68004.0,68151.12,67984.56,68114.13,30.35977
2026-03-04 02:40:00,68114.12,68151.12,68077.24,68135.86,28.54829
2026-03-04 02:45:00,68135.86,68315.61,68106.15,68281.79,71.93684
2026-03-04 02:50:00,68281.79,68396.5,68281.27,68320.26,31.51719
2026-03-04 02:55:00,68320.25,68345.5,68261.73,68323.33,236.38867
2026-03-04 03:00:00,68323.33,68323.34,68090.11,68138.25,52.67022
2026-03-04 03:05:00,68138.26,68284.4,68113.38,68271.56,35.13774
2026-03-04 03:10:00,68271.56,68356.01,68140.02,68265.27,238.55116
2026-03-04 03:15:00,68265.27,68356.01,68227.4,68303.27,57.93898
2026-03-04 03:20:00,68303.27,68383.63,68175.8,68189.52,51.56477
2026-03-04 03:25:00,68189.52,68204.83,67950.0,67976.25,61.96531
2026-03-04 03:30:00,67976.25,67995.79,67492.72,67526.33,190.4626
2026-03-04 03:35:00,67526.33,67672.16,67400.0,67633.43,106.82025
2026-03-04 03:40:00,67633.3,67665.26,67428.57,67571.46,63.47976
2026-03-04 03:45:00,67571.46,67690.8,67442.8,67601.99,38.52516
2026-03-04 03:50:00,67601.99,67674.6,67578.74,67602.0,30.6038
2026-03-04 03:55:00,67602.0,67752.35,67578.75,67732.2,26.78796
2026-03-04 04:00:00,67732.19,67826.03,67569.42,67707.76,71.41236
2026-03-04 04:05:00,67707.77,67800.0,67689.73,67741.24,29.9431
2026-03-04 04:10:00,67741.24,67954.89,67726.28,67816.15,63.97172
2026-03-04 04:15:00,67816.15,67847.6,67554.38,67631.55,64.31971
2026-03-04 04:20:00,67631.56,67648.0,67513.15,67640.83,120.74725
2026-03-04 04:25:00,67640.84,67683.35,67600.0,67600.01,20.96076
2026-03-04 04:30:00,67600.0,67657.7,67500.0,67589.59,132.40993
2026-03-04 04:35:00,67589.6,67694.56,67505.28,67569.58,201.45653
2026-03-04 04:40:00,67569.59,67677.91,67467.6,67641.75,55.01348
2026-03-04 04:45:00,67641.75,67699.67,67600.45,67671.08,212.56589
2026-03-04 04:50:00,67671.08,67795.0,67620.53,67769.99,57.30952
2026-03-04 04:55:00,67770.0,67850.91,67759.73,67786.0,36.27955
2026-03-04 05:00:00,67786.0,67802.81,67684.77,67802.8,26.38941
2026-03-04 05:05:00,67802.81,67917.96,67758.66,67882.27,38.49446
2026-03-04 05:10:00,67882.28,67914.25,67832.87,67914.25,32.65573
2026-03-04 05:15:00,67914.25,67958.15,67806.62,67950.07,54.82806
2026-03-04 05:20:00,67950.07,67950.07,67800.0,67813.76,17.57561
2026-03-04 05:25:00,67813.76,67871.71,67682.64,67831.48,85.62784
2026-03-04 05:30:00,67831.49,67853.82,67775.13,67782.08,16.53166
2026-03-04 05:35:00,67782.09,68016.06,67733.21,67949.99,59.88647
2026-03-04 05:40:00,67949.99,68304.64,67941.48,68206.36,79.21424
2026-03-04 05:45:00,68206.35,68314.99,68117.22,68162.89,70.06902
2026-03-04 05:50:00,68162.89,68397.84,68138.6,68367.83,146.30748
2026-03-04 05:55:00,68367.82,68367.82,68197.48,68206.59,38.70771
2026-03-04 06:00:00,68206.58,68228.94,68073.39,68210.0,127.67997
2026-03-04 06:05:00,68210.0,68224.11,68117.65,68210.01,107.91751
2026-03-04 06:10:00,68210.0,68276.69,68106.54,68196.79,64.31817
2026-03-04 06:15:00,68196.79,68213.11,68087.82,68139.27,32.14565
2026-03-04 06:20:00,68139.21,68162.0,68048.63,68146.33,40.98564
2026-03-04 06:25:00,68146.33,68165.8,68092.2,68128.53,28.03466
2026-03-04 06:30:00,68128.54,68499.0,68126.74,68492.49,301.04104
2026-03-04 06:35:00,68492.49,68568.23,68386.27,68557.79,78.10708
2026-03-04 06:40:00,68557.79,68677.38,68512.4,68665.31,95.59908
2026-03-04 06:45:00,68665.32,68675.31,68517.58,68669.0,187.24123
2026-03-04 06:50:00,68669.0,68678.76,68483.54,68499.42,191.73157
2026-03-04 06:55:00,68499.41,68517.48,68457.72,68508.02,33.67948
2026-03-04 07:00:00,68508.02,68625.84,68482.0,68490.0,168.16106
2026-03-04 07:05:00,68490.0,68533.4,68382.64,68480.0,102.63436
2026-03-04 07:10:00,68480.0,68480.0,68388.25,68401.54,31.96394
2026-03-04 07:15:00,68401.53,68432.58,68349.49,68412.76,144.11212
2026-03-04 07:20:00,68412.75,68571.47,68389.64,68519.21,79.04248
2026-03-04 07:25:00,68519.22,68766.46,68490.65,68766.45,171.49463
2026-03-04 07:30:00,68766.45,68790.0,68646.93,68775.0,196.39799
2026-03-04 07:35:00,68775.0,68789.19,68689.31,68789.19,157.14408
2026-03-04 07:40:00,68789.19,68983.13,68786.34,68969.41,114.1062
2026-03-04 07:45:00,68969.41,69522.01,68888.11,69426.02,535.5625
2026-03-04 07:50:00,69426.02,69437.81,69312.0,69329.76,152.13251
2026-03-04 07:55:00,69329.77,69668.0,69280.47,69493.13,214.93025
2026-03-04 08:00:00,69493.14,69681.56,69362.23,69394.96,146.00219
2026-03-04 08:05:00,69394.95,69717.6,69372.04,69712.7,269.4662
2026-03-04 08:10:00,69712.71,69717.6,69377.68,69418.74,353.28086
2026-03-04 08:15:00,69418.73,69418.74,69258.99,69258.99,240.60625
2026-03-04 08:20:00,69258.99,69337.69,69098.91,69256.18,320.69545
2026-03-04 08:25:00,69256.17,69335.83,69218.29,69316.41,133.14417
2026-03-04 08:30:00,69316.42,69555.0,69305.62,69514.02,177.43412
2026-03-04 08:35:00,69514.03,69550.06,69454.68,69534.85,89.13326
2026-03-04 08:40:00,69534.85,69920.0,69534.85,69880.0,518.34575
2026-03-04 08:45:00,69880.0,70688.7,69880.0,70600.01,1495.17861
2026-03-04 08:50:00,70600.01,70760.0,70500.0,70667.25,326.28976
2026-03-04 08:55:00,70667.26,71163.0,70667.26,71011.4,605.77988
2026-03-04 09:00:00,71011.4,71070.91,70724.26,70815.23,231.92962
2026-03-04 09:05:00,70815.23,71283.81,70784.78,71027.88,725.75163
2026-03-04 09:10:00,71027.88,71126.08,70908.56,71072.59,378.80796
2026-03-04 09:15:00,71072.59,71522.0,71072.59,71185.77,604.42418
2026-03-04 09:20:00,71185.76,71364.0,71125.78,71232.04,370.2236
2026-03-04 09:25:00,71232.05,71372.65,71199.15,71310.0,233.2451
2026-03-04 09:30:00,71310.0,71537.42,71214.96,71486.21,354.6008
2026-03-04 09:35:00,71486.22,71812.0,71450.93,71688.42,362.4693
2026-03-04 09:40:00,71688.43,71878.7,71666.47,71767.23,210.96132
2026-03-04 09:45:00,71767.24,71846.68,71674.01,71823.04,202.12029
2026-03-04 09:50:00,71823.03,71893.0,71430.7,71467.81,299.9402
2026-03-04 09:55:00,71467.81,71530.37,71343.82,71520.76,221.71604
2026-03-04 10:00:00,71520.76,71636.55,71500.0,71634.62,187.87252
2026-03-04 10:05:00,71634.63,71878.17,71423.47,71836.82,283.32641
2026-03-04 10:10:00,71836.82,71842.34,71620.36,71655.44,206.01083
2026-03-04 10:15:00,71655.44,71700.44,71464.0,71490.98,163.71299
2026-03-04 10:20:00,71490.99,71547.57,71341.59,71386.01,196.40914
2026-03-04 10:25:00,71386.01,71543.22,71362.01,71526.61,113.519
2026-03-04 10:30:00,71526.61,71554.98,71284.25,71359.72,183.96211
2026-03-04 10:35:00,71359.72,71419.79,71285.2,71350.84,137.62373
2026-03-04 10:40:00,71350.84,71433.55,71314.95,71322.4,168.86065
2026-03-04 10:45:00,71322.4,71344.05,71200.0,71276.24,231.7323
2026-03-04 10:50:00,71276.24,71461.92,71276.23,71277.79,140.21529
2026-03-04 10:55:00,71277.79,71348.93,71235.26,71348.92,66.14649
2026-03-04 11:00:00,71348.92,71437.59,71327.05,71366.45,128.19227
2026-03-04 11:05:00,71366.46,71384.11,71210.7,71270.81,57.32823
2026-03-04 11:10:00,71270.81,71450.0,71267.14,71427.72,60.03409
2026-03-04 11:15:00,71427.71,71459.93,71388.95,71452.41,50.4624
2026-03-04 11:20:00,71452.42,71499.75,71288.48,71293.84,54.90571
2026-03-04 11:25:00,71293.84,71307.78,71201.51,71225.69,56.6877
2026-03-04 11:30:00,71225.7,71308.59,71095.29,71163.14,71.39391
2026-03-04 11:35:00,71163.15,71163.15,70928.25,70982.06,301.74386
2026-03-04 11:40:00,70982.07,71157.14,70982.07,71109.22,136.48185
2026-03-04 11:45:00,71109.22,71142.33,71045.66,71051.95,56.65728
2026-03-04 11:50:00,71051.95,71179.35,70951.0,71175.59,144.32319
2026-03-04 11:55:00,71175.59,71225.19,71094.86,71111.4,76.94928
2026-03-04 12:00:00,71111.4,71145.0,70961.47,70997.77,86.90924
2026-03-04 12:05:00,70997.76,71054.11,70816.66,70867.79,137.40773
2026-03-04 12:10:00,70867.8,70969.16,70867.79,70880.4,60.6231
2026-03-04 12:15:00,70880.39,70925.31,70686.26,70789.99,128.05741
2026-03-04 12:20:00,70789.99,70800.0,70654.7,70670.0,106.6671
2026-03-04 12:25:00,70670.0,70792.16,70616.11,70628.57,124.61168
2026-03-04 12:30:00,70628.56,70801.34,70588.0,70801.34,95.83644
2026-03-04 12:35:00,70801.34,70937.14,70627.44,70918.53,144.18026
2026-03-04 12:40:00,70918.53,71046.35,70890.0,70973.65,176.63633
2026-03-04 12:45:00,70973.65,71138.61,70886.81,71134.97,164.32236
2026-03-04 12:50:00,71134.97,71182.4,71080.75,71140.57,119.33075
2026-03-04 12:55:00,71140.58,71364.14,71114.26,71339.71,141.95318
2026-03-04 13:00:00,71339.72,71415.49,71279.82,71318.36,68.84626
2026-03-04 13:05:00,71318.36,71624.99,71309.37,71524.21,199.68104
2026-03-04 13:10:00,71524.22,71552.36,71297.0,71300.0,85.896
2026-03-04 13:15:00,71300.0,71402.69,71279.12,71321.16,80.57711
2026-03-04 13:20:00,71321.19,71370.0,71214.4,71251.7,75.65018
2026-03-04 13:25:00,71251.7,71421.77,71251.7,71364.49,70.16205
2026-03-04 13:30:00,71364.48,71414.79,71267.63,71334.55,161.3676
2026-03-04 13:35:00,71334.55,71450.0,71250.0,71439.82,108.09938
2026-03-04 13:40:00,71439.83,71543.2,71402.7,71432.98,339.61937
2026-03-04 13:45:00,71432.99,71464.31,71383.55,71392.02,103.21215
2026-03-04 13:50:00,71392.02,71453.62,71320.37,71414.55,91.66951
2026-03-04 13:55:00,71414.54,71520.0,71374.69,71477.17,183.48775
2026-03-04 14:00:00,71477.17,71547.15,71402.7,71447.08,136.72859
2026-03-04 14:05:00,71446.32,71700.0,71396.84,71558.39,218.44494
2026-03-04 14:10:00,71558.39,71830.0,71544.76,71807.12,211.35899
2026-03-04 14:15:00,71807.11,72000.0,71630.55,71713.72,416.71569
2026-03-04 14:20:00,71713.71,71723.39,71584.09,71593.35,147.82064
2026-03-04 14:25:00,71593.35,71761.61,71584.08,71751.67,234.56525
2026-03-04 14:30:00,71751.68,72633.0,71685.5,72430.0,1158.97709
2026-03-04 14:35:00,72430.0,72458.58,71735.73,71907.6,545.00215
2026-03-04 14:40:00,71907.61,72103.4,71408.9,71416.59,454.82056
2026-03-04 14:45:00,71416.59,71671.45,71300.1,71664.26,279.38593
2026-03-04 14:50:00,71662.13,71802.07,71550.0,71705.83,198.45978
2026-03-04 14:55:00,71705.83,71754.0,71532.14,71621.04,136.79989
2026-03-04 15:00:00,71621.03,72070.75,71580.62,71669.0,345.06976
2026-03-04 15:05:00,71670.64,72174.67,71646.12,72023.83,214.52656
2026-03-04 15:10:00,72023.83,72247.08,71966.46,72003.76,211.26656
2026-03-04 15:15:00,72003.76,72372.67,71983.87,72362.55,207.90672
2026-03-04 15:20:00,72362.55,72507.63,72167.37,72297.61,213.96094
2026-03-04 15:25:00,72297.6,72997.0,72285.22,72972.15,604.76003
2026-03-04 15:30:00,72972.15,73097.08,72747.65,72837.7,554.33888
2026-03-04 15:35:00,72837.7,72867.72,72649.69,72688.89,336.27167
2026-03-04 15:40:00,72688.9,72870.49,72576.1,72705.65,240.50256
2026-03-04 15:45:00,72705.65,72976.91,72694.34,72855.87,183.60232
2026-03-04 15:50:00,72855.87,73182.19,72817.06,73105.02,403.88692
2026-03-04 15:55:00,73105.01,73479.75,73019.2,73396.88,668.26704
2026-03-04 16:00:00,73396.87,73500.0,73204.0,73264.48,606.14384
2026-03-04 16:05:00,73264.48,73319.34,72890.9,72905.8,449.06545
2026-03-04 16:10:00,72905.8,73014.67,72748.78,72843.2,228.55233
2026-03-04 16:15:00,72843.2,73049.3,72803.19,72827.91,155.74391
2026-03-04 16:20:00,72827.9,72862.61,72541.69,72633.81,211.23107
2026-03-04 16:25:00,72633.82,73014.66,72624.42,72964.39,172.57225
2026-03-04 16:30:00,72964.39,73109.91,72898.14,73100.0,110.39815
2026-03-04 16:35:00,73100.0,73238.01,73050.6,73168.36,156.95124
2026-03-04 16:40:00,73168.35,73300.0,73140.32,73140.32,152.80056
2026-03-04 16:45:00,73140.33,73272.88,73079.14,73239.97,146.58788
2026-03-04 16:50:00,73239.97,73333.0,73162.96,73273.76,94.81242
2026-03-04 16:55:00,73273.76,73458.0,73203.51,73294.84,142.70063
2026-03-04 17:00:00,73294.84,73492.57,73180.64,73409.99,242.23205
2026-03-04 17:05:00,73409.99,73473.6,73276.37,73419.23,148.50564
2026-03-04 17:10:00,73420.03,73700.0,73412.65,73545.44,277.36205
2026-03-04 17:15:00,73545.44,73759.99,73284.29,73285.05,310.64493
2026-03-04 17:20:00,73285.04,73292.73,72932.8,73017.77,347.39025
2026-03-04 17:25:00,73017.77,73094.0,72959.96,73053.05,125.16499
2026-03-04 17:30:00,73053.05,73282.18,73053.05,73159.42,185.41674
2026-03-04 17:35:00,73159.43,73280.9,73126.43,73143.2,201.24117
2026-03-04 17:40:00,73143.2,73190.87,73064.77,73141.8,111.09184
2026-03-04 17:45:00,73141.8,73194.73,73111.38,73168.14,48.26814
2026-03-04 17:50:00,73240.73,73240.74,73227.62,73227.62,0.17701
2026-03-04 17:55:00,73318.79,73329.09,73318.79,73329.08,0.26628
2026-03-04 18:00:00,73218.93,73227.31,73213.79,73227.31,1.12739
2026-03-04 18:05:00,73330.4,73342.4,73303.53,73303.54,3.88692
2026-03-04 18:10:00,73291.13,73291.13,73291.13,73291.13,0.0
2026-03-04 18:15:00,73042.63,73042.63,73035.01,73041.64,0.58766
2026-03-04 18:20:00,73341.07,73356.45,73341.07,73356.45,1.15358
2026-03-01 07:05:00,66827.05,66863.84,66784.58,66863.84,26.16135
2026-03-01 07:10:00,66863.83,67060.44,66863.83,67016.21,51.89756
2026-03-01 07:15:00,67016.22,67032.15,66961.27,66999.5,50.36085
2026-03-01 07:20:00,66999.49,67070.44,66990.11,66997.63,15.20774
2026-03-01 07:25:00,66997.64,67000.08,66952.65,66987.65,20.58848
2026-03-01 07:30:00,66987.65,67096.9,66911.6,67096.89,208.79249
2026-03-01 07:35:00,67096.9,67219.0,67096.9,67186.5,238.71596
2026-03-01 07:40:00,67186.49,67235.72,67096.23,67102.17,59.48768
2026-03-01 07:45:00,67102.17,67169.95,67094.02,67094.02,24.02979
2026-03-01 07:50:00,67094.02,67180.01,67087.59,67124.46,133.8784
2026-03-01 07:55:00,67124.45,67142.87,67101.88,67141.39,79.88281
2026-03-01 08:00:00,67141.4,67176.86,66948.0,66967.55,94.91918
2026-03-01 08:05:00,66967.56,67136.04,66917.14,67132.53,53.67942
2026-03-01 08:10:00,67132.54,67287.31,67119.04,67269.74,51.11935
2026-03-01 08:15:00,67269.75,67276.75,67200.01,67234.53,25.34609
2026-03-01 08:20:00,67234.53,67292.3,67128.2,67272.49,40.59081
2026-03-01 08:25:00,67272.5,67289.57,67203.3,67228.0,54.48379
2026-03-01 08:30:00,67228.0,67245.61,67132.47,67176.81,62.22979
2026-03-01 08:35:00,67176.8,67225.67,67134.57,67225.1,19.67431
2026-03-01 08:40:00,67225.1,67257.69,67140.0,67140.01,20.47765
2026-03-01 08:45:00,67140.0,67148.97,66966.94,66966.95,41.61696
2026-03-01 08:50:00,66966.95,66983.77,66389.33,66494.26,875.07778
2026-03-01 08:55:00,66494.26,66644.0,66464.22,66560.14,136.59798
2026-03-01 09:00:00,66560.14,66693.47,66348.83,66626.03,140.03745
2026-03-01 09:05:00,66626.03,66645.27,66492.57,66601.3,52.8845
2026-03-01 09:10:00,66601.29,66638.27,66556.85,66587.91,49.20027
2026-03-01 09:15:00,66587.91,66771.1,66576.18,66715.14,83.12623
2026-03-01 09:20:00,66715.14,66739.72,66595.01,66595.01,49.79942
2026-03-01 09:25:00,66595.0,66640.81,66542.87,66612.96,64.79908
2026-03-01 09:30:00,66612.97,66647.11,66442.0,66450.01,74.32328
2026-03-01 09:35:00,66450.01,66476.8,66299.98,66343.55,67.524
2026-03-01 09:40:00,66343.56,66393.73,66262.67,66300.81,60.74651
2026-03-01 09:45:00,66300.8,66351.67,66246.95,66351.67,68.43474
2026-03-01 09:50:00,66351.66,66422.87,66308.58,66376.12,72.08232
2026-03-01 09:55:00,66376.13,66443.87,66338.34,66410.08,32.77588
2026-03-01 10:00:00,66410.09,66504.54,66287.36,66347.25,55.94082
2026-03-01 10:05:00,66347.26,66428.22,66215.71,66418.98,83.14443
2026-03-01 10:10:00,66418.98,66549.99,66362.47,66524.84,92.258
2026-03-01 10:15:00,66524.84,66524.84,66438.57,66475.06,32.96784
2026-03-01 10:20:00,66475.05,66532.8,66446.0,66529.55,24.93698
2026-03-01 10:25:00,66529.55,66601.71,66520.8,66578.2,44.28944
2026-03-01 10:30:00,66578.2,66625.04,66542.0,66582.59,39.57001
2026-03-01 10:35:00,66582.6,66731.47,66479.36,66486.03,95.71525
2026-03-01 10:40:00,66486.03,66521.68,66397.53,66398.26,50.82534
2026-03-01 10:45:00,66398.27,66523.91,66371.88,66471.84,35.86243
2026-03-01 10:50:00,66471.85,66499.05,66404.03,66469.87,51.67131
2026-03-01 10:55:00,66469.87,66500.0,66450.0,66467.06,13.99568
2026-03-01 11:00:00,66467.07,66488.25,66443.16,66475.19,20.43955
2026-03-01 11:05:00,66475.2,66551.52,66475.19,66509.99,31.17284
2026-03-01 11:10:00,66510.0,66526.12,66491.37,66514.84,15.94381
2026-03-01 11:15:00,66514.84,66661.61,66514.83,66595.55,37.14085
2026-03-01 11:20:00,66595.55,66649.77,66534.37,66548.84,32.88918
2026-03-01 11:25:00,66548.83,66597.07,66548.83,66557.85,12.65348
2026-03-01 11:30:00,66557.84,66571.39,66407.26,66438.56,47.32381
2026-03-01 11:35:00,66438.56,66510.33,66429.24,66473.98,21.11077
2026-03-01 11:40:00,66473.98,66533.18,66372.27,66387.6,31.66142
2026-03-01 11:45:00,66387.6,66496.31,66386.12,66445.21,45.88207
2026-03-01 11:50:00,66445.22,66501.58,66443.44,66496.44,11.86225
2026-03-01 11:55:00,66496.45,66508.48,66455.2,66468.03,30.11612
2026-03-01 12:00:00,66468.04,66539.49,66460.16,66485.7,54.3006
2026-03-01 12:05:00,66485.71,66539.47,66445.52,66534.07,21.39102
2026-03-01 12:10:00,66534.08,66534.08,66499.64,66506.77,10.75239
2026-03-01 12:15:00,66506.77,66550.0,66482.54,66550.0,42.59323
2026-03-01 12:20:00,66550.0,66550.0,66430.93,66458.14,30.89872
2026-03-01 12:25:00,66458.14,66483.94,66415.5,66415.51,24.8313
2026-03-01 12:30:00,66415.5,66456.93,66279.32,66294.41,49.88593
2026-03-01 12:35:00,66294.41,66353.3,66241.97,66334.83,39.24264
2026-03-01 12:40:00,66334.84,66511.7,66334.83,66491.27,35.54677
2026-03-01 12:45:00,66491.26,66499.47,66339.4,66342.28,40.02624
2026-03-01 12:50:00,66342.28,66355.74,66295.16,66348.8,19.56971
2026-03-01 12:55:00,66348.81,66364.92,66296.47,66296.48,19.7908
2026-03-01 13:00:00,66296.48,66369.99,66190.08,66273.03,31.48967
2026-03-01 13:05:00,66273.03,66424.0,66273.03,66332.42,40.42269
2026-03-01 13:10:00,66332.41,66371.52,66312.02,66316.64,18.15228
2026-03-01 13:15:00,66316.64,66410.0,66316.64,66342.04,11.84297
2026-03-01 13:20:00,66342.04,66342.04,66132.27,66228.68,70.50167
2026-03-01 13:25:00,66228.68,66394.28,66228.67,66319.99,58.75674
2026-03-01 13:30:00,66320.0,66345.85,66240.27,66311.12,56.31529
2026-03-01 13:35:00,66311.12,66350.0,66249.3,66288.75,19.77472
2026-03-01 13:40:00,66288.75,66386.5,66288.75,66352.75,29.18442
2026-03-01 13:45:00,66352.74,66400.0,66349.18,66378.41,11.31473
2026-03-01 13:50:00,66378.42,67360.57,66378.41,67145.0,763.42751
2026-03-01 13:55:00,67144.99,67219.46,66881.87,66934.79,199.83842
2026-03-01 14:00:00,66934.8,67127.99,66815.11,66977.55,171.93664
2026-03-01 14:05:00,66977.55,67320.19,66974.95,67056.06,177.94122
2026-03-01 14:10:00,67056.07,67152.07,66979.16,67073.12,41.97798
2026-03-01 14:15:00,67073.12,67114.29,66968.34,67009.19,49.83506
2026-03-01 14:20:00,67009.43,67019.64,66763.63,66896.53,96.13123
2026-03-01 14:25:00,66896.52,66985.23,66852.33,66917.8,40.31225
2026-03-01 14:30:00,66917.79,67045.21,66832.29,66999.71,45.51637
2026-03-01 14:35:00,66999.71,66999.71,66876.44,66900.0,25.22936
2026-03-01 14:40:00,66900.0,66971.12,66752.58,66826.3,91.55466
2026-03-01 14:45:00,66826.29,66972.85,66782.39,66914.12,70.06317
2026-03-01 14:50:00,66914.12,66914.5,66773.8,66852.36,50.71552
2026-03-01 14:55:00,66852.35,66897.49,66812.21,66847.8,50.41285
2026-03-01 15:00:00,66847.8,66995.64,66833.76,66955.06,32.56308
2026-03-01 15:05:00,66955.06,67007.72,66844.78,66971.46,172.32425
2026-03-01 15:10:00,66971.47,67115.99,66938.0,67115.18,85.37467
2026-03-01 15:15:00,67115.19,67241.83,67063.25,67114.84,87.57322
2026-03-01 15:20:00,67114.83,67182.53,67000.0,67059.71,56.03737
2026-03-01 15:25:00,67059.72,67190.0,67059.71,67077.22,198.68442
2026-03-01 15:30:00,67077.23,67181.5,67077.22,67177.17,43.65925
2026-03-01 15:35:00,67177.17,67216.86,67100.0,67196.78,73.24494
2026-03-01 15:40:00,67196.78,67230.24,67137.38,67215.0,50.84318
2026-03-01 15:45:00,67215.0,67222.13,67159.37,67173.36,103.76008
2026-03-01 15:50:00,67173.36,67243.69,67082.91,67100.78,45.40492
2026-03-01 15:55:00,67100.78,67163.04,66828.6,66842.42,79.08638
2026-03-01 16:00:00,66842.42,67012.29,66690.89,66948.79,133.53368
2026-03-01 16:05:00,66948.79,66973.42,66870.3,66966.47,57.30922
2026-03-01 16:10:00,66966.47,67050.0,66936.01,66946.19,49.22269
2026-03-01 16:15:00,66946.18,67040.09,66923.39,66944.68,82.31757
2026-03-01 16:20:00,66944.68,66966.25,66800.04,66912.24,136.30251
2026-03-01 16:25:00,66912.23,67112.37,66903.35,67029.87,55.40278
2026-03-01 16:30:00,67029.87,67049.69,66970.31,67008.97,53.78526
2026-03-01 16:35:00,67008.97,67064.74,66989.55,67003.99,41.61612
2026-03-01 16:40:00,67004.0,67004.0,66828.52,66828.52,50.20901
2026-03-01 16:45:00,66828.51,66836.5,65860.92,66092.08,403.04131
2026-03-01 16:50:00,66094.38,66203.35,65730.28,66125.36,376.75293
2026-03-01 16:55:00,66125.36,66228.27,66093.81,66135.45,61.24988
2026-03-01 17:00:00,66135.45,66219.77,65988.24,66127.84,75.87517
2026-03-01 17:05:00,66127.83,66211.09,66099.63,66180.69,62.5415
2026-03-01 17:10:00,66180.7,66218.06,66005.98,66110.94,81.12605
2026-03-01 17:15:00,66110.94,66118.66,65699.98,65835.27,213.9903
2026-03-01 17:20:00,65835.27,66055.03,65738.98,66002.04,63.19335
2026-03-01 17:25:00,66002.04,66066.57,65965.99,66022.34,76.71788
2026-03-01 17:30:00,66022.33,66067.34,65936.0,66059.02,26.1589
2026-03-01 17:35:00,66059.01,66131.17,66026.44,66026.45,104.93288
2026-03-01 17:40:00,66026.45,66095.83,66010.0,66015.56,37.26314
2026-03-01 17:45:00,66015.56,66095.58,65933.87,66046.52,112.82544
2026-03-01 17:50:00,66046.53,66112.54,66011.76,66016.93,38.53118
2026-03-01 17:55:00,66016.93,66091.79,65958.0,65979.61,59.04151
2026-03-01 18:00:00,65979.61,66502.79,65979.61,66396.37,257.34161
2026-03-01 18:05:00,66396.9,66601.44,66396.9,66491.2,66.99993
2026-03-01 18:10:00,66491.2,66491.2,66382.09,66395.96,35.82678
2026-03-01 18:15:00,66395.96,66657.44,66387.37,66387.37,156.97004
2026-03-01 18:20:00,66387.37,66464.04,66362.0,66364.69,28.70794
2026-03-01 18:25:00,66364.69,66428.85,66364.69,66415.94,18.91195
2026-03-01 18:30:00,66415.94,66435.2,66243.7,66410.55,165.00886
2026-03-01 18:35:00,66410.56,66454.93,66366.01,66386.85,17.90964
2026-03-01 18:40:00,66386.85,66438.71,66354.0,66367.14,39.60397
2026-03-01 18:45:00,66367.15,66430.27,66358.62,66380.0,61.1008
2026-03-01 18:50:00,66379.99,66385.73,66279.33,66290.42,39.55925
2026-03-01 18:55:00,66290.41,66320.98,66251.2,66316.83,18.14188
2026-03-01 19:00:00,66316.84,66345.95,66277.29,66277.3,32.34548
2026-03-01 19:05:00,66277.29,66305.68,66163.99,66305.67,49.53164
2026-03-01 19:10:00,66305.68,66316.62,66055.2,66079.47,41.42368
2026-03-01 19:15:00,66079.47,66121.19,65953.12,66057.6,64.28488
2026-03-01 19:20:00,66057.59,66069.96,65982.08,66019.83,14.70683
2026-03-01 19:25:00,66019.83,66039.6,65968.72,66008.42,28.9261
2026-03-01 19:30:00,66008.42,66108.88,65972.3,66005.95,87.86617
2026-03-01 19:35:00,66005.96,66057.81,65999.17,65999.17,44.90561
2026-03-01 19:40:00,65998.81,66048.68,65772.29,65823.64,92.98822
2026-03-01 19:45:00,65823.65,65952.53,65823.65,65906.56,27.43371
2026-03-01 19:50:00,65906.56,65914.0,65815.51,65914.0,31.10186
2026-03-01 19:55:00,65914.0,66001.0,65912.48,65962.17,25.64213
2026-03-01 20:00:00,65962.16,65962.16,65831.4,65922.44,23.28064
2026-03-01 20:05:00,65922.45,65952.72,65576.08,65587.59,122.3506
2026-03-01 20:10:00,65587.59,65600.28,65376.82,65454.66,149.4524
2026-03-01 20:15:00,65454.67,65604.65,65416.44,65497.03,99.2564
2026-03-01 20:20:00,65497.02,65552.9,65380.75,65433.36,41.21222
2026-03-01 20:25:00,65433.36,65471.87,65313.84,65313.84,43.09045
2026-03-01 20:30:00,65313.85,65363.76,65101.01,65207.44,110.74927
2026-03-01 20:35:00,65207.44,65281.56,65084.02,65192.92,92.59143
2026-03-01 20:40:00,65192.92,65344.29,65111.24,65257.78,129.84799
2026-03-01 20:45:00,65257.78,65310.0,65206.8,65226.73,39.12648
2026-03-01 20:50:00,65226.73,65407.11,65226.72,65314.55,67.17707
2026-03-01 20:55:00,65314.54,65379.51,65280.35,65300.0,43.07854
2026-03-01 21:00:00,65300.01,65405.01,65288.23,65288.23,121.03028
2026-03-01 21:05:00,65288.22,65374.45,65281.83,65340.12,155.95462
2026-03-01 21:10:00,65340.13,65533.72,65340.12,65515.83,52.66738
2026-03-01 21:15:00,65515.82,65576.13,65479.48,65574.92,44.81532
2026-03-01 21:20:00,65574.93,65690.69,65554.2,65613.1,53.17477
2026-03-01 21:25:00,65613.09,65620.28,65498.9,65598.15,175.20201
2026-03-01 21:30:00,65598.16,65654.06,65540.48,65555.6,80.22184
2026-03-01 21:35:00,65555.59,65671.56,65555.59,65666.08,22.14142
2026-03-01 21:40:00,65666.08,65703.75,65551.24,65673.05,74.19048
2026-03-01 21:45:00,65673.04,65681.55,65581.85,65680.0,61.33064
2026-03-01 21:50:00,65680.01,65713.44,65646.08,65664.12,24.04116
2026-03-01 21:55:00,65664.13,65756.5,65664.12,65666.2,131.73534
2026-03-01 22:00:00,65666.19,65774.98,65620.97,65735.34,34.12211
2026-03-01 22:05:00,65735.34,65747.51,65525.62,65525.63,44.91477
2026-03-01 22:10:00,65525.63,66491.43,65522.77,66008.9,525.65364
2026-03-01 22:15:00,66008.9,66198.9,65983.99,66102.56,124.56835
2026-03-01 22:20:00,66102.57,66129.88,66000.0,66123.45,45.20849
2026-03-01 22:25:00,66123.45,66123.46,65770.0,65878.45,90.06962
2026-03-01 22:30:00,65878.46,65948.32,65270.67,65301.43,148.10236
2026-03-01 22:35:00,65301.43,65436.78,65122.59,65300.0,304.87472
2026-03-01 22:40:00,65300.01,65546.47,65259.47,65398.05,194.16423
2026-03-01 22:45:00,65398.05,65408.88,65056.0,65159.39,126.6709
2026-03-01 22:50:00,65159.39,65368.39,65159.38,65354.84,68.57814
2026-03-01 22:55:00,65354.84,65369.9,65200.0,65268.71,56.36743
2026-03-01 23:00:00,65268.71,65700.0,65125.67,65699.99,164.52993
2026-03-01 23:05:00,65699.99,66027.94,65674.42,66023.38,103.49104
2026-03-01 23:10:00,66023.37,66080.0,65796.0,65808.55,60.72636
2026-03-01 23:15:00,65808.55,65884.0,65740.82,65826.96,60.81709
2026-03-01 23:20:00,65826.97,65872.22,65680.94,65787.14,121.06131
2026-03-01 23:25:00,65787.15,65792.11,65620.98,65635.74,23.9144
2026-03-01 23:30:00,65635.74,65694.73,65605.58,65613.43,58.39901
2026-03-01 23:35:00,65613.43,65872.72,65613.42,65849.45,44.41161
2026-03-01 23:40:00,65849.45,65865.69,65669.61,65751.14,38.26212
2026-03-01 23:45:00,65751.14,65870.23,65680.8,65824.19,109.88192
2026-03-01 23:50:00,65824.2,65824.2,65666.76,65699.99,20.3274
2026-03-01 23:55:00,65699.98,65776.47,65667.93,65776.47,26.13305
2026-03-02 00:00:00,65776.48,65923.52,65761.04,65897.9,62.04884
2026-03-02 00:05:00,65897.9,66018.8,65790.1,66012.5,140.58795
2026-03-02 00:10:00,66012.5,66220.84,65986.01,65986.01,71.2122
2026-03-02 00:15:00,65986.0,65986.01,65808.43,65922.98,40.98102
2026-03-02 00:20:00,65922.97,66043.95,65842.75,66015.1,26.49553
2026-03-02 00:25:00,66015.1,66060.0,65850.0,65936.44,32.29576
2026-03-02 00:30:00,65936.43,66114.28,65929.5,65988.49,34.93543
2026-03-02 00:35:00,65988.5,66170.18,65988.49,66124.49,28.15006
2026-03-02 00:40:00,66124.49,66640.32,66088.24,66640.32,94.55778
2026-03-02 00:45:00,66640.69,66796.44,66460.0,66565.4,233.3511
2026-03-02 00:50:00,66565.4,66726.66,66479.37,66539.77,148.60341
2026-03-02 00:55:00,66539.78,66599.9,66490.0,66501.52,76.86352
2026-03-02 01:00:00,66501.52,66640.47,66400.91,66536.57,112.14052
2026-03-02 01:05:00,66536.57,66778.68,66358.45,66747.17,118.0712
2026-03-02 01:10:00,66747.24,67079.0,66747.24,66923.05,196.21176
2026-03-02 01:15:00,66923.05,67004.16,66798.54,66798.54,88.1055
2026-03-02 01:20:00,66798.54,66799.1,66561.18,66592.91,51.43134
2026-03-02 01:25:00,66592.92,66647.99,66496.2,66561.45,37.66023
2026-03-02 01:30:00,66561.45,66657.53,66545.36,66602.94,37.71752
2026-03-02 01:35:00,66602.94,66640.43,66539.63,66630.95,34.82553
2026-03-02 01:40:00,66630.96,66702.3,66548.83,66578.24,34.5402
2026-03-02 01:45:00,66578.25,66620.87,66418.82,66492.02,72.09472
2026-03-02 01:50:00,66492.03,66672.97,66464.39,66622.81,76.01629
2026-03-02 01:55:00,66622.82,66625.64,66506.51,66532.02,28.1159
2026-03-02 02:00:00,66532.02,66589.26,66478.0,66551.76,38.88054
2026-03-02 02:05:00,66551.76,66609.94,66132.38,66181.87,117.52895
2026-03-02 02:10:00,66181.86,66181.87,65890.5,66094.29,101.96563
2026-03-02 02:15:00,66094.29,66211.08,66038.35,66086.0,51.46331
2026-03-02 02:20:00,66086.0,66255.55,66038.35,66214.65,56.86849
2026-03-02 02:25:00,66214.65,66255.55,66175.64,66193.28,32.64941
2026-03-02 02:30:00,66193.29,66384.72,66162.9,66335.17,30.82375
2026-03-02 02:35:00,66335.18,66455.92,66312.85,66404.49,30.00944
2026-03-02 02:40:00,66404.5,66418.62,66286.17,66322.47,20.45875
2026-03-02 02:45:00,66322.47,66398.39,66228.0,66236.27,24.78492
2026-03-02 02:50:00,66236.27,66318.0,66225.66,66253.64,23.10488
2026-03-02 02:55:00,66253.65,66364.26,66253.64,66276.77,25.62458
2026-03-02 03:00:00,66276.77,66297.03,66101.07,66180.24,31.43349
2026-03-02 03:05:00,66180.24,66376.4,66174.0,66356.03,33.42731
2026-03-02 03:10:00,66356.03,66598.19,66356.03,66493.01,66.45263
2026-03-02 03:15:00,66493.01,66647.05,66465.16,66632.44,44.78225
2026-03-02 03:20:00,66632.44,66805.01,66606.0,66763.44,51.94735
2026-03-02 03:25:00,66763.3,66867.09,66677.33,66779.82,35.02794
2026-03-02 03:30:00,66779.83,66888.4,66708.62,66761.14,38.82828
2026-03-02 03:35:00,66761.15,67037.22,66745.82,66874.69,86.37453
2026-03-02 03:40:00,66874.69,66954.66,66839.36,66893.47,28.61404
2026-03-02 03:45:00,66893.46,66944.68,66878.02,66896.98,25.40085
2026-03-02 03:50:00,66896.98,67025.35,66860.29,66880.0,33.56661
2026-03-02 03:55:00,66880.01,66895.84,66810.0,66820.03,33.55712
2026-03-02 04:00:00,66820.03,66843.65,66740.0,66740.0,58.45994
2026-03-02 04:05:00,66740.0,66780.55,66717.6,66727.37,29.60203
2026-03-02 04:10:00,66727.37,66771.12,66678.22,66744.06,19.69566
2026-03-02 04:15:00,66744.07,66817.0,66667.23,66722.23,49.53167
2026-03-02 04:20:00,66722.23,66872.0,66672.6,66785.76,48.64789
2026-03-02 04:25:00,66785.75,66946.19,66782.31,66937.99,17.63871
2026-03-02 04:30:00,66937.99,66975.74,66851.37,66927.0,56.42813
2026-03-02 04:35:00,66927.0,66927.0,66633.32,66842.33,277.29826
2026-03-02 04:40:00,66842.32,66872.8,66770.34,66818.55,19.59277
2026-03-02 04:45:00,66818.54,66818.54,66633.32,66674.32,47.35817
2026-03-02 04:50:00,66674.31,66766.6,66633.13,66744.83,46.63224
2026-03-02 04:55:00,66744.83,66862.12,66716.27,66862.12,79.76656
2026-03-02 05:00:00,66862.11,66900.0,66632.3,66689.01,178.59811
2026-03-02 05:05:00,66689.01,66689.01,66547.81,66649.57,54.1532
2026-03-02 05:10:00,66649.57,66727.87,66649.57,66710.4,22.86466
2026-03-02 05:15:00,66710.39,66823.37,66710.39,66759.14,61.55027
2026-03-02 05:20:00,66759.15,66773.32,66596.71,66635.09,68.24294
2026-03-02 05:25:00,66635.1,66733.03,66635.1,66679.8,49.40565
2026-03-02 05:30:00,66679.81,66760.35,66670.5,66746.62,64.79429
2026-03-02 05:35:00,66746.63,66803.0,66737.02,66750.41,53.69676
2026-03-02 05:40:00,66750.41,66995.64,66741.31,66976.9,116.57628
2026-03-02 05:45:00,66976.9,66977.28,66846.28,66893.0,110.11977
2026-03-02 05:50:00,66893.0,66916.42,66825.24,66831.59,47.55875
2026-03-02 05:55:00,66831.59,66832.84,66684.69,66730.78,59.6339
2026-03-02 06:00:00,66730.78,66739.45,66529.33,66595.19,73.71106
2026-03-02 06:05:00,66595.2,66633.6,66516.11,66556.08,45.058
2026-03-02 06:10:00,66556.18,66617.76,66556.18,66609.38,25.44273
2026-03-02 06:15:00,66609.38,66637.39,66230.03,66230.04,75.78035
2026-03-02 06:20:00,66230.04,66284.88,66066.53,66144.87,75.22326
2026-03-02 06:25:00,66144.88,66292.32,66144.88,66275.9,51.76327
2026-03-02 06:30:00,66275.9,66313.0,66214.95,66308.32,36.94862
2026-03-02 06:35:00,66308.33,66310.49,66193.24,66243.43,32.11939
2026-03-02 06:40:00,66243.43,66293.64,66205.69,66269.9,20.4713
2026-03-02 06:45:00,66269.9,66269.9,66096.23,66161.96,80.25332
2026-03-02 06:50:00,66161.95,66188.23,66062.83,66161.32,94.89961
2026-03-02 06:55:00,66161.31,66242.58,66161.31,66204.9,66.08876
2026-03-02 07:00:00,66204.9,66209.46,65963.5,65968.22,98.35241
2026-03-02 07:05:00,65968.23,66028.67,65625.01,65665.67,247.64729
2026-03-02 07:10:00,65665.67,65789.62,65608.3,65698.37,103.28478
2026-03-02 07:15:00,65698.38,65758.0,65550.0,65550.01,199.07496
2026-03-02 07:20:00,65550.01,65767.21,65542.6,65744.56,150.40149
2026-03-02 07:25:00,65744.56,65859.44,65734.79,65800.01,65.43621
2026-03-02 07:30:00,65800.0,65874.4,65782.01,65794.94,68.63662
2026-03-02 07:35:00,65794.95,65983.67,65794.94,65979.13,108.59717
2026-03-02 07:40:00,65979.13,65981.31,65889.62,65964.88,99.44731
2026-03-02 07:45:00,65964.89,65994.11,65901.78,65951.96,61.6553
2026-03-02 07:50:00,65951.95,65981.33,65926.63,65926.64,41.9241
2026-03-02 07:55:00,65926.64,66029.42,65904.44,66007.52,50.40141
2026-03-02 08:00:00,66007.8,66015.36,65759.69,65823.76,312.52483
2026-03-02 08:05:00,65823.76,65924.0,65816.17,65892.2,36.48899
2026-03-02 08:10:00,65892.2,66064.0,65664.13,66058.05,79.67643
2026-03-02 08:15:00,66058.05,66126.68,65822.25,65988.38,116.05203
2026-03-02 08:20:00,65988.38,65992.51,65713.42,65770.64,77.48593
2026-03-02 08:25:00,65770.64,65833.28,65654.54,65736.37,52.35376
2026-03-02 08:30:00,65736.38,65864.38,65725.71,65784.97,58.93609
2026-03-02 08:35:00,65784.97,65949.7,65771.79,65928.67,36.59684
2026-03-02 08:40:00,65928.67,66026.14,65908.0,65980.23,32.14722
2026-03-02 08:45:00,65980.23,66079.66,65974.27,66054.74,52.37562
2026-03-02 08:50:00,66054.74,66306.0,66054.73,66213.48,203.15504
2026-03-02 08:55:00,66213.48,66293.46,66213.48,66282.0,46.61854
2026-03-02 09:00:00,66281.99,66394.73,66210.0,66238.35,63.6484
2026-03-02 09:05:00,66238.34,66357.8,66210.0,66356.59,22.85256
2026-03-02 09:10:00,66356.6,66492.2,66356.59,66393.4,42.87467
2026-03-02 09:15:00,66393.41,66602.94,66393.4,66537.86,192.25873
2026-03-02 09:20:00,66537.87,66720.84,66428.08,66492.72,245.43475
2026-03-02 09:25:00,66492.72,66514.49,66385.44,66395.85,186.24292
2026-03-02 09:30:00,66395.86,66519.06,66392.76,66472.39,74.67029
2026-03-02 09:35:00,66472.39,66538.99,66317.9,66386.5,409.24581
2026-03-02 09:40:00,66386.51,66422.78,66316.64,66380.44,166.90816
2026-03-02 09:45:00,66380.44,66383.98,66307.29,66344.86,152.8933
2026-03-02 09:50:00,66344.86,66380.16,66240.93,66302.35,141.35784
2026-03-02 09:55:00,66302.35,66320.24,66164.96,66168.62,87.89683
2026-03-02 10:00:00,66168.61,66352.0,66110.93,66288.66,59.05969
2026-03-02 10:05:00,66288.67,66349.46,66265.73,66316.26,41.15369
2026-03-02 10:10:00,66316.25,66324.96,66079.24,66144.63,59.59447
2026-03-02 10:15:00,66144.62,66202.83,66141.83,66171.72,16.0144
2026-03-02 10:20:00,66171.72,66229.86,66154.04,66223.42,24.07283
2026-03-02 10:25:00,66223.42,66263.71,66153.85,66259.7,17.27869
2026-03-02 10:30:00,66259.71,66291.0,66217.38,66286.18,25.4736
2026-03-02 10:35:00,66286.18,66381.74,66153.86,66381.74,31.23123
2026-03-02 10:40:00,66381.73,66381.73,66225.66,66282.61,29.81837
2026-03-02 10:45:00,66282.61,66290.01,66218.42,66290.0,45.34407
2026-03-02 10:50:00,66290.0,66290.0,66135.44,66200.0,43.7143
2026-03-02 10:55:00,66200.0,66318.41,66170.54,66316.4,43.53504
2026-03-02 11:00:00,66316.39,66316.4,66205.6,66283.79,96.21158
2026-03-02 11:05:00,66283.79,66288.78,66061.22,66112.41,41.23214
2026-03-02 11:10:00,66112.41,66184.02,66088.1,66088.1,114.4083
2026-03-02 11:15:00,66088.1,66150.0,66034.9,66149.99,54.56689
2026-03-02 11:20:00,66150.0,66236.01,66034.9,66189.42,161.3557
2026-03-02 11:25:00,66189.42,66205.76,66024.91,66064.89,147.88191
2026-03-02 11:30:00,66064.88,66139.19,66003.59,66075.0,152.66092
2026-03-02 11:35:00,66075.0,66251.7,66074.99,66212.81,101.48909
2026-03-02 11:40:00,66212.8,66366.74,66190.78,66289.63,38.89093
2026-03-02 11:45:00,66289.62,66462.4,66289.62,66350.58,65.23648
2026-03-02 11:50:00,66350.59,66403.68,66251.6,66259.73,43.9174
2026-03-02 11:55:00,66259.73,66359.68,66259.72,66359.68,16.92841
2026-03-02 12:00:00,66359.67,66391.38,66251.6,66383.39,34.42624
2026-03-02 12:05:00,66383.39,66383.39,66322.79,66349.72,26.66202
2026-03-02 12:10:00,66349.72,66381.42,66316.0,66338.92,31.7926
2026-03-02 12:15:00,66338.92,66338.93,66185.94,66212.29,26.38631
2026-03-02 12:20:00,66212.28,66250.11,66083.94,66116.97,44.88019
2026-03-02 12:25:00,66116.98,66150.41,66116.98,66134.9,16.93195
2026-03-02 12:30:00,66134.91,66147.88,66066.26,66120.37,23.85447
2026-03-02 12:35:00,66120.36,66120.37,65981.76,66041.37,81.25422
2026-03-02 12:40:00,66041.36,66067.29,65948.5,65985.39,71.30012
2026-03-02 12:45:00,65985.39,66009.24,65874.92,66000.39,231.43582
2026-03-02 12:50:00,66000.39,66047.09,65967.97,65992.87,115.84739
2026-03-02 12:55:00,65992.87,65992.87,65912.01,65963.43,58.32241
2026-03-02 13:00:00,65963.43,65969.7,65866.76,65883.92,107.28187
2026-03-02 13:05:00,65883.91,66000.0,65782.64,65841.22,133.33364
2026-03-02 13:10:00,65841.23,65964.52,65833.45,65858.82,52.68071
2026-03-02 13:15:00,65858.82,65980.0,65832.74,65952.82,120.69365
2026-03-02 13:20:00,65952.82,66079.73,65943.23,66048.99,145.62811
2026-03-02 13:25:00,66048.98,66157.28,65760.34,65815.35,158.85839
2026-03-02 13:30:00,65815.35,65941.67,65706.66,65850.29,98.03758
2026-03-02 13:35:00,65850.29,65920.2,65719.9,65733.54,32.27356
2026-03-02 13:40:00,65733.54,65785.61,65506.49,65587.56,263.86098
2026-03-02 13:45:00,65587.55,65641.01,65473.98,65476.77,90.86991
2026-03-02 13:50:00,65476.76,65500.34,65350.0,65427.73,181.02398
2026-03-02 13:55:00,65427.99,65500.01,65379.43,65440.01,192.27107
2026-03-02 14:00:00,65440.01,65452.33,65259.21,65407.33,502.68084
2026-03-02 14:05:00,65407.33,65557.14,65407.33,65525.01,114.08358
2026-03-02 14:10:00,65525.0,65609.02,65478.36,65548.99,63.33713
2026-03-02 14:15:00,65548.98,65631.1,65437.85,65483.78,72.45085
2026-03-02 14:20:00,65483.78,65544.72,65382.35,65486.82,63.92036
2026-03-02 14:25:00,65486.82,65665.99,65390.1,65589.08,102.10046
2026-03-02 14:30:00,65589.08,66355.15,65582.55,66262.25,422.84384
2026-03-02 14:35:00,66262.25,66450.0,66074.3,66342.41,260.27415
2026-03-02 14:40:00,66342.41,66674.86,66226.44,66626.06,236.65935
2026-03-02 14:45:00,66626.05,67107.36,66481.25,67001.05,520.96196
2026-03-02 14:50:00,67001.05,67220.81,66893.85,66975.08,430.5154
2026-03-02 14:55:00,66975.08,67179.99,66850.31,67177.06,225.30921
2026-03-02 15:00:00,67177.05,67430.0,66975.29,67258.82,493.82034
2026-03-02 15:05:00,67258.82,67850.0,67248.9,67741.88,451.69241
2026-03-02 15:10:00,67741.88,68453.37,67733.0,68425.1,608.80848
2026-03-02 15:15:00,68425.1,68611.11,68252.42,68378.0,474.65348
2026-03-02 15:20:00,68377.99,68762.79,68361.13,68640.74,388.16295
2026-03-02 15:25:00,68640.34,68800.0,68421.18,68556.0,232.08687
2026-03-02 15:30:00,68555.99,68950.0,68431.99,68866.15,416.92654
2026-03-02 15:35:00,68866.16,69480.49,68866.16,69451.48,595.29124
2026-03-02 15:40:00,69451.47,69530.0,69199.11,69516.47,447.85925
2026-03-02 15:45:00,69516.47,69617.74,69278.7,69283.6,501.92115
2026-03-02 15:50:00,69283.6,69478.08,68791.59,68960.56,417.60439
2026-03-02 15:55:00,68960.55,69169.68,68888.7,69130.2,447.74164
2026-03-02 16:00:00,69130.2,69284.96,68933.69,69265.8,326.51795
2026-03-02 16:05:00,69265.8,69756.53,69161.84,69738.01,475.34601
2026-03-02 16:10:00,69738.01,69775.91,69569.0,69665.12,243.02014
2026-03-02 16:15:00,69665.11,69675.29,69414.5,69457.2,203.28718
2026-03-02 16:20:00,69457.2,69749.71,69449.24,69588.27,153.04867
2026-03-02 16:25:00,69588.27,69620.0,69278.7,69383.65,296.42314
2026-03-02 16:30:00,69383.64,69514.1,69194.3,69273.58,197.73375
2026-03-02 16:35:00,69273.59,69365.42,69070.6,69172.72,226.84217
2026-03-02 16:40:00,69172.71,69880.0,69167.61,69861.03,275.35198
2026-03-02 16:45:00,69861.03,70096.0,69766.06,69826.9,662.23349
2026-03-02 16:50:00,69826.89,69841.38,69628.04,69631.37,144.02466
2026-03-02 16:55:00,69631.36,69635.66,69408.39,69428.62,236.20274
2026-03-02 17:00:00,69428.62,69578.0,69362.0,69571.43,138.97552
2026-03-02 17:05:00,69571.42,69571.42,69291.74,69310.5,87.45333
2026-03-02 17:10:00,69310.49,69479.6,69260.0,69418.51,93.85167
2026-03-02 17:15:00,69418.51,69550.0,69175.41,69288.92,168.67814
2026-03-02 17:20:00,69288.91,69456.56,69271.71,69409.18,70.871
2026-03-02 17:25:00,69409.18,69444.0,69200.0,69406.33,109.5776
2026-03-02 17:30:00,69406.33,69445.32,69293.93,69301.68,82.55094
2026-03-02 17:35:00,69301.68,69425.25,69101.35,69110.1,158.69467
2026-03-02 17:40:00,69110.51,69199.99,68803.18,68844.77,239.9106
2026-03-02 17:45:00,68844.76,69019.6,68793.88,68956.72,137.77882
2026-03-02 17:50:00,68956.73,69191.99,68915.39,69182.05,88.07255
2026-03-02 17:55:00,69182.05,69200.0,69041.77,69198.0,69.02666
2026-03-02 18:00:00,69198.0,69198.0,68727.83,68927.4,104.50854
2026-03-02 18:05:00,68927.41,69072.72,68927.41,69016.4,67.46012
2026-03-02 18:10:00,69016.4,69198.0,68954.64,69190.32,93.68761
2026-03-02 18:15:00,69190.32,69190.32,68984.86,68998.76,69.8025
2026-03-02 18:20:00,68998.76,69083.72,68958.0,69044.54,58.33817
2026-03-02 18:25:00,69044.54,69199.36,68986.51,69089.06,119.2272
2026-03-02 18:30:00,69089.07,69268.15,69033.86,69185.89,165.31606
2026-03-02 18:35:00,69185.88,69192.75,69001.62,69056.64,61.61681
2026-03-02 18:40:00,69057.03,69133.7,68926.66,69125.47,85.0039
2026-03-02 18:45:00,69125.47,69174.12,68995.58,69106.65,44.54785
2026-03-02 18:50:00,69106.65,69174.8,68937.6,69041.14,46.7229
2026-03-02 18:55:00,69041.15,69047.83,68820.5,68877.67,139.51144
2026-03-02 19:00:00,68877.67,68938.66,68717.7,68895.23,160.65686
2026-03-02 19:05:00,68895.23,68896.63,68590.6,68774.52,87.36586
2026-03-02 19:10:00,68774.52,68774.52,68576.18,68745.59,55.86922
2026-03-02 19:15:00,68745.59,68910.38,68743.51,68875.52,71.93508
2026-03-02 19:20:00,68875.52,68965.97,68775.99,68846.0,92.503
2026-03-02 19:25:00,68846.0,68887.31,68803.0,68824.0,45.67058
2026-03-02 19:30:00,68824.0,68966.52,68717.7,68899.18,101.24156
2026-03-02 19:35:00,68899.18,69049.32,68878.54,68878.54,60.96193
2026-03-02 19:40:00,68878.55,68900.53,68782.87,68782.88,57.456
2026-03-02 19:45:00,68782.88,68930.25,68764.4,68928.62,28.93464
2026-03-02 19:50:00,68928.62,69008.21,68868.18,68939.19,72.60182
2026-03-02 19:55:00,68939.18,69012.82,68918.0,68966.53,51.69459
2026-03-02 20:00:00,68966.52,69209.71,68932.09,69140.28,111.68871
2026-03-02 20:05:00,69140.28,69154.51,68798.71,68888.37,125.09359
2026-03-02 20:10:00,68888.37,68893.91,68584.9,68738.01,146.53059
2026-03-02 20:15:00,68738.0,68976.0,68669.3,68882.01,36.6801
2026-03-02 20:20:00,68882.02,68994.0,68824.07,68979.09,29.65102
2026-03-02 20:25:00,68979.09,69058.32,68908.83,68951.73,38.44272
2026-03-02 20:30:00,68951.74,69147.06,68912.0,69106.12,32.31924
2026-03-02 20:35:00,69106.12,69160.91,69032.45,69050.38,69.14944
2026-03-02 20:40:00,69050.39,69229.75,69045.87,69229.75,54.94642
2026-03-02 20:45:00,69229.74,69428.24,69192.49,69397.72,167.16129
2026-03-02 20:50:00,69397.72,69505.0,69291.88,69339.62,113.13281
2026-03-02 20:55:00,69339.61,69379.31,69077.57,69106.58,103.34232
2026-03-02 21:00:00,69106.58,69160.72,69000.71,69089.33,79.80088
2026-03-02 21:05:00,69089.34,69261.7,69074.81,69182.23,28.18611
2026-03-02 21:10:00,69182.23,69297.6,69086.83,69281.63,35.02659
2026-03-02 21:15:00,69281.63,69288.86,69199.08,69199.62,20.13745
2026-03-02 21:20:00,69199.62,69407.86,69174.7,69402.86,25.42537
2026-03-02 21:25:00,69403.73,69432.15,69299.99,69414.6,23.34803
2026-03-02 21:30:00,69414.6,69437.34,69337.99,69422.3,39.90096
2026-03-02 21:35:00,69422.29,69481.46,69367.02,69451.08,43.60016
2026-03-02 21:40:00,69451.07,69456.82,69383.9,69456.82,31.9625
2026-03-02 21:45:00,69457.18,69539.77,69435.26,69440.29,65.2597
2026-03-02 21:50:00,69440.29,69506.94,69405.89,69470.87,20.9859
2026-03-02 21:55:00,69470.54,69500.0,69385.19,69413.82,27.75017
2026-03-02 22:00:00,69413.82,69501.62,69335.06,69335.06,38.68564
2026-03-02 22:05:00,69335.07,69489.7,69335.07,69451.52,38.32932
2026-03-02 22:10:00,69451.52,69465.24,69219.51,69241.53,124.04222
2026-03-02 22:15:00,69241.53,69264.0,69136.36,69186.44,249.1074
2026-03-02 22:20:00,69186.44,69294.25,69186.44,69274.93,148.31408
2026-03-02 22:25:00,69274.93,69378.0,69244.98,69364.45,106.66856
2026-03-02 22:30:00,69364.45,69439.77,69290.98,69300.64,43.28284
2026-03-02 22:35:00,69300.65,69382.9,69298.96,69373.03,30.46265
2026-03-02 22:40:00,69373.03,69410.89,69299.14,69410.88,160.07028
2026-03-02 22:45:00,69410.88,69425.24,69291.81,69301.5,129.20425
2026-03-02 22:50:00,69301.51,69369.28,69241.46,69340.8,144.22686
2026-03-02 22:55:00,69340.8,69440.49,69287.47,69440.49,118.19828
2026-03-02 23:00:00,69440.48,69479.58,69252.0,69337.69,55.42859
2026-03-02 23:05:00,69337.7,69354.59,69288.96,69310.99,36.87178
2026-03-02 23:10:00,69310.33,69357.72,69215.4,69223.24,28.7957
2026-03-02 23:15:00,69223.25,69261.69,69154.86,69239.19,77.72961
2026-03-02 23:20:00,69239.2,69253.47,68990.98,69068.51,112.66353
2026-03-02 23:25:00,69068.51,69131.03,69000.0,69002.93,33.35453
2026-03-02 23:30:00,69002.92,69014.26,68809.19,68836.0,119.336
2026-03-02 23:35:00,68836.0,68912.1,68774.01,68831.01,32.28278
2026-03-02 23:40:00,68831.0,68855.96,68758.4,68796.86,44.24985
2026-03-02 23:45:00,68796.86,68965.67,68740.0,68917.02,49.13817
2026-03-02 23:50:00,68917.01,68917.02,68776.54,68821.17,21.62027
2026-03-02 23:55:00,68821.17,68845.52,68762.53,68830.06,26.25897
2026-03-03 00:00:00,68830.06,68974.49,68773.08,68948.0,62.57919
2026-03-03 00:05:00,68948.0,69004.4,68891.12,68942.95,78.78368
2026-03-03 00:10:00,68942.95,68944.0,68750.68,68809.99,27.60787
2026-03-03 00:15:00,68810.0,68882.0,68708.33,68720.01,37.86168
2026-03-03 00:20:00,68720.01,68770.96,68644.38,68733.76,38.9446
2026-03-03 00:25:00,68733.76,68802.0,68677.02,68801.99,16.47614
2026-03-03 00:30:00,68802.0,68987.01,68680.51,68956.87,57.95001
2026-03-03 00:35:00,68956.86,69118.79,68932.21,69102.16,152.02848
2026-03-03 00:40:00,69102.17,69166.61,69101.2,69108.17,31.0921
2026-03-03 00:45:00,69108.18,69166.0,68936.11,68977.7,43.40147
2026-03-03 00:50:00,68977.71,69026.0,68898.37,68989.2,25.80188
2026-03-03 00:55:00,68989.21,69111.56,68917.21,69092.88,30.38365
2026-03-03 01:00:00,69092.89,69095.18,68924.75,69065.95,22.81867
2026-03-03 01:05:00,69065.96,69160.0,69026.98,69087.81,38.59183
2026-03-03 01:10:00,69087.81,69258.08,69067.59,69132.08,26.14481
2026-03-03 01:15:00,69132.08,69144.17,68886.28,68905.0,39.76544
2026-03-03 01:20:00,68905.0,69045.44,68888.0,69003.23,89.38917
2026-03-03 01:25:00,69003.23,69054.0,68904.2,68909.32,13.40274
2026-03-03 01:30:00,68909.31,69068.54,68760.0,68996.6,43.25318
2026-03-03 01:35:00,68996.6,69000.0,68910.28,69000.0,42.1351
2026-03-03 01:40:00,69000.0,69050.0,68870.0,69032.82,44.51152
2026-03-03 01:45:00,69032.83,69050.0,68862.5,69050.0,23.6464
2026-03-03 01:50:00,69050.0,69050.0,68865.17,68875.06,19.04686
2026-03-03 01:55:00,68875.06,68900.96,68755.0,68760.01,49.76426
2026-03-03 02:00:00,68760.01,68774.13,68408.08,68576.54,152.67105
2026-03-03 02:05:00,68576.54,68700.0,68516.0,68634.96,42.77398
2026-03-03 02:10:00,68634.95,68694.1,68602.0,68603.6,21.17663
2026-03-03 02:15:00,68603.61,68650.13,68447.84,68540.28,139.47437
2026-03-03 02:20:00,68540.29,68540.29,68210.71,68383.58,222.23426
2026-03-03 02:25:00,68383.58,68471.27,68346.28,68461.73,45.94119
2026-03-03 02:30:00,68459.98,68530.13,68416.36,68503.59,41.71102
2026-03-03 02:35:00,68503.59,68503.59,68392.52,68400.56,27.67017
2026-03-03 02:40:00,68400.56,68458.5,68374.99,68458.49,39.96542
2026-03-03 02:45:00,68458.5,68630.23,68439.62,68590.73,55.04759
2026-03-03 02:50:00,68590.73,68597.66,68475.9,68481.99,31.26331
2026-03-03 02:55:00,68482.0,68562.46,68482.0,68512.17,28.34006
2026-03-03 03:00:00,68512.17,68550.0,68398.63,68408.15,33.19067
2026-03-03 03:05:00,68408.15,68426.76,68335.26,68369.28,61.40944
2026-03-03 03:10:00,68369.29,68475.0,68344.74,68465.48,20.68037
2026-03-03 03:15:00,68465.48,68488.25,68277.75,68319.6,129.68197
2026-03-03 03:20:00,68319.59,68338.97,68231.47,68334.18,43.57228
2026-03-03 03:25:00,68334.18,68436.03,68304.97,68419.34,41.83101
2026-03-03 03:30:00,68419.35,68500.0,68355.74,68481.73,29.35993
2026-03-03 03:35:00,68481.74,68544.56,68450.0,68468.33,25.22127
2026-03-03 03:40:00,68468.34,68468.34,68359.17,68419.12,21.81901
2026-03-03 03:45:00,68419.12,68425.89,68328.49,68355.47,17.53793
2026-03-03 03:50:00,68355.46,68392.98,68315.84,68329.09,15.30286
2026-03-03 03:55:00,68329.1,68385.76,68315.84,68377.94,18.84061
2026-03-03 04:00:00,68377.94,68454.63,68373.32,68431.13,19.9821
2026-03-03 04:05:00,68431.13,68450.24,68324.76,68331.99,49.02923
2026-03-03 04:10:00,68332.0,68441.26,68323.61,68370.0,21.05458
2026-03-03 04:15:00,68369.37,68384.84,68289.15,68375.4,31.79631
2026-03-03 04:20:00,68375.41,68411.52,68323.08,68353.37,13.65364
2026-03-03 04:25:00,68353.37,68367.0,68285.43,68323.53,18.17987
2026-03-03 04:30:00,68323.53,68381.36,68323.52,68356.43,18.84913
2026-03-03 04:35:00,68356.43,68390.45,68240.72,68268.46,36.62152
2026-03-03 04:40:00,68268.46,68272.73,68163.87,68194.9,99.62509
2026-03-03 04:45:00,68194.9,68208.62,68075.11,68098.0,58.70903
2026-03-03 04:50:00,68098.0,68155.46,68050.11,68122.7,39.26972
2026-03-03 04:55:00,68122.71,68141.25,68089.62,68123.2,29.69121
2026-03-03 05:00:00,68123.19,68189.21,68061.7,68146.79,30.66791
2026-03-03 05:05:00,68146.78,68335.11,68044.0,68289.64,49.18755
2026-03-03 05:10:00,68290.0,68391.35,68262.06,68391.35,33.29237
2026-03-03 05:15:00,68391.34,68617.42,68390.26,68518.0,210.04054
2026-03-03 05:20:00,68518.0,68518.0,68320.87,68420.0,57.77912
2026-03-03 05:25:00,68420.0,68455.61,68401.91,68408.81,20.14776
2026-03-03 05:30:00,68408.81,68416.66,68094.55,68226.81,177.61936
2026-03-03 05:35:00,68226.81,68236.3,68079.57,68148.0,36.90234
2026-03-03 05:40:00,68147.99,68164.0,68066.67,68079.39,41.27935
2026-03-03 05:45:00,68079.39,68119.21,67870.02,67870.03,99.10544
2026-03-03 05:50:00,67870.02,67988.1,67845.84,67945.95,99.27094
2026-03-03 05:55:00,67945.95,67980.0,67854.55,67947.75,58.56077
2026-03-03 06:00:00,67947.75,68038.59,67900.0,67900.01,44.13458
2026-03-03 06:05:00,67900.0,67976.0,67870.0,67934.14,50.12471
2026-03-03 06:10:00,67934.14,67970.61,67830.7,67970.6,57.30769
2026-03-03 06:15:00,67970.6,67970.61,67883.14,67950.01,48.26739
2026-03-03 06:20:00,67950.0,68000.0,67893.21,67893.22,71.00102
2026-03-03 06:25:00,67893.22,67974.24,67878.95,67887.0,76.75593
2026-03-03 06:30:00,67887.0,67920.0,67866.0,67882.47,137.13549
2026-03-03 06:35:00,67882.47,67972.48,67859.57,67936.6,71.66068
2026-03-03 06:40:00,67936.61,68000.0,67914.0,67995.05,43.98523
2026-03-03 06:45:00,67995.05,67995.05,67800.0,67861.05,38.95205
2026-03-03 06:50:00,67861.05,68016.11,67861.05,68016.1,48.28741
2026-03-03 06:55:00,68016.11,68250.24,68016.1,68106.73,133.58069
2026-03-03 07:00:00,68106.73,68127.26,67951.24,68127.26,195.93637
2026-03-03 07:05:00,68127.25,68156.0,68009.4,68048.54,34.33105
2026-03-03 07:10:00,68048.53,68172.4,67992.56,68172.39,35.8925
2026-03-03 07:15:00,68172.39,68275.2,68082.48,68221.71,167.83474
2026-03-03 07:20:00,68221.72,68252.1,68153.26,68252.09,55.77725
2026-03-03 07:25:00,68252.09,68252.09,68171.0,68245.3,111.09874
2026-03-03 07:30:00,68245.31,68245.31,68118.17,68133.3,156.46791
2026-03-03 07:35:00,68133.3,68133.31,68063.19,68083.65,142.46503
2026-03-03 07:40:00,68083.65,68225.4,68059.11,68218.18,148.32666
2026-03-03 07:45:00,68218.17,68250.0,68157.68,68169.21,51.06394
2026-03-03 07:50:00,68169.2,68230.55,68122.31,68217.77,36.15077
2026-03-03 07:55:00,68217.76,68229.23,68161.65,68172.8,30.26023
2026-03-03 08:00:00,68172.79,68211.77,68127.2,68152.4,43.30645
2026-03-03 08:05:00,68152.4,68201.31,68085.91,68163.57,27.82327
2026-03-03 08:10:00,68163.57,68311.83,67981.23,68010.75,73.35735
2026-03-03 08:15:00,68010.76,68099.3,67944.92,67996.57,146.7803
2026-03-03 08:20:00,67996.56,68017.21,67860.0,67931.73,218.05819
2026-03-03 08:25:00,67931.72,67931.72,67703.79,67747.78,237.69859
2026-03-03 08:30:00,67747.77,67752.77,67596.1,67631.78,202.2442
2026-03-03 08:35:00,67631.78,67746.81,67494.9,67507.76,165.45414
2026-03-03 08:40:00,67507.76,67517.76,67305.08,67347.0,200.87036
2026-03-03 08:45:00,67346.99,67362.0,67123.54,67144.32,189.63925
2026-03-03 08:50:00,67144.33,67194.79,67075.58,67106.61,146.09215
2026-03-03 08:55:00,67106.6,67106.6,66905.0,67003.3,232.12795
2026-03-03 09:00:00,67003.3,67115.95,66956.42,66966.31,135.27926
2026-03-03 09:05:00,66966.31,67184.71,66878.43,67156.54,180.80653
2026-03-03 09:10:00,67156.53,67156.53,67038.79,67090.79,135.42576
2026-03-03 09:15:00,67090.79,67138.49,67019.62,67138.48,112.69796
2026-03-03 09:20:00,67138.48,67138.48,66942.78,67007.94,102.19202
2026-03-03 09:25:00,67007.93,67013.12,66589.87,66629.37,210.626
2026-03-03 09:30:00,66629.37,66650.75,66340.14,66621.31,308.46222
2026-03-03 09:35:00,66621.32,66705.17,66499.01,66646.44,183.66049
2026-03-03 09:40:00,66646.43,66646.44,66503.19,66540.84,128.88757
2026-03-03 09:45:00,66540.84,66540.84,66420.01,66459.2,116.24064
2026-03-03 09:50:00,66459.21,66575.49,66408.47,66539.87,87.63348
2026-03-03 09:55:00,66539.86,66665.33,66539.19,66647.98,65.97143
2026-03-03 10:00:00,66647.98,66663.63,66484.65,66617.98,103.76918
2026-03-03 10:05:00,66617.97,66631.68,66484.25,66490.68,78.17241
2026-03-03 10:10:00,66490.68,66579.54,66461.63,66486.76,71.35454
2026-03-03 10:15:00,66486.76,66590.82,66440.46,66530.25,58.61153
2026-03-03 10:20:00,66530.25,66700.0,66530.25,66638.63,122.82667
2026-03-03 10:25:00,66638.63,66657.15,66500.0,66512.33,72.09633
2026-03-03 10:30:00,66512.34,66558.47,66448.22,66497.35,94.48434
2026-03-03 10:35:00,66497.34,66548.18,66459.61,66459.62,134.37334
2026-03-03 10:40:00,66459.62,66717.29,66458.73,66707.75,83.08883
2026-03-03 10:45:00,66707.75,67030.75,66707.75,66978.68,207.67336
2026-03-03 10:50:00,66978.69,66978.69,66745.0,66765.62,60.13617
2026-03-03 10:55:00,66765.62,66861.69,66707.75,66860.3,72.92062
2026-03-03 11:00:00,66860.3,67022.59,66808.46,66984.49,55.07939
2026-03-03 11:05:00,66984.49,66990.0,66829.49,66980.28,164.45445
2026-03-03 11:10:00,66980.27,67077.39,66943.06,66963.61,63.8958
2026-03-03 11:15:00,66963.6,66963.6,66779.37,66787.01,131.47653
2026-03-03 11:20:00,66787.01,67006.59,66780.0,66983.14,61.57509
2026-03-03 11:25:00,66983.15,66998.1,66829.0,66837.45,67.90653
2026-03-03 11:30:00,66837.44,66932.4,66823.77,66886.65,49.70347
2026-03-03 11:35:00,66886.65,67071.33,66868.39,67066.21,65.99245
2026-03-03 11:40:00,67066.21,67092.31,67008.96,67075.29,58.59263
2026-03-03 11:45:00,67075.29,67166.5,67038.33,67051.94,187.92938
2026-03-03 11:50:00,67051.94,67051.95,66981.04,66997.56,105.62106
2026-03-03 11:55:00,66997.55,67119.3,66948.11,67026.61,259.68946
2026-03-03 12:00:00,67026.6,67248.82,67025.93,67236.09,85.93295
2026-03-03 12:05:00,67236.1,67531.62,67202.37,67505.87,182.72056
2026-03-03 12:10:00,67505.87,67973.2,67459.12,67741.08,300.45827
2026-03-03 12:15:00,67741.09,67765.1,67520.0,67541.27,92.96695
2026-03-03 12:20:00,67541.26,67552.05,67398.83,67540.0,182.7553
2026-03-03 12:25:00,67540.0,67614.22,67501.15,67585.2,58.51627
2026-03-03 12:30:00,67585.2,67591.75,67380.97,67429.07,61.79784
2026-03-03 12:35:00,67429.07,67450.0,67323.34,67435.0,77.19979
2026-03-03 12:40:00,67435.0,67441.28,67290.26,67360.15,78.01007
2026-03-03 12:45:00,67360.14,67416.0,67288.46,67385.95,114.32956
2026-03-03 12:50:00,67385.95,67396.49,67260.32,67396.49,44.37196
2026-03-03 12:55:00,67396.49,67491.34,67376.62,67399.85,44.45127
2026-03-03 13:00:00,67399.85,67435.0,67150.38,67150.38,72.14592
2026-03-03 13:05:00,67150.38,67245.63,67096.42,67201.93,46.87808
2026-03-03 13:10:00,67201.93,67252.54,66969.56,66979.93,61.00805
2026-03-03 13:15:00,66979.93,67199.74,66972.0,67126.29,74.96152
2026-03-03 13:20:00,67126.29,67175.0,67073.9,67096.95,38.1049
2026-03-03 13:25:00,67096.96,67150.33,67038.3,67107.29,32.67325
2026-03-03 13:30:00,67107.29,67107.29,66851.28,67034.32,82.92101
2026-03-03 13:35:00,67034.31,67071.1,66949.37,66976.04,49.19312
2026-03-03 13:40:00,66976.03,67024.0,66850.0,66861.13,34.33948
2026-03-03 13:45:00,66861.14,66861.14,66635.3,66737.76,118.19729
2026-03-03 13:50:00,66738.0,66931.8,66729.63,66912.39,67.20049
2026-03-03 13:55:00,66912.39,66965.51,66795.69,66931.31,32.13507
2026-03-03 14:00:00,66931.32,67210.46,66859.86,67210.45,96.44757
2026-03-03 14:05:00,67210.45,67254.89,67100.16,67213.27,78.56109
2026-03-03 14:10:00,67213.26,67213.26,67082.58,67170.0,72.63494
2026-03-03 14:15:00,67170.01,67190.92,67015.11,67112.08,52.72856
2026-03-03 14:20:00,67112.09,67354.67,67089.62,67182.81,109.66586
2026-03-03 14:25:00,67182.8,67225.0,67090.0,67118.32,32.77339
2026-03-03 14:30:00,67118.31,67603.94,66810.89,66869.99,293.42073
2026-03-03 14:35:00,66870.0,67268.94,66800.0,66998.0,228.65894
2026-03-03 14:40:00,66998.01,67078.0,66367.1,66464.0,272.74681
2026-03-03 14:45:00,66463.99,66678.0,66158.0,66286.08,237.69526
2026-03-03 14:50:00,66286.08,66800.0,66268.43,66786.72,159.31958
2026-03-03 14:55:00,66786.71,66814.67,66547.48,66568.95,80.1719
2026-03-03 15:00:00,66568.95,66756.7,66502.25,66634.5,196.56768
2026-03-03 15:05:00,66634.5,66891.22,66626.93,66716.0,138.65314
2026-03-03 15:10:00,66715.77,66893.69,66595.6,66871.99,99.88687
2026-03-03 15:15:00,66872.0,67019.23,66562.02,66562.03,114.15067
2026-03-03 15:20:00,66562.02,66759.36,66471.79,66721.9,82.88495
2026-03-03 15:25:00,66721.9,66860.45,66701.08,66820.95,88.75307
2026-03-03 15:30:00,66820.94,67310.0,66815.44,67254.02,194.11028
2026-03-03 15:35:00,67254.02,67559.48,67245.91,67559.48,157.38371
2026-03-03 15:40:00,67559.47,67834.93,67455.45,67529.21,202.82875
2026-03-03 15:45:00,67529.21,67823.19,67529.21,67773.24,169.66056
2026-03-03 15:50:00,67773.24,67773.24,67486.77,67571.53,123.92852
2026-03-03 15:55:00,67571.53,67768.31,67493.27,67725.81,126.387
2026-03-03 16:00:00,67725.82,67951.57,67659.75,67936.54,185.21224
2026-03-03 16:05:00,67936.55,68567.42,67936.55,68567.41,374.61894
2026-03-03 16:10:00,68567.42,68620.0,68226.91,68474.02,188.19537
2026-03-03 16:15:00,68474.01,68597.75,68266.57,68364.45,128.26704
2026-03-03 16:20:00,68364.5,68896.2,68322.97,68888.64,199.72137
2026-03-03 16:25:00,68888.64,68999.0,68767.65,68828.97,218.3168
2026-03-03 16:30:00,68828.96,68828.96,68252.0,68376.46,170.83323
2026-03-03 16:35:00,68376.01,68436.97,67783.92,67849.14,251.88547
2026-03-03 16:40:00,67849.14,67909.16,67473.09,67726.29,313.47413
2026-03-03 16:45:00,67726.3,68213.44,67710.28,68067.53,221.54584
2026-03-04 18:25:00,73329.53,73329.53,73329.52,73329.52,0.23593
2026-03-04 18:30:00,73405.91,73405.91,73399.31,73403.67,0.79334
2026-03-04 18:35:00,73238.0,73263.03,73142.0,73229.75,44.12416
2026-03-04 18:40:00,73253.83,73314.0,73253.83,73297.91,10.4288
2026-03-04 18:45:00,73518.88,73518.89,73515.86,73515.87,0.50265
2026-03-04 18:50:00,73520.0,73520.0,73520.0,73520.0,0.0
2026-03-04 18:55:00,73606.42,73606.42,73579.28,73579.29,1.33278
2026-03-04 19:00:00,73693.5,73693.5,73693.5,73693.5,0.0002
2026-03-04 19:05:00,73602.18,73602.18,73594.71,73594.71,0.4649
2026-03-04 19:10:00,73658.25,73664.79,73645.72,73664.79,4.0875
2026-03-04 19:15:00,73870.53,73870.54,73863.93,73863.93,4.28661
2026-03-04 19:20:00,73980.08,73980.09,73965.84,73965.84,0.11885
2026-03-04 19:25:00,73659.9,73672.43,73659.9,73668.38,0.693
2026-03-04 19:30:00,73558.0,73558.0,73557.99,73557.99,0.10703
2026-03-04 19:35:00,73561.79,73561.79,73557.11,73557.12,0.01607
2026-03-04 19:40:00,73811.84,73814.53,73811.84,73814.52,0.18883
2026-03-04 19:45:00,73708.31,73711.8,73703.73,73703.73,6.72395
2026-03-04 19:50:00,73662.38,73789.86,73579.67,73738.42,78.89443
2026-03-04 19:55:00,73738.42,73760.0,73676.0,73715.2,18.51247
2026-03-04 20:00:00,73611.67,73615.08,73611.66,73615.08,0.0359
2026-03-04 20:05:00,73589.58,73601.97,73589.58,73601.96,0.49546
2026-03-04 20:10:00,73329.16,73329.16,73329.16,73329.16,0.0
2026-03-04 20:15:00,73430.18,73433.1,73430.18,73433.09,0.11562
2026-03-04 20:20:00,73390.68,73460.0,73253.91,73404.95,58.20744
2026-03-04 20:25:00,73404.96,73533.68,73370.62,73469.95,67.4976
2026-03-04 20:30:00,73469.95,73495.73,73318.47,73492.74,61.04475
2026-03-04 20:35:00,73492.73,73567.45,73370.0,73419.06,50.28258
2026-03-04 20:40:00,73419.05,73518.87,73414.0,73496.36,66.98778
2026-03-04 20:45:00,73496.37,73541.78,73417.06,73472.5,63.3128
2026-03-04 20:50:00,73472.49,73472.49,73215.64,73251.83,76.11235
2026-03-04 20:55:00,73251.83,73251.83,73001.05,73019.68,174.2075
2026-03-04 21:00:00,73019.69,73132.76,72878.0,73104.38,184.27555
2026-03-04 21:05:00,73104.38,73143.44,72986.84,73014.26,49.30931
2026-03-04 21:10:00,73014.26,73101.39,72965.88,73060.84,55.29437
2026-03-04 21:15:00,73060.85,73112.95,72956.0,73101.86,72.18239
2026-03-04 21:20:00,73101.86,73210.52,73053.15,73162.51,67.54138
2026-03-04 21:25:00,73162.52,73211.7,73118.53,73161.57,103.4833
2026-03-04 21:30:00,73161.57,73185.35,73064.56,73142.01,52.78171
2026-03-04 21:35:00,73142.0,73297.82,73113.56,73297.8,79.94233
2026-03-04 21:40:00,73297.81,73297.81,73193.14,73237.6,39.21422
2026-03-04 21:45:00,73237.6,73296.71,73216.11,73216.11,43.68901
2026-03-04 21:50:00,73216.01,73322.93,73208.99,73208.99,60.95399
2026-03-04 21:55:00,73208.99,73311.73,73168.31,73309.72,27.8594
2026-03-04 22:00:00,73309.73,73523.31,73309.72,73434.24,79.74179
2026-03-04 22:05:00,73434.25,73458.16,73366.1,73458.16,50.86993
2026-03-04 22:10:00,73458.15,73494.0,73243.9,73244.25,53.07622
2026-03-04 22:15:00,73244.25,73270.41,73200.21,73209.73,57.42035
2026-03-04 22:20:00,73209.73,73358.12,73189.73,73300.61,47.0315
2026-03-04 22:25:00,73300.62,73319.47,73253.67,73260.0,35.18011
2026-03-04 22:30:00,73260.0,73305.26,73177.14,73177.14,36.96281
2026-03-04 22:35:00,73177.14,73177.15,73024.19,73096.74,52.718
2026-03-04 22:40:00,73096.74,73121.88,72946.78,72946.78,59.31663
2026-03-04 22:45:00,72917.0,72917.01,72917.0,72917.01,1.00214
2026-03-04 22:50:00,72822.0,72822.0,72822.0,72822.0,0.0005
2026-03-04 22:55:00,72672.2,72672.2,72655.22,72672.2,1.67481
2026-03-03 05:20:00,68518.0,68518.0,68320.87,68420.0,57.77912
2026-03-03 05:25:00,68420.0,68455.61,68401.91,68408.81,20.14776
2026-03-03 05:30:00,68408.81,68416.66,68094.55,68226.81,177.61936
2026-03-03 05:35:00,68226.81,68236.3,68079.57,68148.0,36.90234
2026-03-03 05:40:00,68147.99,68164.0,68066.67,68079.39,41.27935
2026-03-03 05:45:00,68079.39,68119.21,67870.02,67870.03,99.10544
2026-03-03 05:50:00,67870.02,67988.1,67845.84,67945.95,99.27094
2026-03-03 05:55:00,67945.95,67980.0,67854.55,67947.75,58.56077
2026-03-03 06:00:00,67947.75,68038.59,67900.0,67900.01,44.13458
2026-03-03 06:05:00,67900.0,67976.0,67870.0,67934.14,50.12471
2026-03-03 06:10:00,67934.14,67970.61,67830.7,67970.6,57.30769
2026-03-03 06:15:00,67970.6,67970.61,67883.14,67950.01,48.26739
2026-03-03 06:20:00,67950.0,68000.0,67893.21,67893.22,71.00102
2026-03-03 06:25:00,67893.22,67974.24,67878.95,67887.0,76.75593
2026-03-03 06:30:00,67887.0,67920.0,67866.0,67882.47,137.13549
2026-03-03 06:35:00,67882.47,67972.48,67859.57,67936.6,71.66068
2026-03-03 06:40:00,67936.61,68000.0,67914.0,67995.05,43.98523
2026-03-03 06:45:00,67995.05,67995.05,67800.0,67861.05,38.95205
2026-03-03 06:50:00,67861.05,68016.11,67861.05,68016.1,48.28741
2026-03-03 06:55:00,68016.11,68250.24,68016.1,68106.73,133.58069
2026-03-03 07:00:00,68106.73,68127.26,67951.24,68127.26,195.93637
2026-03-03 07:05:00,68127.25,68156.0,68009.4,68048.54,34.33105
2026-03-03 07:10:00,68048.53,68172.4,67992.56,68172.39,35.8925
2026-03-03 07:15:00,68172.39,68275.2,68082.48,68221.71,167.83474
2026-03-03 07:20:00,68221.72,68252.1,68153.26,68252.09,55.77725
2026-03-03 07:25:00,68252.09,68252.09,68171.0,68245.3,111.09874
2026-03-03 07:30:00,68245.31,68245.31,68118.17,68133.3,156.46791
2026-03-03 07:35:00,68133.3,68133.31,68063.19,68083.65,142.46503
2026-03-03 07:40:00,68083.65,68225.4,68059.11,68218.18,148.32666
2026-03-03 07:45:00,68218.17,68250.0,68157.68,68169.21,51.06394
2026-03-03 07:50:00,68169.2,68230.55,68122.31,68217.77,36.15077
2026-03-03 07:55:00,68217.76,68229.23,68161.65,68172.8,30.26023
2026-03-03 08:00:00,68172.79,68211.77,68127.2,68152.4,43.30645
2026-03-03 08:05:00,68152.4,68201.31,68085.91,68163.57,27.82327
2026-03-03 08:10:00,68163.57,68311.83,67981.23,68010.75,73.35735
2026-03-03 08:15:00,68010.76,68099.3,67944.92,67996.57,146.7803
2026-03-03 08:20:00,67996.56,68017.21,67860.0,67931.73,218.05819
2026-03-03 08:25:00,67931.72,67931.72,67703.79,67747.78,237.69859
2026-03-03 08:30:00,67747.77,67752.77,67596.1,67631.78,202.2442
2026-03-03 08:35:00,67631.78,67746.81,67494.9,67507.76,165.45414
2026-03-03 08:40:00,67507.76,67517.76,67305.08,67347.0,200.87036
2026-03-03 08:45:00,67346.99,67362.0,67123.54,67144.32,189.63925
2026-03-03 08:50:00,67144.33,67194.79,67075.58,67106.61,146.09215
2026-03-03 08:55:00,67106.6,67106.6,66905.0,67003.3,232.12795
2026-03-03 09:00:00,67003.3,67115.95,66956.42,66966.31,135.27926
2026-03-03 09:05:00,66966.31,67184.71,66878.43,67156.54,180.80653
2026-03-03 09:10:00,67156.53,67156.53,67038.79,67090.79,135.42576
2026-03-03 09:15:00,67090.79,67138.49,67019.62,67138.48,112.69796
2026-03-03 09:20:00,67138.48,67138.48,66942.78,67007.94,102.19202
2026-03-03 09:25:00,67007.93,67013.12,66589.87,66629.37,210.626
2026-03-03 09:30:00,66629.37,66650.75,66340.14,66621.31,308.46222
2026-03-03 09:35:00,66621.32,66705.17,66499.01,66646.44,183.66049
2026-03-03 09:40:00,66646.43,66646.44,66503.19,66540.84,128.88757
2026-03-03 09:45:00,66540.84,66540.84,66420.01,66459.2,116.24064
2026-03-03 09:50:00,66459.21,66575.49,66408.47,66539.87,87.63348
2026-03-03 09:55:00,66539.86,66665.33,66539.19,66647.98,65.97143
2026-03-03 10:00:00,66647.98,66663.63,66484.65,66617.98,103.76918
2026-03-03 10:05:00,66617.97,66631.68,66484.25,66490.68,78.17241
2026-03-03 10:10:00,66490.68,66579.54,66461.63,66486.76,71.35454
2026-03-03 10:15:00,66486.76,66590.82,66440.46,66530.25,58.61153
2026-03-03 10:20:00,66530.25,66700.0,66530.25,66638.63,122.82667
2026-03-03 10:25:00,66638.63,66657.15,66500.0,66512.33,72.09633
2026-03-03 10:30:00,66512.34,66558.47,66448.22,66497.35,94.48434
2026-03-03 10:35:00,66497.34,66548.18,66459.61,66459.62,134.37334
2026-03-03 10:40:00,66459.62,66717.29,66458.73,66707.75,83.08883
2026-03-03 10:45:00,66707.75,67030.75,66707.75,66978.68,207.67336
2026-03-03 10:50:00,66978.69,66978.69,66745.0,66765.62,60.13617
2026-03-03 10:55:00,66765.62,66861.69,66707.75,66860.3,72.92062
2026-03-03 11:00:00,66860.3,67022.59,66808.46,66984.49,55.07939
2026-03-03 11:05:00,66984.49,66990.0,66829.49,66980.28,164.45445
2026-03-03 11:10:00,66980.27,67077.39,66943.06,66963.61,63.8958
2026-03-03 11:15:00,66963.6,66963.6,66779.37,66787.01,131.47653
2026-03-03 11:20:00,66787.01,67006.59,66780.0,66983.14,61.57509
2026-03-03 11:25:00,66983.15,66998.1,66829.0,66837.45,67.90653
2026-03-03 11:30:00,66837.44,66932.4,66823.77,66886.65,49.70347
2026-03-03 11:35:00,66886.65,67071.33,66868.39,67066.21,65.99245
2026-03-03 11:40:00,67066.21,67092.31,67008.96,67075.29,58.59263
2026-03-03 11:45:00,67075.29,67166.5,67038.33,67051.94,187.92938
2026-03-03 11:50:00,67051.94,67051.95,66981.04,66997.56,105.62106
2026-03-03 11:55:00,66997.55,67119.3,66948.11,67026.61,259.68946
2026-03-03 12:00:00,67026.6,67248.82,67025.93,67236.09,85.93295
2026-03-03 12:05:00,67236.1,67531.62,67202.37,67505.87,182.72056
2026-03-03 12:10:00,67505.87,67973.2,67459.12,67741.08,300.45827
2026-03-03 12:15:00,67741.09,67765.1,67520.0,67541.27,92.96695
2026-03-03 12:20:00,67541.26,67552.05,67398.83,67540.0,182.7553
2026-03-03 12:25:00,67540.0,67614.22,67501.15,67585.2,58.51627
2026-03-03 12:30:00,67585.2,67591.75,67380.97,67429.07,61.79784
2026-03-03 12:35:00,67429.07,67450.0,67323.34,67435.0,77.19979
2026-03-03 12:40:00,67435.0,67441.28,67290.26,67360.15,78.01007
2026-03-03 12:45:00,67360.14,67416.0,67288.46,67385.95,114.32956
2026-03-03 12:50:00,67385.95,67396.49,67260.32,67396.49,44.37196
2026-03-03 12:55:00,67396.49,67491.34,67376.62,67399.85,44.45127
2026-03-03 13:00:00,67399.85,67435.0,67150.38,67150.38,72.14592
2026-03-03 13:05:00,67150.38,67245.63,67096.42,67201.93,46.87808
2026-03-03 13:10:00,67201.93,67252.54,66969.56,66979.93,61.00805
2026-03-03 13:15:00,66979.93,67199.74,66972.0,67126.29,74.96152
2026-03-03 13:20:00,67126.29,67175.0,67073.9,67096.95,38.1049
2026-03-03 13:25:00,67096.96,67150.33,67038.3,67107.29,32.67325
2026-03-03 13:30:00,67107.29,67107.29,66851.28,67034.32,82.92101
2026-03-03 13:35:00,67034.31,67071.1,66949.37,66976.04,49.19312
2026-03-03 13:40:00,66976.03,67024.0,66850.0,66861.13,34.33948
2026-03-03 13:45:00,66861.14,66861.14,66635.3,66737.76,118.19729
2026-03-03 13:50:00,66738.0,66931.8,66729.63,66912.39,67.20049
2026-03-03 13:55:00,66912.39,66965.51,66795.69,66931.31,32.13507
2026-03-03 14:00:00,66931.32,67210.46,66859.86,67210.45,96.44757
2026-03-03 14:05:00,67210.45,67254.89,67100.16,67213.27,78.56109
2026-03-03 14:10:00,67213.26,67213.26,67082.58,67170.0,72.63494
2026-03-03 14:15:00,67170.01,67190.92,67015.11,67112.08,52.72856
2026-03-03 14:20:00,67112.09,67354.67,67089.62,67182.81,109.66586
2026-03-03 14:25:00,67182.8,67225.0,67090.0,67118.32,32.77339
2026-03-03 14:30:00,67118.31,67603.94,66810.89,66869.99,293.42073
2026-03-03 14:35:00,66870.0,67268.94,66800.0,66998.0,228.65894
2026-03-03 14:40:00,66998.01,67078.0,66367.1,66464.0,272.74681
2026-03-03 14:45:00,66463.99,66678.0,66158.0,66286.08,237.69526
2026-03-03 14:50:00,66286.08,66800.0,66268.43,66786.72,159.31958
2026-03-03 14:55:00,66786.71,66814.67,66547.48,66568.95,80.1719
2026-03-03 15:00:00,66568.95,66756.7,66502.25,66634.5,196.56768
2026-03-03 15:05:00,66634.5,66891.22,66626.93,66716.0,138.65314
2026-03-03 15:10:00,66715.77,66893.69,66595.6,66871.99,99.88687
2026-03-03 15:15:00,66872.0,67019.23,66562.02,66562.03,114.15067
2026-03-03 15:20:00,66562.02,66759.36,66471.79,66721.9,82.88495
2026-03-03 15:25:00,66721.9,66860.45,66701.08,66820.95,88.75307
2026-03-03 15:30:00,66820.94,67310.0,66815.44,67254.02,194.11028
2026-03-03 15:35:00,67254.02,67559.48,67245.91,67559.48,157.38371
2026-03-03 15:40:00,67559.47,67834.93,67455.45,67529.21,202.82875
2026-03-03 15:45:00,67529.21,67823.19,67529.21,67773.24,169.66056
2026-03-03 15:50:00,67773.24,67773.24,67486.77,67571.53,123.92852
2026-03-03 15:55:00,67571.53,67768.31,67493.27,67725.81,126.387
2026-03-03 16:00:00,67725.82,67951.57,67659.75,67936.54,185.21224
2026-03-03 16:05:00,67936.55,68567.42,67936.55,68567.41,374.61894
2026-03-03 16:10:00,68567.42,68620.0,68226.91,68474.02,188.19537
2026-03-03 16:15:00,68474.01,68597.75,68266.57,68364.45,128.26704
2026-03-03 16:20:00,68364.5,68896.2,68322.97,68888.64,199.72137
2026-03-03 16:25:00,68888.64,68999.0,68767.65,68828.97,218.3168
2026-03-03 16:30:00,68828.96,68828.96,68252.0,68376.46,170.83323
2026-03-03 16:35:00,68376.01,68436.97,67783.92,67849.14,251.88547
2026-03-03 16:40:00,67849.14,67909.16,67473.09,67726.29,313.47413
2026-03-03 16:45:00,67726.3,68213.44,67710.28,68067.53,221.54584
2026-03-03 16:50:00,68067.53,68294.79,67965.21,68236.2,216.74967
2026-03-03 16:55:00,68236.2,68464.0,68144.55,68175.9,113.09133
2026-03-03 17:00:00,68175.89,68227.5,67797.87,67988.75,193.08061
2026-03-03 17:05:00,67988.98,68132.5,67884.21,67906.06,73.5456
2026-03-03 17:10:00,67906.01,67950.07,67626.53,67941.36,147.30564
2026-03-03 17:15:00,67941.36,68117.19,67879.71,68090.46,65.31646
2026-03-03 17:20:00,68090.47,68276.61,67889.56,68224.55,92.4721
2026-03-03 17:25:00,68224.56,68292.18,68065.26,68234.65,54.71348
2026-03-03 17:30:00,68234.64,68234.64,67766.5,67872.42,65.41653
2026-03-03 17:35:00,67872.41,68054.32,67776.39,67993.8,54.34311
2026-03-03 17:40:00,67996.56,68180.15,67979.13,68148.91,43.6735
2026-03-03 17:45:00,68148.91,68385.82,68009.25,68281.97,70.6614
2026-03-03 17:50:00,68281.96,68400.0,68229.73,68277.87,47.6672
2026-03-03 17:55:00,68277.88,68343.37,68140.8,68318.66,73.95285
2026-03-03 18:00:00,68318.66,68441.03,68232.2,68261.38,49.37341
2026-03-03 18:05:00,68261.38,68400.0,68235.29,68271.09,56.61899
2026-03-03 18:10:00,68271.08,68271.08,67976.47,68083.68,72.03136
2026-03-03 18:15:00,68083.69,68419.57,68083.69,68291.48,66.11064
2026-03-03 18:20:00,68291.47,68547.17,68291.47,68485.12,169.49382
2026-03-03 18:25:00,68485.12,68599.58,68428.58,68465.88,155.49357
2026-03-03 18:30:00,68465.87,68842.0,68430.45,68680.0,130.20793
2026-03-03 18:35:00,68680.0,68914.01,68583.91,68762.48,91.06754
2026-03-03 18:40:00,68762.48,68835.25,68608.0,68689.6,66.86334
2026-03-03 18:45:00,68689.6,68722.2,68544.08,68722.2,49.31625
2026-03-03 18:50:00,68723.03,68773.95,68635.65,68723.12,41.86706
2026-03-03 18:55:00,68723.13,68723.13,68545.88,68628.49,25.68611
2026-03-03 19:00:00,68628.5,68669.44,68530.66,68639.45,41.79517
2026-03-03 19:05:00,68639.46,68691.04,68361.06,68385.63,82.44469
2026-03-03 19:10:00,68385.88,68686.26,68312.83,68620.96,54.33822
2026-03-03 19:15:00,68620.97,68659.57,68485.2,68659.57,38.44592
2026-03-03 19:20:00,68659.58,68883.0,68659.58,68798.25,72.79243
2026-03-03 19:25:00,68798.25,68888.88,68607.3,68654.25,234.86987
2026-03-03 19:30:00,68654.25,68690.0,68467.08,68485.29,60.16446
2026-03-03 19:35:00,68485.29,68799.25,68351.3,68600.7,158.83288
2026-03-03 19:40:00,68601.01,68746.0,68480.34,68702.21,79.00709
2026-03-03 19:45:00,68702.21,68758.26,68511.86,68590.25,48.62378
2026-03-03 19:50:00,68590.24,68712.0,68465.91,68515.65,49.23326
2026-03-03 19:55:00,68515.27,68528.2,68430.19,68435.0,25.96249
2026-03-03 20:00:00,68435.0,68506.1,68372.0,68471.99,29.43889
2026-03-03 20:05:00,68471.99,68491.11,68280.82,68354.55,86.67142
2026-03-03 20:10:00,68354.54,68358.79,68155.43,68156.11,48.27161
2026-03-03 20:15:00,68156.0,68324.23,68149.3,68252.81,50.0199
2026-03-03 20:20:00,68252.82,68384.2,68252.82,68336.84,21.01943
2026-03-03 20:25:00,68336.84,68484.87,68279.0,68390.95,86.13788
2026-03-03 20:30:00,68390.96,68503.89,68342.4,68378.25,35.37139
2026-03-03 20:35:00,68378.26,68591.24,68353.44,68355.71,48.45913
2026-03-03 20:40:00,68355.72,68485.3,68355.72,68483.57,30.11996
2026-03-03 20:45:00,68483.57,68499.9,68322.4,68420.51,34.9413
2026-03-03 20:50:00,68420.51,68428.2,68092.1,68236.83,69.80946
2026-03-03 20:55:00,68236.84,68271.6,68174.0,68266.0,52.73836
2026-03-03 21:00:00,68265.99,68265.99,67993.4,68050.16,68.85557
2026-03-03 21:05:00,68050.15,68101.0,67848.26,68043.6,64.56462
2026-03-03 21:10:00,68043.6,68080.95,68009.09,68047.99,30.3915
2026-03-03 21:15:00,68048.0,68068.29,67932.0,68058.74,55.57565
2026-03-03 21:20:00,68058.74,68110.48,68002.0,68078.01,16.49051
2026-03-03 21:25:00,68078.01,68078.01,67832.3,67936.44,24.4821
2026-03-03 21:30:00,67936.45,67985.17,67900.35,67907.41,15.56552
2026-03-03 21:35:00,67907.41,68036.42,67886.86,67886.87,66.42457
2026-03-03 21:40:00,67886.86,68043.24,67886.86,68030.55,13.5417
2026-03-03 21:45:00,68030.56,68047.24,67974.86,68015.0,138.91201
2026-03-03 21:50:00,68015.01,68086.37,67989.32,68057.89,13.94765
2026-03-03 21:55:00,68057.88,68098.0,68024.62,68024.62,11.17224
2026-03-03 22:00:00,68024.63,68524.54,68024.62,68308.63,103.00766
2026-03-03 22:05:00,68308.63,68484.0,68250.0,68389.73,51.5704
2026-03-03 22:10:00,68389.73,68409.14,68289.74,68310.74,23.04744
2026-03-03 22:15:00,68310.74,68352.59,68248.79,68252.0,21.56024
2026-03-03 22:20:00,68252.0,68388.11,68172.99,68241.91,89.62613
2026-03-03 22:25:00,68241.9,68292.82,68228.92,68259.87,20.71418
2026-03-03 22:30:00,68259.87,68317.28,68187.77,68288.49,19.83471
2026-03-03 22:35:00,68288.48,68384.15,68278.74,68279.0,59.04141
2026-03-03 22:40:00,68279.0,68398.01,68277.19,68398.0,80.10953
2026-03-03 22:45:00,68398.01,68430.36,68234.0,68290.72,17.99745
2026-03-03 22:50:00,68290.72,68374.56,68290.72,68314.52,8.91564
2026-03-03 22:55:00,68314.52,68378.43,68200.0,68327.2,78.44777
2026-03-03 23:00:00,68327.2,68410.0,68245.64,68346.63,81.58329
2026-03-03 23:05:00,68346.63,68456.75,68297.47,68450.18,45.43213
2026-03-03 23:10:00,68450.19,68860.0,68446.94,68695.92,119.6198
2026-03-03 23:15:00,68695.92,68712.0,68460.82,68557.63,102.0622
2026-03-03 23:20:00,68557.63,68586.57,68507.59,68527.38,16.91591
2026-03-03 23:25:00,68527.38,68536.63,68440.05,68490.46,27.17839
2026-03-03 23:30:00,68490.46,68582.83,68435.6,68446.35,41.88387
2026-03-03 23:35:00,68446.34,68512.5,68411.76,68425.11,16.67824
2026-03-03 23:40:00,68425.12,68527.8,68425.11,68456.39,20.31099
2026-03-03 23:45:00,68456.4,68512.4,68389.99,68417.4,32.63636
2026-03-03 23:50:00,68417.4,68429.99,68286.24,68300.94,19.99227
2026-03-03 23:55:00,68300.94,68339.25,68252.0,68338.0,51.19524
2026-03-04 00:00:00,68338.01,68338.01,68192.97,68260.01,38.68891
2026-03-04 00:05:00,68260.0,68298.84,68129.13,68189.65,31.61706
2026-03-04 00:10:00,68189.65,68230.75,68093.1,68111.53,25.1113
2026-03-04 00:15:00,68111.53,68346.0,68111.53,68334.9,47.11838
2026-03-04 00:20:00,68334.9,68413.9,68256.49,68272.05,27.23718
2026-03-04 00:25:00,68272.06,68359.76,68258.1,68293.87,255.41439
2026-03-04 00:30:00,68293.87,68336.84,68000.0,68003.32,69.20801
2026-03-04 00:35:00,68003.33,68081.97,67857.61,67958.17,101.10033
2026-03-04 00:40:00,67958.16,68006.29,67896.83,67965.94,57.31974
2026-03-04 00:45:00,67965.94,68231.28,67965.93,68216.0,36.20467
2026-03-04 00:50:00,68215.93,68252.1,68100.63,68109.17,33.22901
2026-03-04 00:55:00,68109.18,68189.13,68067.8,68093.19,45.37025
2026-03-04 01:00:00,68093.2,68271.57,68072.7,68238.79,74.69615
2026-03-04 01:05:00,68238.79,68274.46,68050.16,68246.45,231.57159
2026-03-04 01:10:00,68246.44,68264.7,68124.0,68124.0,113.03702
2026-03-04 01:15:00,68124.01,68226.0,68046.32,68093.03,63.37974
2026-03-04 01:20:00,68093.04,68100.0,67963.28,68005.51,69.46984
2026-03-04 01:25:00,68005.51,68341.12,67968.41,68251.99,69.08837
2026-03-04 01:30:00,68251.99,68599.04,68212.0,68515.08,147.5097
2026-03-04 01:35:00,68515.07,68682.51,68515.07,68682.5,69.59626
2026-03-04 01:40:00,68682.5,68909.34,68568.27,68711.48,131.87086
2026-03-04 01:45:00,68711.47,68720.84,68389.51,68409.29,110.01741
2026-03-04 01:50:00,68409.3,68493.97,68368.22,68396.54,44.09506
2026-03-04 01:55:00,68396.55,68487.5,68365.08,68405.0,170.29128
2026-03-04 02:00:00,68405.0,68447.72,68266.4,68311.27,54.49046
2026-03-04 02:05:00,68311.28,68334.0,68181.82,68257.79,82.58477
2026-03-04 02:10:00,68257.8,68402.0,68222.17,68229.14,79.1702
2026-03-04 02:15:00,68229.15,68249.08,68101.3,68249.06,39.38778
2026-03-04 02:20:00,68249.06,68299.44,68156.93,68156.95,32.40897
2026-03-04 02:25:00,68156.95,68164.96,68037.55,68067.01,55.47333
2026-03-04 02:30:00,68067.01,68132.5,67986.33,68003.99,55.84701
2026-03-04 02:35:00,68004.0,68151.12,67984.56,68114.13,30.35977
2026-03-04 02:40:00,68114.12,68151.12,68077.24,68135.86,28.54829
2026-03-04 02:45:00,68135.86,68315.61,68106.15,68281.79,71.93684
2026-03-04 02:50:00,68281.79,68396.5,68281.27,68320.26,31.51719
2026-03-04 02:55:00,68320.25,68345.5,68261.73,68323.33,236.38867
2026-03-04 03:00:00,68323.33,68323.34,68090.11,68138.25,52.67022
2026-03-04 03:05:00,68138.26,68284.4,68113.38,68271.56,35.13774
2026-03-04 03:10:00,68271.56,68356.01,68140.02,68265.27,238.55116
2026-03-04 03:15:00,68265.27,68356.01,68227.4,68303.27,57.93898
2026-03-04 03:20:00,68303.27,68383.63,68175.8,68189.52,51.56477
2026-03-04 03:25:00,68189.52,68204.83,67950.0,67976.25,61.96531
2026-03-04 03:30:00,67976.25,67995.79,67492.72,67526.33,190.4626
2026-03-04 03:35:00,67526.33,67672.16,67400.0,67633.43,106.82025
2026-03-04 03:40:00,67633.3,67665.26,67428.57,67571.46,63.47976
2026-03-04 03:45:00,67571.46,67690.8,67442.8,67601.99,38.52516
2026-03-04 03:50:00,67601.99,67674.6,67578.74,67602.0,30.6038
2026-03-04 03:55:00,67602.0,67752.35,67578.75,67732.2,26.78796
2026-03-04 04:00:00,67732.19,67826.03,67569.42,67707.76,71.41236
2026-03-04 04:05:00,67707.77,67800.0,67689.73,67741.24,29.9431
2026-03-04 04:10:00,67741.24,67954.89,67726.28,67816.15,63.97172
2026-03-04 04:15:00,67816.15,67847.6,67554.38,67631.55,64.31971
2026-03-04 04:20:00,67631.56,67648.0,67513.15,67640.83,120.74725
2026-03-04 04:25:00,67640.84,67683.35,67600.0,67600.01,20.96076
2026-03-04 04:30:00,67600.0,67657.7,67500.0,67589.59,132.40993
2026-03-04 04:35:00,67589.6,67694.56,67505.28,67569.58,201.45653
2026-03-04 04:40:00,67569.59,67677.91,67467.6,67641.75,55.01348
2026-03-04 04:45:00,67641.75,67699.67,67600.45,67671.08,212.56589
2026-03-04 04:50:00,67671.08,67795.0,67620.53,67769.99,57.30952
2026-03-04 04:55:00,67770.0,67850.91,67759.73,67786.0,36.27955
2026-03-04 05:00:00,67786.0,67802.81,67684.77,67802.8,26.38941
2026-03-04 05:05:00,67802.81,67917.96,67758.66,67882.27,38.49446
2026-03-04 05:10:00,67882.28,67914.25,67832.87,67914.25,32.65573
2026-03-04 05:15:00,67914.25,67958.15,67806.62,67950.07,54.82806
2026-03-04 05:20:00,67950.07,67950.07,67800.0,67813.76,17.57561
2026-03-04 05:25:00,67813.76,67871.71,67682.64,67831.48,85.62784
2026-03-04 05:30:00,67831.49,67853.82,67775.13,67782.08,16.53166
2026-03-04 05:35:00,67782.09,68016.06,67733.21,67949.99,59.88647
2026-03-04 05:40:00,67949.99,68304.64,67941.48,68206.36,79.21424
2026-03-04 05:45:00,68206.35,68314.99,68117.22,68162.89,70.06902
2026-03-04 05:50:00,68162.89,68397.84,68138.6,68367.83,146.30748
2026-03-04 05:55:00,68367.82,68367.82,68197.48,68206.59,38.70771
2026-03-04 06:00:00,68206.58,68228.94,68073.39,68210.0,127.67997
2026-03-04 06:05:00,68210.0,68224.11,68117.65,68210.01,107.91751
2026-03-04 06:10:00,68210.0,68276.69,68106.54,68196.79,64.31817
2026-03-04 06:15:00,68196.79,68213.11,68087.82,68139.27,32.14565
2026-03-04 06:20:00,68139.21,68162.0,68048.63,68146.33,40.98564
2026-03-04 06:25:00,68146.33,68165.8,68092.2,68128.53,28.03466
2026-03-04 06:30:00,68128.54,68499.0,68126.74,68492.49,301.04104
2026-03-04 06:35:00,68492.49,68568.23,68386.27,68557.79,78.10708
2026-03-04 06:40:00,68557.79,68677.38,68512.4,68665.31,95.59908
2026-03-04 06:45:00,68665.32,68675.31,68517.58,68669.0,187.24123
2026-03-04 06:50:00,68669.0,68678.76,68483.54,68499.42,191.73157
2026-03-04 06:55:00,68499.41,68517.48,68457.72,68508.02,33.67948
2026-03-04 07:00:00,68508.02,68625.84,68482.0,68490.0,168.16106
2026-03-04 07:05:00,68490.0,68533.4,68382.64,68480.0,102.63436
2026-03-04 07:10:00,68480.0,68480.0,68388.25,68401.54,31.96394
2026-03-04 07:15:00,68401.53,68432.58,68349.49,68412.76,144.11212
2026-03-04 07:20:00,68412.75,68571.47,68389.64,68519.21,79.04248
2026-03-04 07:25:00,68519.22,68766.46,68490.65,68766.45,171.49463
2026-03-04 07:30:00,68766.45,68790.0,68646.93,68775.0,196.39799
2026-03-04 07:35:00,68775.0,68789.19,68689.31,68789.19,157.14408
2026-03-04 07:40:00,68789.19,68983.13,68786.34,68969.41,114.1062
2026-03-04 07:45:00,68969.41,69522.01,68888.11,69426.02,535.5625
2026-03-04 07:50:00,69426.02,69437.81,69312.0,69329.76,152.13251
2026-03-04 07:55:00,69329.77,69668.0,69280.47,69493.13,214.93025
2026-03-04 08:00:00,69493.14,69681.56,69362.23,69394.96,146.00219
2026-03-04 08:05:00,69394.95,69717.6,69372.04,69712.7,269.4662
2026-03-04 08:10:00,69712.71,69717.6,69377.68,69418.74,353.28086
2026-03-04 08:15:00,69418.73,69418.74,69258.99,69258.99,240.60625
2026-03-04 08:20:00,69258.99,69337.69,69098.91,69256.18,320.69545
2026-03-04 08:25:00,69256.17,69335.83,69218.29,69316.41,133.14417
2026-03-04 08:30:00,69316.42,69555.0,69305.62,69514.02,177.43412
2026-03-04 08:35:00,69514.03,69550.06,69454.68,69534.85,89.13326
2026-03-04 08:40:00,69534.85,69920.0,69534.85,69880.0,518.34575
2026-03-04 08:45:00,69880.0,70688.7,69880.0,70600.01,1495.17861
2026-03-04 08:50:00,70600.01,70760.0,70500.0,70667.25,326.28976
2026-03-04 08:55:00,70667.26,71163.0,70667.26,71011.4,605.77988
2026-03-04 09:00:00,71011.4,71070.91,70724.26,70815.23,231.92962
2026-03-04 09:05:00,70815.23,71283.81,70784.78,71027.88,725.75163
2026-03-04 09:10:00,71027.88,71126.08,70908.56,71072.59,378.80796
2026-03-04 09:15:00,71072.59,71522.0,71072.59,71185.77,604.42418
2026-03-04 09:20:00,71185.76,71364.0,71125.78,71232.04,370.2236
2026-03-04 09:25:00,71232.05,71372.65,71199.15,71310.0,233.2451
2026-03-04 09:30:00,71310.0,71537.42,71214.96,71486.21,354.6008
2026-03-04 09:35:00,71486.22,71812.0,71450.93,71688.42,362.4693
2026-03-04 09:40:00,71688.43,71878.7,71666.47,71767.23,210.96132
2026-03-04 09:45:00,71767.24,71846.68,71674.01,71823.04,202.12029
2026-03-04 09:50:00,71823.03,71893.0,71430.7,71467.81,299.9402
2026-03-04 09:55:00,71467.81,71530.37,71343.82,71520.76,221.71604
2026-03-04 10:00:00,71520.76,71636.55,71500.0,71634.62,187.87252
2026-03-04 10:05:00,71634.63,71878.17,71423.47,71836.82,283.32641
2026-03-04 10:10:00,71836.82,71842.34,71620.36,71655.44,206.01083
2026-03-04 10:15:00,71655.44,71700.44,71464.0,71490.98,163.71299
2026-03-04 10:20:00,71490.99,71547.57,71341.59,71386.01,196.40914
2026-03-04 10:25:00,71386.01,71543.22,71362.01,71526.61,113.519
2026-03-04 10:30:00,71526.61,71554.98,71284.25,71359.72,183.96211
2026-03-04 10:35:00,71359.72,71419.79,71285.2,71350.84,137.62373
2026-03-04 10:40:00,71350.84,71433.55,71314.95,71322.4,168.86065
2026-03-04 10:45:00,71322.4,71344.05,71200.0,71276.24,231.7323
2026-03-04 10:50:00,71276.24,71461.92,71276.23,71277.79,140.21529
2026-03-04 10:55:00,71277.79,71348.93,71235.26,71348.92,66.14649
2026-03-04 11:00:00,71348.92,71437.59,71327.05,71366.45,128.19227
2026-03-04 11:05:00,71366.46,71384.11,71210.7,71270.81,57.32823
2026-03-04 11:10:00,71270.81,71450.0,71267.14,71427.72,60.03409
2026-03-04 11:15:00,71427.71,71459.93,71388.95,71452.41,50.4624
2026-03-04 11:20:00,71452.42,71499.75,71288.48,71293.84,54.90571
2026-03-04 11:25:00,71293.84,71307.78,71201.51,71225.69,56.6877
2026-03-04 11:30:00,71225.7,71308.59,71095.29,71163.14,71.39391
2026-03-04 11:35:00,71163.15,71163.15,70928.25,70982.06,301.74386
2026-03-04 11:40:00,70982.07,71157.14,70982.07,71109.22,136.48185
2026-03-04 11:45:00,71109.22,71142.33,71045.66,71051.95,56.65728
2026-03-04 11:50:00,71051.95,71179.35,70951.0,71175.59,144.32319
2026-03-04 11:55:00,71175.59,71225.19,71094.86,71111.4,76.94928
2026-03-04 12:00:00,71111.4,71145.0,70961.47,70997.77,86.90924
2026-03-04 12:05:00,70997.76,71054.11,70816.66,70867.79,137.40773
2026-03-04 12:10:00,70867.8,70969.16,70867.79,70880.4,60.6231
2026-03-04 12:15:00,70880.39,70925.31,70686.26,70789.99,128.05741
2026-03-04 12:20:00,70789.99,70800.0,70654.7,70670.0,106.6671
2026-03-04 12:25:00,70670.0,70792.16,70616.11,70628.57,124.61168
2026-03-04 12:30:00,70628.56,70801.34,70588.0,70801.34,95.83644
2026-03-04 12:35:00,70801.34,70937.14,70627.44,70918.53,144.18026
2026-03-04 12:40:00,70918.53,71046.35,70890.0,70973.65,176.63633
2026-03-04 12:45:00,70973.65,71138.61,70886.81,71134.97,164.32236
2026-03-04 12:50:00,71134.97,71182.4,71080.75,71140.57,119.33075
2026-03-04 12:55:00,71140.58,71364.14,71114.26,71339.71,141.95318
2026-03-04 13:00:00,71339.72,71415.49,71279.82,71318.36,68.84626
2026-03-04 13:05:00,71318.36,71624.99,71309.37,71524.21,199.68104
2026-03-04 13:10:00,71524.22,71552.36,71297.0,71300.0,85.896
2026-03-04 13:15:00,71300.0,71402.69,71279.12,71321.16,80.57711
2026-03-04 13:20:00,71321.19,71370.0,71214.4,71251.7,75.65018
2026-03-04 13:25:00,71251.7,71421.77,71251.7,71364.49,70.16205
2026-03-04 13:30:00,71364.48,71414.79,71267.63,71334.55,161.3676
2026-03-04 13:35:00,71334.55,71450.0,71250.0,71439.82,108.09938
2026-03-04 13:40:00,71439.83,71543.2,71402.7,71432.98,339.61937
2026-03-04 13:45:00,71432.99,71464.31,71383.55,71392.02,103.21215
2026-03-04 13:50:00,71392.02,71453.62,71320.37,71414.55,91.66951
2026-03-04 13:55:00,71414.54,71520.0,71374.69,71477.17,183.48775
2026-03-04 14:00:00,71477.17,71547.15,71402.7,71447.08,136.72859
2026-03-04 14:05:00,71446.32,71700.0,71396.84,71558.39,218.44494
2026-03-04 14:10:00,71558.39,71830.0,71544.76,71807.12,211.35899
2026-03-04 14:15:00,71807.11,72000.0,71630.55,71713.72,416.71569
2026-03-04 14:20:00,71713.71,71723.39,71584.09,71593.35,147.82064
2026-03-04 14:25:00,71593.35,71761.61,71584.08,71751.67,234.56525
2026-03-04 14:30:00,71751.68,72633.0,71685.5,72430.0,1158.97709
2026-03-04 14:35:00,72430.0,72458.58,71735.73,71907.6,545.00215
2026-03-04 14:40:00,71907.61,72103.4,71408.9,71416.59,454.82056
2026-03-04 14:45:00,71416.59,71671.45,71300.1,71664.26,279.38593
2026-03-04 14:50:00,71662.13,71802.07,71550.0,71705.83,198.45978
2026-03-04 14:55:00,71705.83,71754.0,71532.14,71621.04,136.79989
2026-03-04 15:00:00,71621.03,72070.75,71580.62,71669.0,345.06976
2026-03-04 15:05:00,71670.64,72174.67,71646.12,72023.83,214.52656
2026-03-04 15:10:00,72023.83,72247.08,71966.46,72003.76,211.26656
2026-03-04 15:15:00,72003.76,72372.67,71983.87,72362.55,207.90672
2026-03-04 15:20:00,72362.55,72507.63,72167.37,72297.61,213.96094
2026-03-04 15:25:00,72297.6,72997.0,72285.22,72972.15,604.76003
2026-03-04 15:30:00,72972.15,73097.08,72747.65,72837.7,554.33888
2026-03-04 15:35:00,72837.7,72867.72,72649.69,72688.89,336.27167
2026-03-04 15:40:00,72688.9,72870.49,72576.1,72705.65,240.50256
2026-03-04 15:45:00,72705.65,72976.91,72694.34,72855.87,183.60232
2026-03-04 15:50:00,72855.87,73182.19,72817.06,73105.02,403.88692
2026-03-04 15:55:00,73105.01,73479.75,73019.2,73396.88,668.26704
2026-03-04 16:00:00,73396.87,73500.0,73204.0,73264.48,606.14384
2026-03-04 16:05:00,73264.48,73319.34,72890.9,72905.8,449.06545
2026-03-04 16:10:00,72905.8,73014.67,72748.78,72843.2,228.55233
2026-03-04 16:15:00,72843.2,73049.3,72803.19,72827.91,155.74391
2026-03-04 16:20:00,72827.9,72862.61,72541.69,72633.81,211.23107
2026-03-04 16:25:00,72633.82,73014.66,72624.42,72964.39,172.57225
2026-03-04 16:30:00,72964.39,73109.91,72898.14,73100.0,110.39815
2026-03-04 16:35:00,73100.0,73238.01,73050.6,73168.36,156.95124
2026-03-04 16:40:00,73168.35,73300.0,73140.32,73140.32,152.80056
2026-03-04 16:45:00,73140.33,73272.88,73079.14,73239.97,146.58788
2026-03-04 16:50:00,73239.97,73333.0,73162.96,73273.76,94.81242
2026-03-04 16:55:00,73273.76,73458.0,73203.51,73294.84,142.70063
2026-03-04 17:00:00,73294.84,73492.57,73180.64,73409.99,242.23205
2026-03-04 17:05:00,73409.99,73473.6,73276.37,73419.23,148.50564
2026-03-04 17:10:00,73420.03,73700.0,73412.65,73545.44,277.36205
2026-03-04 17:15:00,73545.44,73759.99,73284.29,73285.05,310.64493
2026-03-04 17:20:00,73285.04,73292.73,72932.8,73017.77,347.39025
2026-03-04 17:25:00,73017.77,73094.0,72959.96,73053.05,125.16499
2026-03-04 17:30:00,73053.05,73282.18,73053.05,73159.42,185.41674
2026-03-04 17:35:00,73159.43,73280.9,73126.43,73143.2,201.24117
2026-03-04 17:40:00,73143.2,73190.87,73064.77,73141.8,111.09184
2026-03-04 17:45:00,73141.8,73299.15,73111.38,73240.73,123.82614
2026-03-04 17:50:00,73240.73,73400.0,73163.11,73318.79,115.49373
2026-03-04 17:55:00,73318.79,73334.22,73195.64,73218.92,70.50877
2026-03-04 18:00:00,73218.93,73347.38,73191.62,73330.4,87.00385
2026-03-04 18:05:00,73330.4,73411.76,73287.36,73291.13,87.18832
2026-03-04 18:10:00,73291.13,73291.14,72912.11,73042.63,137.49695
2026-03-04 18:15:00,73042.63,73365.9,73018.35,73341.06,116.03927
2026-03-04 18:20:00,73341.07,73391.87,73285.09,73329.53,88.87091
2026-03-04 18:25:00,73329.53,73418.44,73329.52,73405.9,62.34258
2026-03-04 18:30:00,73405.91,73457.21,73198.64,73237.99,93.57094
2026-03-04 18:35:00,73238.0,73263.03,73142.0,73253.83,83.53609
2026-03-04 18:40:00,73253.83,73545.17,73253.83,73518.89,112.80862
2026-03-04 18:45:00,73518.88,73660.1,73426.04,73520.0,101.957
2026-03-04 18:50:00,73520.0,73700.0,73509.67,73606.42,86.70316
2026-03-04 18:55:00,73606.42,73695.06,73509.67,73693.5,64.01921
2026-03-04 19:00:00,73693.5,73779.41,73602.18,73602.18,158.19938
2026-03-04 19:05:00,73602.18,73839.0,73573.5,73658.25,219.67271
2026-03-04 19:10:00,73658.25,74005.0,73637.57,73870.54,586.24012
2026-03-04 19:15:00,73870.53,73992.45,73706.02,73980.09,456.73248
2026-03-04 19:20:00,73980.08,74050.0,73616.0,73659.9,200.31655
2026-03-04 19:25:00,73659.9,73727.12,73522.12,73557.99,138.35763
2026-03-04 19:30:00,73558.0,73671.71,73516.0,73561.8,58.81857
2026-03-04 19:35:00,73561.79,73850.0,73536.45,73811.85,63.86438
2026-03-04 19:40:00,73811.84,73868.41,73668.79,73707.15,183.43607
2026-03-04 19:45:00,73708.31,73734.33,73590.56,73662.37,463.67724
2026-03-04 19:50:00,73662.38,73789.86,73579.67,73738.42,78.89443
2026-03-04 19:55:00,73738.42,73760.0,73600.13,73611.1,48.82173
2026-03-04 20:00:00,73611.67,73716.0,73562.6,73589.57,56.10843
2026-03-04 20:05:00,73589.58,73625.0,73305.68,73329.16,131.3154
2026-03-04 20:10:00,73329.16,73458.1,73329.15,73430.17,44.17814
2026-03-04 20:15:00,73430.18,73590.0,73388.46,73390.68,55.27235
2026-03-04 20:20:00,73390.68,73460.0,73253.91,73404.95,58.20744
2026-03-04 20:25:00,73404.96,73533.68,73370.62,73469.95,67.4976
2026-03-04 20:30:00,73469.95,73495.73,73318.47,73492.74,61.04475
2026-03-04 20:35:00,73492.73,73567.45,73370.0,73419.06,50.28258
2026-03-04 20:40:00,73419.05,73518.87,73414.0,73496.36,66.98778
2026-03-04 20:45:00,73496.37,73541.78,73417.06,73472.5,63.3128
2026-03-04 20:50:00,73472.49,73472.49,73215.64,73251.83,76.11235
2026-03-04 20:55:00,73251.83,73251.83,73001.05,73019.68,174.2075
2026-03-04 21:00:00,73019.69,73132.76,72878.0,73104.38,184.27555
2026-03-04 21:05:00,73104.38,73143.44,72986.84,73014.26,49.30931
2026-03-04 21:10:00,73014.26,73101.39,72965.88,73060.84,55.29437
2026-03-04 21:15:00,73060.85,73112.95,72956.0,73101.86,72.18239
2026-03-04 21:20:00,73101.86,73210.52,73053.15,73162.51,67.54138
2026-03-04 21:25:00,73162.52,73211.7,73118.53,73161.57,103.4833
2026-03-04 21:30:00,73161.57,73185.35,73064.56,73142.01,52.78171
2026-03-04 21:35:00,73142.0,73297.82,73113.56,73297.8,79.94233
2026-03-04 21:40:00,73297.81,73297.81,73193.14,73237.6,39.21422
2026-03-04 21:45:00,73237.6,73296.71,73216.11,73216.11,43.68901
2026-03-04 21:50:00,73216.01,73322.93,73208.99,73208.99,60.95399
2026-03-04 21:55:00,73208.99,73311.73,73168.31,73309.72,27.8594
2026-03-04 22:00:00,73309.73,73523.31,73309.72,73434.24,79.74179
2026-03-04 22:05:00,73434.25,73458.16,73366.1,73458.16,50.86993
2026-03-04 22:10:00,73458.15,73494.0,73243.9,73244.25,53.07622
2026-03-04 22:15:00,73244.25,73270.41,73200.21,73209.73,57.42035
2026-03-04 22:20:00,73209.73,73358.12,73189.73,73300.61,47.0315
2026-03-04 22:25:00,73300.62,73319.47,73253.67,73260.0,35.18011
2026-03-04 22:30:00,73260.0,73305.26,73177.14,73177.14,36.96281
2026-03-04 22:35:00,73177.14,73177.15,73024.19,73096.74,52.718
2026-03-04 22:40:00,73096.74,73121.88,72800.0,72917.01,149.23461
2026-03-04 22:45:00,72917.0,72917.01,72700.0,72821.99,133.04763
2026-03-04 22:50:00,72822.0,72846.0,72672.2,72672.2,46.47603
2026-03-04 22:55:00,72672.2,72672.2,72645.99,72648.97,8.92385
