timestamp,open,high,low,close,volume
2026-03-02 15:40:00,69451.47,69530.0,69199.11,69516.47,447.85925
2026-03-02 15:45:00,69516.47,69617.74,69278.7,69283.6,501.92115
2026-03-02 15:50:00,69283.6,69478.08,68791.59,68960.56,417.60439
2026-03-02 15:55:00,68960.55,69169.68,68888.7,69130.2,447.74164
2026-03-02 16:00:00,69130.2,69284.96,68933.69,69265.8,326.51795
2026-03-02 16:05:00,69265.8,69756.53,69161.84,69738.01,475.34601
2026-03-02 16:10:00,69738.01,69775.91,69569.0,69665.12,243.02014
2026-03-02 16:15:00,69665.11,69675.29,69414.5,69457.2,203.28718
2026-03-02 16:20:00,69457.2,69749.71,69449.24,69588.27,153.04867
2026-03-02 16:25:00,69588.27,69620.0,69278.7,69383.65,296.42314
2026-03-02 16:30:00,69383.64,69514.1,69194.3,69273.58,197.73375
2026-03-02 16:35:00,69273.59,69365.42,69070.6,69172.72,226.84217
2026-03-02 16:40:00,69172.71,69880.0,69167.61,69861.03,275.35198
2026-03-02 16:45:00,69861.03,70096.0,69766.06,69826.9,662.23349
2026-03-02 16:50:00,69826.89,69841.38,69628.04,69631.37,144.02466
2026-03-02 16:55:00,69631.36,69635.66,69408.39,69428.62,236.20274
2026-03-02 17:00:00,69428.62,69578.0,69362.0,69571.43,138.97552
2026-03-02 17:05:00,69571.42,69571.42,69291.74,69310.5,87.45333
2026-03-02 17:10:00,69310.49,69479.6,69260.0,69418.51,93.85167
2026-03-02 17:15:00,69418.51,69550.0,69175.41,69288.92,168.67814
2026-03-02 17:20:00,69288.91,69456.56,69271.71,69409.18,70.871
2026-03-02 17:25:00,69409.18,69444.0,69200.0,69406.33,109.5776
2026-03-02 17:30:00,69406.33,69445.32,69293.93,69301.68,82.55094
2026-03-02 17:35:00,69301.68,69425.25,69101.35,69110.1,158.69467
2026-03-02 17:40:00,69110.51,69199.99,68803.18,68844.77,239.9106
2026-03-02 17:45:00,68844.76,69019.6,68793.88,68956.72,137.77882
2026-03-02 17:50:00,68956.73,69191.99,68915.39,69182.05,88.07255
2026-03-02 17:55:00,69182.05,69200.0,69041.77,69198.0,69.02666
2026-03-02 18:00:00,69198.0,69198.0,68727.83,68927.4,104.50854
2026-03-02 18:05:00,68927.41,69072.72,68927.41,69016.4,67.46012
2026-03-02 18:10:00,69016.4,69198.0,68954.64,69190.32,93.68761
2026-03-02 18:15:00,69190.32,69190.32,68984.86,68998.76,69.8025
2026-03-02 18:20:00,68998.76,69083.72,68958.0,69044.54,58.33817
2026-03-02 18:25:00,69044.54,69199.36,68986.51,69089.06,119.2272
2026-03-02 18:30:00,69089.07,69268.15,69033.86,69185.89,165.31606
2026-03-02 18:35:00,69185.88,69192.75,69001.62,69056.64,61.61681
2026-03-02 18:40:00,69057.03,69133.7,68926.66,69125.47,85.0039
2026-03-02 18:45:00,69125.47,69174.12,68995.58,69106.65,44.54785
2026-03-02 18:50:00,69106.65,69174.8,68937.6,69041.14,46.7229
2026-03-02 18:55:00,69041.15,69047.83,68820.5,68877.67,139.51144
2026-03-02 19:00:00,68877.67,68938.66,68717.7,68895.23,160.65686
2026-03-02 19:05:00,68895.23,68896.63,68590.6,68774.52,87.36586
2026-03-02 19:10:00,68774.52,68774.52,68576.18,68745.59,55.86922
2026-03-02 19:15:00,68745.59,68910.38,68743.51,68875.52,71.93508
2026-03-02 19:20:00,68875.52,68965.97,68775.99,68846.0,92.503
2026-03-02 19:25:00,68846.0,68887.31,68803.0,68824.0,45.67058
2026-03-02 19:30:00,68824.0,68966.52,68717.7,68899.18,101.24156
2026-03-02 19:35:00,68899.18,69049.32,68878.54,68878.54,60.96193
2026-03-02 19:40:00,68878.55,68900.53,68782.87,68782.88,57.456
2026-03-02 19:45:00,68782.88,68930.25,68764.4,68928.62,28.93464
2026-03-02 19:50:00,68928.62,69008.21,68868.18,68939.19,72.60182
2026-03-02 19:55:00,68939.18,69012.82,68918.0,68966.53,51.69459
2026-03-02 20:00:00,68966.52,69209.71,68932.09,69140.28,111.68871
2026-03-02 20:05:00,69140.28,69154.51,68798.71,68888.37,125.09359
2026-03-02 20:10:00,68888.37,68893.91,68584.9,68738.01,146.53059
2026-03-02 20:15:00,68738.0,68976.0,68669.3,68882.01,36.6801
2026-03-02 20:20:00,68882.02,68994.0,68824.07,68979.09,29.65102
2026-03-02 20:25:00,68979.09,69058.32,68908.83,68951.73,38.44272
2026-03-02 20:30:00,68951.74,69147.06,68912.0,69106.12,32.31924
2026-03-02 20:35:00,69106.12,69160.91,69032.45,69050.38,69.14944
2026-03-02 20:40:00,69050.39,69229.75,69045.87,69229.75,54.94642
2026-03-02 20:45:00,69229.74,69428.24,69192.49,69397.72,167.16129
2026-03-02 20:50:00,69397.72,69505.0,69291.88,69339.62,113.13281
2026-03-02 20:55:00,69339.61,69379.31,69077.57,69106.58,103.34232
2026-03-02 21:00:00,69106.58,69160.72,69000.71,69089.33,79.80088
2026-03-02 21:05:00,69089.34,69261.7,69074.81,69182.23,28.18611
2026-03-02 21:10:00,69182.23,69297.6,69086.83,69281.63,35.02659
2026-03-02 21:15:00,69281.63,69288.86,69199.08,69199.62,20.13745
2026-03-02 21:20:00,69199.62,69407.86,69174.7,69402.86,25.42537
2026-03-02 21:25:00,69403.73,69432.15,69299.99,69414.6,23.34803
2026-03-02 21:30:00,69414.6,69437.34,69337.99,69422.3,39.90096
2026-03-02 21:35:00,69422.29,69481.46,69367.02,69451.08,43.60016
2026-03-02 21:40:00,69451.07,69456.82,69383.9,69456.82,31.9625
2026-03-02 21:45:00,69457.18,69539.77,69435.26,69440.29,65.2597
2026-03-02 21:50:00,69440.29,69506.94,69405.89,69470.87,20.9859
2026-03-02 21:55:00,69470.54,69500.0,69385.19,69413.82,27.75017
2026-03-02 22:00:00,69413.82,69501.62,69335.06,69335.06,38.68564
2026-03-02 22:05:00,69335.07,69489.7,69335.07,69451.52,38.32932
2026-03-02 22:10:00,69451.52,69465.24,69219.51,69241.53,124.04222
2026-03-02 22:15:00,69241.53,69264.0,69136.36,69186.44,249.1074
2026-03-02 22:20:00,69186.44,69294.25,69186.44,69274.93,148.31408
2026-03-02 22:25:00,69274.93,69378.0,69244.98,69364.45,106.66856
2026-03-02 22:30:00,69364.45,69439.77,69290.98,69300.64,43.28284
2026-03-02 22:35:00,69300.65,69382.9,69298.96,69373.03,30.46265
2026-03-02 22:40:00,69373.03,69410.89,69299.14,69410.88,160.07028
2026-03-02 22:45:00,69410.88,69425.24,69291.81,69301.5,129.20425
2026-03-02 22:50:00,69301.51,69369.28,69241.46,69340.8,144.22686
2026-03-02 22:55:00,69340.8,69440.49,69287.47,69440.49,118.19828
2026-03-02 23:00:00,69440.48,69479.58,69252.0,69337.69,55.42859
2026-03-02 23:05:00,69337.7,69354.59,69288.96,69310.99,36.87178
2026-03-02 23:10:00,69310.33,69357.72,69215.4,69223.24,28.7957
2026-03-02 23:15:00,69223.25,69261.69,69154.86,69239.19,77.72961
2026-03-02 23:20:00,69239.2,69253.47,68990.98,69068.51,112.66353
2026-03-02 23:25:00,69068.51,69131.03,69000.0,69002.93,33.35453
2026-03-02 23:30:00,69002.92,69014.26,68809.19,68836.0,119.336
2026-03-02 23:35:00,68836.0,68912.1,68774.01,68831.01,32.28278
2026-03-02 23:40:00,68831.0,68855.96,68758.4,68796.86,44.24985
2026-03-02 23:45:00,68796.86,68965.67,68740.0,68917.02,49.13817
2026-03-02 23:50:00,68917.01,68917.02,68776.54,68821.17,21.62027
2026-03-02 23:55:00,68821.17,68845.52,68762.53,68830.06,26.25897
2026-03-03 00:00:00,68830.06,68974.49,68773.08,68948.0,62.57919
2026-03-03 00:05:00,68948.0,69004.4,68891.12,68942.95,78.78368
2026-03-03 00:10:00,68942.95,68944.0,68750.68,68809.99,27.60787
2026-03-03 00:15:00,68810.0,68882.0,68708.33,68720.01,37.86168
2026-03-03 00:20:00,68720.01,68770.96,68644.38,68733.76,38.9446
2026-03-03 00:25:00,68733.76,68802.0,68677.02,68801.99,16.47614
2026-03-03 00:30:00,68802.0,68987.01,68680.51,68956.87,57.95001
2026-03-03 00:35:00,68956.86,69118.79,68932.21,69102.16,152.02848
2026-03-03 00:40:00,69102.17,69166.61,69101.2,69108.17,31.0921
2026-03-03 00:45:00,69108.18,69166.0,68936.11,68977.7,43.40147
2026-03-03 00:50:00,68977.71,69026.0,68898.37,68989.2,25.80188
2026-03-03 00:55:00,68989.21,69111.56,68917.21,69092.88,30.38365
2026-03-03 01:00:00,69092.89,69095.18,68924.75,69065.95,22.81867
2026-03-03 01:05:00,69065.96,69160.0,69026.98,69087.81,38.59183
2026-03-03 01:10:00,69087.81,69258.08,69067.59,69132.08,26.14481
2026-03-03 01:15:00,69132.08,69144.17,68886.28,68905.0,39.76544
2026-03-03 01:20:00,68905.0,69045.44,68888.0,69003.23,89.38917
2026-03-03 01:25:00,69003.23,69054.0,68904.2,68909.32,13.40274
2026-03-03 01:30:00,68909.31,69068.54,68760.0,68996.6,43.25318
2026-03-03 01:35:00,68996.6,69000.0,68910.28,69000.0,42.1351
2026-03-03 01:40:00,69000.0,69050.0,68870.0,69032.82,44.51152
2026-03-03 01:45:00,69032.83,69050.0,68862.5,69050.0,23.6464
2026-03-03 01:50:00,69050.0,69050.0,68865.17,68875.06,19.04686
2026-03-03 01:55:00,68875.06,68900.96,68755.0,68760.01,49.76426
2026-03-03 02:00:00,68760.01,68774.13,68408.08,68576.54,152.67105
2026-03-03 02:05:00,68576.54,68700.0,68516.0,68634.96,42.77398
2026-03-03 02:10:00,68634.95,68694.1,68602.0,68603.6,21.17663
2026-03-03 02:15:00,68603.61,68650.13,68447.84,68540.28,139.47437
2026-03-03 02:20:00,68540.29,68540.29,68210.71,68383.58,222.23426
2026-03-03 02:25:00,68383.58,68471.27,68346.28,68461.73,45.94119
2026-03-03 02:30:00,68459.98,68530.13,68416.36,68503.59,41.71102
2026-03-03 02:35:00,68503.59,68503.59,68392.52,68400.56,27.67017
2026-03-03 02:40:00,68400.56,68458.5,68374.99,68458.49,39.96542
2026-03-03 02:45:00,68458.5,68630.23,68439.62,68590.73,55.04759
2026-03-03 02:50:00,68590.73,68597.66,68475.9,68481.99,31.26331
2026-03-03 02:55:00,68482.0,68562.46,68482.0,68512.17,28.34006
2026-03-03 03:00:00,68512.17,68550.0,68398.63,68408.15,33.19067
2026-03-03 03:05:00,68408.15,68426.76,68335.26,68369.28,61.40944
2026-03-03 03:10:00,68369.29,68475.0,68344.74,68465.48,20.68037
2026-03-03 03:15:00,68465.48,68488.25,68277.75,68319.6,129.68197
2026-03-03 03:20:00,68319.59,68338.97,68231.47,68334.18,43.57228
2026-03-03 03:25:00,68334.18,68436.03,68304.97,68419.34,41.83101
2026-03-03 03:30:00,68419.35,68500.0,68355.74,68481.73,29.35993
2026-03-03 03:35:00,68481.74,68544.56,68450.0,68468.33,25.22127
2026-03-03 03:40:00,68468.34,68468.34,68359.17,68419.12,21.81901
2026-03-03 03:45:00,68419.12,68425.89,68328.49,68355.47,17.53793
2026-03-03 03:50:00,68355.46,68392.98,68315.84,68329.09,15.30286
2026-03-03 03:55:00,68329.1,68385.76,68315.84,68377.94,18.84061
2026-03-03 04:00:00,68377.94,68454.63,68373.32,68431.13,19.9821
2026-03-03 04:05:00,68431.13,68450.24,68324.76,68331.99,49.02923
2026-03-03 04:10:00,68332.0,68441.26,68323.61,68370.0,21.05458
2026-03-03 04:15:00,68369.37,68384.84,68289.15,68375.4,31.79631
2026-03-03 04:20:00,68375.41,68411.52,68323.08,68353.37,13.65364
2026-03-03 04:25:00,68353.37,68367.0,68285.43,68323.53,18.17987
2026-03-03 04:30:00,68323.53,68381.36,68323.52,68356.43,18.84913
2026-03-03 04:35:00,68356.43,68390.45,68240.72,68268.46,36.62152
2026-03-03 04:40:00,68268.46,68272.73,68163.87,68194.9,99.62509
2026-03-03 04:45:00,68194.9,68208.62,68075.11,68098.0,58.70903
2026-03-03 04:50:00,68098.0,68155.46,68050.11,68122.7,39.26972
2026-03-03 04:55:00,68122.71,68141.25,68089.62,68123.2,29.69121
2026-03-03 05:00:00,68123.19,68189.21,68061.7,68146.79,30.66791
2026-03-03 05:05:00,68146.78,68335.11,68044.0,68289.64,49.18755
2026-03-03 05:10:00,68290.0,68391.35,68262.06,68391.35,33.29237
2026-03-03 05:15:00,68391.34,68617.42,68390.26,68518.0,210.04054
2026-03-03 05:20:00,68518.0,68518.0,68320.87,68420.0,57.77912
2026-03-03 05:25:00,68420.0,68455.61,68401.91,68408.81,20.14776
2026-03-03 05:30:00,68408.81,68416.66,68094.55,68226.81,177.61936
2026-03-03 05:35:00,68226.81,68236.3,68079.57,68148.0,36.90234
2026-03-03 05:40:00,68147.99,68164.0,68066.67,68079.39,41.27935
2026-03-03 05:45:00,68079.39,68119.21,67870.02,67870.03,99.10544
2026-03-03 05:50:00,67870.02,67988.1,67845.84,67945.95,99.27094
2026-03-03 05:55:00,67945.95,67980.0,67854.55,67947.75,58.56077
2026-03-03 06:00:00,67947.75,68038.59,67900.0,67900.01,44.13458
2026-03-03 06:05:00,67900.0,67976.0,67870.0,67934.14,50.12471
2026-03-03 06:10:00,67934.14,67970.61,67830.7,67970.6,57.30769
2026-03-03 06:15:00,67970.6,67970.61,67883.14,67950.01,48.26739
2026-03-03 06:20:00,67950.0,68000.0,67893.21,67893.22,71.00102
2026-03-03 06:25:00,67893.22,67974.24,67878.95,67887.0,76.75593
2026-03-03 06:30:00,67887.0,67920.0,67866.0,67882.47,137.13549
2026-03-03 06:35:00,67882.47,67972.48,67859.57,67936.6,71.66068
2026-03-03 06:40:00,67936.61,68000.0,67914.0,67995.05,43.98523
2026-03-03 06:45:00,67995.05,67995.05,67800.0,67861.05,38.95205
2026-03-03 06:50:00,67861.05,68016.11,67861.05,68016.1,48.28741
2026-03-03 06:55:00,68016.11,68250.24,68016.1,68106.73,133.58069
2026-03-03 07:00:00,68106.73,68127.26,67951.24,68127.26,195.93637
2026-03-03 07:05:00,68127.25,68156.0,68009.4,68048.54,34.33105
2026-03-03 07:10:00,68048.53,68172.4,67992.56,68172.39,35.8925
2026-03-03 07:15:00,68172.39,68275.2,68082.48,68221.71,167.83474
2026-03-03 07:20:00,68221.72,68252.1,68153.26,68252.09,55.77725
2026-03-03 07:25:00,68252.09,68252.09,68171.0,68245.3,111.09874
2026-03-03 07:30:00,68245.31,68245.31,68118.17,68133.3,156.46791
2026-03-03 07:35:00,68133.3,68133.31,68063.19,68083.65,142.46503
2026-03-03 07:40:00,68083.65,68225.4,68059.11,68218.18,148.32666
2026-03-03 07:45:00,68218.17,68250.0,68157.68,68169.21,51.06394
2026-03-03 07:50:00,68169.2,68230.55,68122.31,68217.77,36.15077
2026-03-03 07:55:00,68217.76,68229.23,68161.65,68172.8,30.26023
2026-03-03 08:00:00,68172.79,68211.77,68127.2,68152.4,43.30645
2026-03-03 08:05:00,68152.4,68201.31,68085.91,68163.57,27.82327
2026-03-03 08:10:00,68163.57,68311.83,67981.23,68010.75,73.35735
2026-03-03 08:15:00,68010.76,68099.3,67944.92,67996.57,146.7803
2026-03-03 08:20:00,67996.56,68017.21,67860.0,67931.73,218.05819
2026-03-03 08:25:00,67931.72,67931.72,67703.79,67747.78,237.69859
2026-03-03 08:30:00,67747.77,67752.77,67596.1,67631.78,202.2442
2026-03-03 08:35:00,67631.78,67746.81,67494.9,67507.76,165.45414
2026-03-03 08:40:00,67507.76,67517.76,67305.08,67347.0,200.87036
2026-03-03 08:45:00,67346.99,67362.0,67123.54,67144.32,189.63925
2026-03-03 08:50:00,67144.33,67194.79,67075.58,67106.61,146.09215
2026-03-03 08:55:00,67106.6,67106.6,66905.0,67003.3,232.12795
2026-03-03 09:00:00,67003.3,67115.95,66956.42,66966.31,135.27926
2026-03-03 09:05:00,66966.31,67184.71,66878.43,67156.54,180.80653
2026-03-03 09:10:00,67156.53,67156.53,67038.79,67090.79,135.42576
2026-03-03 09:15:00,67090.79,67138.49,67019.62,67138.48,112.69796
2026-03-03 09:20:00,67138.48,67138.48,66942.78,67007.94,102.19202
2026-03-03 09:25:00,67007.93,67013.12,66589.87,66629.37,210.626
2026-03-03 09:30:00,66629.37,66650.75,66340.14,66621.31,308.46222
2026-03-03 09:35:00,66621.32,66705.17,66499.01,66646.44,183.66049
2026-03-03 09:40:00,66646.43,66646.44,66503.19,66540.84,128.88757
2026-03-03 09:45:00,66540.84,66540.84,66420.01,66459.2,116.24064
2026-03-03 09:50:00,66459.21,66575.49,66408.47,66539.87,87.63348
2026-03-03 09:55:00,66539.86,66665.33,66539.19,66647.98,65.97143
2026-03-03 10:00:00,66647.98,66663.63,66484.65,66617.98,103.76918
2026-03-03 10:05:00,66617.97,66631.68,66484.25,66490.68,78.17241
2026-03-03 10:10:00,66490.68,66579.54,66461.63,66486.76,71.35454
2026-03-03 10:15:00,66486.76,66590.82,66440.46,66530.25,58.61153
2026-03-03 10:20:00,66530.25,66700.0,66530.25,66638.63,122.82667
2026-03-03 10:25:00,66638.63,66657.15,66500.0,66512.33,72.09633
2026-03-03 10:30:00,66512.34,66558.47,66448.22,66497.35,94.48434
2026-03-03 10:35:00,66497.34,66548.18,66459.61,66459.62,134.37334
2026-03-03 10:40:00,66459.62,66717.29,66458.73,66707.75,83.08883
2026-03-03 10:45:00,66707.75,67030.75,66707.75,66978.68,207.67336
2026-03-03 10:50:00,66978.69,66978.69,66745.0,66765.62,60.13617
2026-03-03 10:55:00,66765.62,66861.69,66707.75,66860.3,72.92062
2026-03-03 11:00:00,66860.3,67022.59,66808.46,66984.49,55.07939
2026-03-03 11:05:00,66984.49,66990.0,66829.49,66980.28,164.45445
2026-03-03 11:10:00,66980.27,67077.39,66943.06,66963.61,63.8958
2026-03-03 11:15:00,66963.6,66963.6,66779.37,66787.01,131.47653
2026-03-03 11:20:00,66787.01,67006.59,66780.0,66983.14,61.57509
2026-03-03 11:25:00,66983.15,66998.1,66829.0,66837.45,67.90653
2026-03-03 11:30:00,66837.44,66932.4,66823.77,66886.65,49.70347
2026-03-03 11:35:00,66886.65,67071.33,66868.39,67066.21,65.99245
2026-03-03 11:40:00,67066.21,67092.31,67008.96,67075.29,58.59263
2026-03-03 11:45:00,67075.29,67166.5,67038.33,67051.94,187.92938
2026-03-03 11:50:00,67051.94,67051.95,66981.04,66997.56,105.62106
2026-03-03 11:55:00,66997.55,67119.3,66948.11,67026.61,259.68946
2026-03-03 12:00:00,67026.6,67248.82,67025.93,67236.09,85.93295
2026-03-03 12:05:00,67236.1,67531.62,67202.37,67505.87,182.72056
2026-03-03 12:10:00,67505.87,67973.2,67459.12,67741.08,300.45827
2026-03-03 12:15:00,67741.09,67765.1,67520.0,67541.27,92.96695
2026-03-03 12:20:00,67541.26,67552.05,67398.83,67540.0,182.7553
2026-03-03 12:25:00,67540.0,67614.22,67501.15,67585.2,58.51627
2026-03-03 12:30:00,67585.2,67591.75,67380.97,67429.07,61.79784
2026-03-03 12:35:00,67429.07,67450.0,67323.34,67435.0,77.19979
2026-03-03 12:40:00,67435.0,67441.28,67290.26,67360.15,78.01007
2026-03-03 12:45:00,67360.14,67416.0,67288.46,67385.95,114.32956
2026-03-03 12:50:00,67385.95,67396.49,67260.32,67396.49,44.37196
2026-03-03 12:55:00,67396.49,67491.34,67376.62,67399.85,44.45127
2026-03-03 13:00:00,67399.85,67435.0,67150.38,67150.38,72.14592
2026-03-03 13:05:00,67150.38,67245.63,67096.42,67201.93,46.87808
2026-03-03 13:10:00,67201.93,67252.54,66969.56,66979.93,61.00805
2026-03-03 13:15:00,66979.93,67199.74,66972.0,67126.29,74.96152
2026-03-03 13:20:00,67126.29,67175.0,67073.9,67096.95,38.1049
2026-03-03 13:25:00,67096.96,67150.33,67038.3,67107.29,32.67325
2026-03-03 13:30:00,67107.29,67107.29,66851.28,67034.32,82.92101
2026-03-03 13:35:00,67034.31,67071.1,66949.37,66976.04,49.19312
2026-03-03 13:40:00,66976.03,67024.0,66850.0,66861.13,34.33948
2026-03-03 13:45:00,66861.14,66861.14,66635.3,66737.76,118.19729
2026-03-03 13:50:00,66738.0,66931.8,66729.63,66912.39,67.20049
2026-03-03 13:55:00,66912.39,66965.51,66795.69,66931.31,32.13507
2026-03-03 14:00:00,66931.32,67210.46,66859.86,67210.45,96.44757
2026-03-03 14:05:00,67210.45,67254.89,67100.16,67213.27,78.56109
2026-03-03 14:10:00,67213.26,67213.26,67082.58,67170.0,72.63494
2026-03-03 14:15:00,67170.01,67190.92,67015.11,67112.08,52.72856
2026-03-03 14:20:00,67112.09,67354.67,67089.62,67182.81,109.66586
2026-03-03 14:25:00,67182.8,67225.0,67090.0,67118.32,32.77339
2026-03-03 14:30:00,67118.31,67603.94,66810.89,66869.99,293.42073
2026-03-03 14:35:00,66870.0,67268.94,66800.0,66998.0,228.65894
2026-03-03 14:40:00,66998.01,67078.0,66367.1,66464.0,272.74681
2026-03-03 14:45:00,66463.99,66678.0,66158.0,66286.08,237.69526
2026-03-03 14:50:00,66286.08,66800.0,66268.43,66786.72,159.31958
2026-03-03 14:55:00,66786.71,66814.67,66547.48,66568.95,80.1719
2026-03-03 15:00:00,66568.95,66756.7,66502.25,66634.5,196.56768
2026-03-03 15:05:00,66634.5,66891.22,66626.93,66716.0,138.65314
2026-03-03 15:10:00,66715.77,66893.69,66595.6,66871.99,99.88687
2026-03-03 15:15:00,66872.0,67019.23,66562.02,66562.03,114.15067
2026-03-03 15:20:00,66562.02,66759.36,66471.79,66721.9,82.88495
2026-03-03 15:25:00,66721.9,66860.45,66701.08,66820.95,88.75307
2026-03-03 15:30:00,66820.94,67310.0,66815.44,67254.02,194.11028
2026-03-03 15:35:00,67254.02,67559.48,67245.91,67559.48,157.38371
2026-03-03 15:40:00,67559.47,67834.93,67455.45,67529.21,202.82875
2026-03-03 15:45:00,67529.21,67823.19,67529.21,67773.24,169.66056
2026-03-03 15:50:00,67773.24,67773.24,67486.77,67571.53,123.92852
2026-03-03 15:55:00,67571.53,67768.31,67493.27,67725.81,126.387
2026-03-03 16:00:00,67725.82,67951.57,67659.75,67936.54,185.21224
2026-03-03 16:05:00,67936.55,68567.42,67936.55,68567.41,374.61894
2026-03-03 16:10:00,68567.42,68620.0,68226.91,68474.02,188.19537
2026-03-03 16:15:00,68474.01,68597.75,68266.57,68364.45,128.26704
2026-03-03 16:20:00,68364.5,68896.2,68322.97,68888.64,199.72137
2026-03-03 16:25:00,68888.64,68999.0,68767.65,68828.97,218.3168
2026-03-03 16:30:00,68828.96,68828.96,68252.0,68376.46,170.83323
2026-03-03 16:35:00,68376.01,68436.97,67783.92,67849.14,251.88547
2026-03-03 16:40:00,67849.14,67909.16,67473.09,67726.29,313.47413
2026-03-03 16:45:00,67726.3,68213.44,67710.28,68067.53,221.54584
2026-03-04 18:25:00,73329.53,73329.53,73329.52,73329.52,0.23593
2026-03-04 18:30:00,73405.91,73405.91,73399.31,73403.67,0.79334
2026-03-04 18:35:00,73238.0,73263.03,73142.0,73229.75,44.12416
2026-03-04 18:40:00,73253.83,73314.0,73253.83,73297.91,10.4288
2026-03-04 18:45:00,73518.88,73518.89,73515.86,73515.87,0.50265
2026-03-04 18:50:00,73520.0,73520.0,73520.0,73520.0,0.0
2026-03-04 18:55:00,73606.42,73606.42,73579.28,73579.29,1.33278
2026-03-04 19:00:00,73693.5,73693.5,73693.5,73693.5,0.0002
2026-03-04 19:05:00,73602.18,73602.18,73594.71,73594.71,0.4649
2026-03-04 19:10:00,73658.25,73664.79,73645.72,73664.79,4.0875
2026-03-04 19:15:00,73870.53,73870.54,73863.93,73863.93,4.28661
2026-03-04 19:20:00,73980.08,73980.09,73965.84,73965.84,0.11885
2026-03-04 19:25:00,73659.9,73672.43,73659.9,73668.38,0.693
2026-03-04 19:30:00,73558.0,73558.0,73557.99,73557.99,0.10703
2026-03-04 19:35:00,73561.79,73561.79,73557.11,73557.12,0.01607
2026-03-04 19:40:00,73811.84,73814.53,73811.84,73814.52,0.18883
2026-03-04 19:45:00,73708.31,73711.8,73703.73,73703.73,6.72395
2026-03-04 19:50:00,73662.38,73789.86,73579.67,73738.42,78.89443
2026-03-04 19:55:00,73738.42,73760.0,73676.0,73715.2,18.51247
2026-03-04 20:00:00,73611.67,73615.08,73611.66,73615.08,0.0359
2026-03-04 20:05:00,73589.58,73601.97,73589.58,73601.96,0.49546
2026-03-04 20:10:00,73329.16,73329.16,73329.16,73329.16,0.0
2026-03-04 20:15:00,73430.18,73433.1,73430.18,73433.09,0.11562
2026-03-04 20:20:00,73390.68,73460.0,73253.91,73404.95,58.20744
2026-03-04 20:25:00,73404.96,73533.68,73370.62,73469.95,67.4976
2026-03-04 20:30:00,73469.95,73495.73,73318.47,73492.74,61.04475
2026-03-04 20:35:00,73492.73,73567.45,73370.0,73419.06,50.28258
2026-03-04 20:40:00,73419.05,73518.87,73414.0,73496.36,66.98778
2026-03-04 20:45:00,73496.37,73541.78,73417.06,73472.5,63.3128
2026-03-04 20:50:00,73472.49,73472.49,73215.64,73251.83,76.11235
2026-03-04 20:55:00,73251.83,73251.83,73001.05,73019.68,174.2075
2026-03-04 21:00:00,73019.69,73132.76,72878.0,73104.38,184.27555
2026-03-04 21:05:00,73104.38,73143.44,72986.84,73014.26,49.30931
2026-03-04 21:10:00,73014.26,73101.39,72965.88,73060.84,55.29437
2026-03-04 21:15:00,73060.85,73112.95,72956.0,73101.86,72.18239
2026-03-04 21:20:00,73101.86,73210.52,73053.15,73162.51,67.54138
2026-03-04 21:25:00,73162.52,73211.7,73118.53,73161.57,103.4833
2026-03-04 21:30:00,73161.57,73185.35,73064.56,73142.01,52.78171
2026-03-04 21:35:00,73142.0,73297.82,73113.56,73297.8,79.94233
2026-03-04 21:40:00,73297.81,73297.81,73193.14,73237.6,39.21422
2026-03-04 21:45:00,73237.6,73296.71,73216.11,73216.11,43.68901
2026-03-04 21:50:00,73216.01,73322.93,73208.99,73208.99,60.95399
2026-03-04 21:55:00,73208.99,73311.73,73168.31,73309.72,27.8594
2026-03-04 22:00:00,73309.73,73523.31,73309.72,73434.24,79.74179
2026-03-04 22:05:00,73434.25,73458.16,73366.1,73458.16,50.86993
2026-03-04 22:10:00,73458.15,73494.0,73243.9,73244.25,53.07622
2026-03-04 22:15:00,73244.25,73270.41,73200.21,73209.73,57.42035
2026-03-04 22:20:00,73209.73,73358.12,73189.73,73300.61,47.0315
2026-03-04 22:25:00,73300.62,73319.47,73253.67,73260.0,35.18011
2026-03-04 22:30:00,73260.0,73305.26,73177.14,73177.14,36.96281
2026-03-04 22:35:00,73177.14,73177.15,73024.19,73096.74,52.718
2026-03-04 22:40:00,73096.74,73121.88,72946.78,72946.78,59.31663
2026-03-04 22:45:00,72917.0,72917.01,72917.0,72917.01,1.00214
2026-03-04 22:50:00,72822.0,72822.0,72822.0,72822.0,0.0005
2026-03-04 22:55:00,72672.2,72672.2,72655.22,72672.2,1.67481
2026-03-03 16:50:00,68098.1,68286.75,68069.6,68280.68,0.22431
2026-03-03 16:55:00,68241.75,68461.01,68192.38,68192.38,0.22146
2026-03-03 17:00:00,68162.39,68201.65,67862.31,67962.63,0.57442
2026-03-03 17:05:00,68004.58,68114.6,67907.53,67908.44,0.48129
2026-03-03 17:10:00,67892.92,67927.04,67698.13,67926.63,0.75063
2026-03-03 17:15:00,67919.83,68121.42,67919.83,68121.42,0.07022
2026-03-03 17:20:00,67924.14,68206.36,67924.14,68198.2,0.45108
2026-03-03 17:25:00,68231.04,68263.72,68167.79,68263.72,0.24013
2026-03-03 17:30:00,68103.67,68151.7,67799.56,67803.62,0.18061
2026-03-03 17:35:00,67911.67,68000.0,67911.67,68000.0,0.08616
2026-03-03 17:40:00,68017.78,68072.1,68017.78,68072.1,0.07062
2026-03-03 17:45:00,68108.91,68362.36,68009.58,68288.7,0.51018
2026-03-03 17:50:00,68272.52,68412.38,68241.4,68255.67,0.29027
2026-03-03 17:55:00,68165.67,68310.37,68165.67,68310.37,0.36946
2026-03-03 18:00:00,68317.95,68444.15,68263.19,68263.19,0.04211
2026-03-03 18:05:00,68310.17,68377.1,68239.5,68271.3,0.32795
2026-03-03 18:10:00,68241.27,68273.11,68006.59,68009.12,0.07746
2026-03-03 18:15:00,68157.31,68396.7,68157.31,68388.81,0.16737
2026-03-03 18:20:00,68305.72,68527.19,68305.72,68474.4,0.39463
2026-03-03 18:25:00,68467.69,68588.08,68467.69,68479.0,0.27592
2026-03-03 18:30:00,68465.83,68839.2,68465.83,68716.89,0.40383
2026-03-03 18:35:00,68686.58,68910.64,68600.71,68771.57,0.19285
2026-03-03 18:40:00,68758.68,68769.86,68621.99,68621.99,0.05457
2026-03-03 18:45:00,68622.61,68689.62,68593.51,68689.62,0.13383
2026-03-03 18:50:00,68691.47,68723.85,68691.47,68707.81,0.09471
2026-03-03 18:55:00,68681.41,68681.41,68622.26,68622.26,0.0713
2026-03-03 19:00:00,68623.8,68637.01,68550.81,68628.54,0.01164
2026-03-03 19:05:00,68668.99,68673.33,68375.3,68408.6,0.4101
2026-03-03 19:10:00,68447.71,68588.08,68330.43,68586.6,0.04091
2026-03-03 19:15:00,68573.85,68621.4,68573.85,68621.4,0.05319
2026-03-03 19:20:00,68683.92,68875.26,68683.92,68875.26,0.21108
2026-03-03 19:25:00,68796.78,68875.0,68796.78,68831.3,0.45957
2026-03-03 19:30:00,68670.88,68670.88,68500.0,68500.0,0.72365
2026-03-03 19:35:00,68428.19,68752.45,68409.53,68752.45,0.35308
2026-03-03 19:40:00,68710.65,68732.9,68606.25,68712.54,0.33219
2026-03-03 19:45:00,68704.75,68722.7,68704.75,68722.66,0.05371
2026-03-03 19:50:00,68598.62,68690.9,68477.92,68484.92,0.17765
2026-03-03 19:55:00,68475.97,68475.97,68452.59,68452.59,0.05593
2026-03-03 20:00:00,68454.55,68494.97,68454.55,68467.31,0.0572
2026-03-03 20:05:00,68330.43,68459.83,68318.34,68361.66,0.16998
2026-03-03 20:10:00,68356.24,68356.24,68277.37,68277.37,0.04748
2026-03-03 20:15:00,68214.76,68316.87,68161.98,68268.19,0.31867
2026-03-03 20:20:00,68335.81,68335.81,68317.86,68329.35,0.10893
2026-03-03 20:25:00,68301.34,68413.86,68301.34,68413.86,0.15925
2026-03-03 20:30:00,68395.25,68499.0,68377.93,68391.17,0.44265
2026-03-03 20:35:00,68499.0,68527.92,68360.99,68360.99,0.48519
2026-03-03 20:40:00,68413.06,68452.28,68406.42,68452.28,0.18534
2026-03-03 20:45:00,68452.28,68452.28,68452.28,68452.28,0.00011
2026-03-03 20:50:00,68323.9,68323.9,68116.03,68116.03,0.37656
2026-03-03 20:55:00,68216.75,68216.75,68200.0,68200.0,0.16786
2026-03-03 21:00:00,68247.05,68247.05,68000.0,68066.7,0.3471
2026-03-03 21:05:00,67976.62,68049.29,67842.13,68032.42,0.16235
2026-03-03 21:10:00,68052.44,68061.09,68036.84,68043.11,0.05688
2026-03-03 21:15:00,68049.9,68049.9,67942.47,67945.52,0.04452
2026-03-03 21:20:00,68042.92,68042.93,68042.92,68042.93,0.54805
2026-03-04 23:00:00,72726.03,72827.84,72663.66,72762.08,0.6535
2026-03-04 23:05:00,72697.65,72788.19,72660.79,72690.72,0.20214
2026-03-04 23:10:00,72704.78,72727.52,72686.8,72722.55,0.00152
2026-03-04 23:15:00,72722.82,72877.0,72722.82,72795.32,1.91693
2026-03-04 23:20:00,72721.15,72721.15,72515.68,72529.5,0.65691
2026-03-04 23:25:00,72599.36,72599.36,72595.7,72595.7,0.14531
2026-03-04 23:30:00,72533.28,72533.28,72339.57,72360.7,0.2125
2026-03-04 23:35:00,72395.34,72698.11,72395.34,72698.11,0.60714
2026-03-04 23:40:00,72679.92,72713.77,72665.17,72674.42,0.158
2026-03-04 23:45:00,72800.0,72814.95,72731.1,72731.1,0.01127
2026-03-04 23:50:00,72708.73,72708.73,72630.18,72638.2,0.1273
2026-03-04 23:55:00,72687.9,72753.24,72657.98,72747.38,0.02409
2026-03-05 00:00:00,72701.61,72845.48,72701.61,72845.48,0.00747
2026-03-05 00:05:00,72748.07,72754.16,72672.26,72754.16,0.03973
2026-03-05 00:10:00,72565.61,72689.66,72565.61,72689.66,0.04186
2026-03-05 00:15:00,72700.92,72885.7,72700.92,72867.99,0.0565
2026-03-03 21:25:00,68074.32,68074.32,67972.31,67972.31,0.088
2026-03-03 21:30:00,67936.34,67936.34,67903.48,67903.48,0.09375
2026-03-03 21:35:00,67963.78,68024.81,67955.02,67955.02,0.02293
2026-03-03 21:40:00,67911.57,67939.25,67911.57,67939.25,0.02256
2026-03-03 21:45:00,68014.65,68014.65,68012.5,68012.5,0.14754
2026-03-03 21:50:00,68069.67,68069.67,68037.44,68037.44,0.00119
2026-03-03 21:55:00,68037.44,68037.44,68037.44,68037.44,0.0
2026-03-03 22:00:00,68054.99,68520.84,68054.99,68438.82,0.08687
2026-03-03 22:05:00,68290.85,68472.92,68251.45,68455.91,0.22234
2026-03-03 22:10:00,68398.78,68398.78,68341.36,68341.36,0.1083
2026-03-03 22:15:00,68311.0,68311.0,68286.02,68288.73,0.11851
2026-03-03 22:20:00,68308.5,68400.55,68308.5,68333.47,0.4294
2026-03-03 22:25:00,68283.34,68283.34,68283.34,68283.34,5e-05
2026-03-03 22:30:00,68226.84,68312.36,68226.84,68284.0,0.13565
2026-03-03 22:35:00,68368.83,68368.83,68342.75,68342.75,0.18923
2026-03-03 22:40:00,68318.83,68337.86,68318.83,68337.86,0.03481
2026-03-03 22:45:00,68400.0,68400.0,68266.21,68296.26,0.05489
2026-03-03 22:50:00,68328.21,68352.87,68328.21,68345.53,0.00162
2026-03-03 22:55:00,68252.85,68279.86,68252.85,68279.86,0.04748
2026-03-03 23:00:00,68270.44,68320.09,68270.44,68307.85,0.05573
2026-03-03 23:05:00,68386.5,68386.5,68357.25,68371.38,0.00314
2026-03-03 23:10:00,68546.1,68755.31,68546.1,68732.29,0.01037
2026-03-03 23:15:00,68725.89,68725.89,68503.0,68503.0,0.09535
2026-03-03 23:20:00,68565.69,68589.36,68517.35,68517.35,0.01241
2026-03-03 23:25:00,68466.94,68501.05,68466.94,68501.05,0.00909
2026-03-03 23:30:00,68494.39,68576.14,68460.08,68460.08,0.00806
2026-03-03 23:35:00,68444.66,68510.69,68430.74,68430.74,0.00843
2026-03-03 23:40:00,68436.11,68528.89,68436.11,68489.29,0.09764
2026-03-03 23:45:00,68479.07,68499.22,68394.69,68470.63,0.12019
2026-03-03 23:50:00,68330.43,68330.43,68330.43,68330.43,3e-05
2026-03-03 23:55:00,68269.0,68274.75,68255.28,68263.23,0.13525
2026-03-04 00:00:00,68244.81,68272.96,68206.36,68209.04,0.01946
2026-03-04 00:05:00,68248.93,68267.78,68129.97,68183.83,0.01916
2026-03-04 00:10:00,68190.66,68190.66,68130.0,68130.0,0.01099
2026-03-04 00:15:00,68128.69,68319.66,68128.69,68311.2,0.02467
2026-03-04 00:20:00,68364.8,68400.0,68364.8,68400.0,0.00085
2026-03-04 00:25:00,68294.13,68331.66,68294.13,68331.66,0.00361
2026-03-04 00:30:00,68213.41,68213.41,68033.47,68033.47,0.0026
2026-03-04 00:35:00,68047.36,68047.36,67925.42,68045.75,0.0484
2026-03-04 00:40:00,67970.5,67970.5,67947.66,67963.52,0.00028
2026-03-04 00:45:00,67984.48,68211.61,67984.48,68211.61,0.03658
2026-03-04 00:50:00,68228.34,68228.34,68108.07,68125.73,0.01173
2026-03-04 00:55:00,68124.62,68174.99,68091.35,68174.99,0.01053
2026-03-04 01:00:00,68104.8,68250.0,68079.54,68230.27,0.00309
2026-03-04 01:05:00,68202.17,68202.17,68043.89,68199.89,0.01646
2026-03-04 01:10:00,68209.75,68254.95,68152.88,68152.88,0.79726
2026-03-04 01:15:00,68190.35,68190.35,68053.36,68053.36,0.24213
2026-03-04 01:20:00,67987.17,67987.17,67987.17,67987.17,0.03229
2026-03-04 01:25:00,67992.81,68330.43,67992.81,68330.43,0.06197
2026-03-04 01:30:00,68217.9,68586.99,68211.75,68570.91,1.14586
2026-03-04 01:35:00,68530.34,68680.34,68530.34,68680.34,0.1317
2026-03-04 01:40:00,68647.9,68898.0,68647.9,68757.33,0.38503
2026-03-04 01:45:00,68600.42,68600.42,68410.71,68422.32,0.38398
2026-03-04 01:50:00,68464.89,68480.89,68396.6,68429.91,0.45303
2026-03-04 01:55:00,68443.65,68443.65,68380.92,68404.7,0.14647
2026-03-04 02:00:00,68430.29,68456.86,68276.03,68351.48,0.20195
2026-03-04 02:05:00,68277.59,68299.28,68189.23,68299.28,0.04588
2026-03-04 02:10:00,68268.08,68385.3,68256.81,68256.81,0.00118
2026-03-04 02:15:00,68230.63,68230.63,68131.03,68131.03,0.00798
2026-03-04 02:20:00,68231.03,68231.03,68231.03,68231.03,7e-05
2026-03-04 02:25:00,68058.86,68058.86,68058.86,68058.86,0.00029
2026-03-04 02:30:00,68033.47,68033.47,68020.0,68020.0,0.00222
2026-03-04 02:35:00,67978.69,68107.72,67978.69,68106.04,0.09609
2026-03-04 02:40:00,68112.38,68123.05,68112.38,68123.05,0.08693
2026-03-04 02:45:00,68106.98,68298.1,68106.98,68298.1,0.13864
2026-03-04 02:50:00,68345.67,68396.2,68345.67,68396.2,0.00897
2026-03-04 02:55:00,68321.58,68325.17,68288.37,68325.17,0.14402
2026-03-04 03:00:00,68283.65,68301.21,68129.4,68129.4,0.28735
2026-03-04 03:05:00,68148.82,68282.04,68148.82,68266.51,0.25554
2026-03-04 03:10:00,68275.14,68325.97,68173.31,68315.7,0.35959
2026-03-04 03:15:00,68325.48,68349.96,68213.0,68315.35,1.76311
2026-03-04 03:20:00,68301.84,68312.23,68196.64,68196.64,0.00591
2026-03-04 03:25:00,68166.95,68166.95,68060.02,68060.81,0.20866
2026-03-04 03:30:00,67982.86,67984.3,67522.82,67530.22,0.20325
2026-03-04 03:35:00,67500.0,67633.47,67416.72,67629.17,0.10551
2026-03-04 03:40:00,67623.69,67623.69,67519.51,67519.51,0.016
2026-03-04 03:45:00,67472.48,67640.81,67472.48,67629.54,0.15421
2026-03-04 03:50:00,67592.16,67662.54,67592.16,67595.6,0.04014
2026-03-04 03:55:00,67616.16,67640.89,67616.16,67640.89,0.04008
2026-03-04 04:00:00,67797.86,67797.86,67571.75,67709.61,0.17533
2026-03-04 04:05:00,67758.66,67761.42,67758.66,67761.42,0.00081
2026-03-04 04:10:00,67791.26,67963.21,67791.26,67826.71,0.24267
2026-03-04 04:15:00,67852.47,67852.47,67564.35,67594.01,0.21946
2026-03-04 04:20:00,67588.65,67623.3,67522.82,67623.3,0.2751
2026-03-04 04:25:00,67670.63,67685.8,67618.12,67623.11,0.11506
2026-03-04 04:30:00,67560.94,67630.51,67560.94,67629.49,0.08333
2026-03-04 04:35:00,67614.63,67677.07,67508.64,67576.4,0.17509
2026-03-04 04:40:00,67538.6,67658.08,67538.6,67658.08,0.14148
2026-03-04 04:45:00,67661.7,67661.7,67612.42,67635.14,0.14744
2026-03-04 04:50:00,67657.37,67774.85,67657.37,67774.85,0.0539
2026-03-04 04:55:00,67793.41,67800.26,67793.41,67800.26,0.03554
2026-03-04 05:00:00,67812.66,67812.66,67690.79,67798.79,0.0854
2026-03-04 05:05:00,67825.2,67901.02,67825.2,67901.02,0.0877
2026-03-04 05:10:00,67891.37,67891.37,67844.19,67844.19,0.00197
2026-03-04 05:15:00,67893.97,67950.62,67889.21,67950.62,0.13238
2026-03-04 05:20:00,67911.94,67911.94,67840.16,67840.16,0.08492
2026-03-04 05:25:00,67848.59,67848.59,67736.14,67744.93,0.1621
2026-03-04 05:30:00,67832.14,67832.14,67774.84,67774.84,0.00072
2026-03-04 05:35:00,67934.69,68002.36,67934.69,68002.36,0.11053
2026-03-04 05:40:00,68033.47,68292.45,68033.47,68268.86,0.05772
2026-03-04 05:45:00,68150.0,68295.9,68150.0,68154.54,0.22576
2026-03-04 05:50:00,68223.61,68375.0,68223.61,68375.0,0.07426
2026-03-04 05:55:00,68256.83,68256.83,68213.05,68213.05,0.0615
2026-03-04 06:00:00,68117.18,68182.3,68117.18,68182.3,0.14888
2026-03-04 06:05:00,68183.1,68219.77,68122.38,68188.7,0.09187
2026-03-04 06:10:00,68175.47,68224.0,68130.0,68219.53,0.13049
2026-03-04 06:15:00,68213.31,68213.31,68073.9,68073.9,0.10054
2026-03-04 06:20:00,68139.83,68139.83,68082.17,68082.17,0.0961
2026-03-04 06:25:00,68152.9,68152.9,68098.29,68098.29,0.0941
2026-03-04 06:30:00,68249.33,68487.81,68173.57,68487.81,0.27989
2026-03-04 06:35:00,68539.74,68539.74,68469.06,68495.58,0.0033
2026-03-04 06:40:00,68524.17,68644.19,68524.17,68644.19,0.12996
2026-03-04 06:45:00,68680.34,68680.34,68589.42,68656.39,0.21606
2026-03-04 06:50:00,68639.65,68643.07,68512.77,68512.77,0.07646
2026-03-04 06:55:00,68466.17,68521.85,68450.0,68521.85,0.05421
2026-03-04 07:00:00,68570.39,68617.52,68539.66,68573.36,0.05668
2026-03-04 07:05:00,68449.68,68528.8,68418.64,68528.8,0.15316
2026-03-04 07:10:00,68473.47,68473.47,68417.73,68417.73,0.00302
2026-03-04 07:15:00,68382.16,68413.0,68382.16,68408.66,0.03042
2026-03-04 07:20:00,68495.38,68495.38,68495.38,68495.38,0.00012
2026-03-04 07:25:00,68537.8,68764.68,68537.79,68764.68,0.2857
2026-03-04 07:30:00,68771.43,68777.8,68658.1,68755.6,0.38722
2026-03-04 07:35:00,68705.3,68773.3,68703.05,68773.3,0.59321
2026-03-04 07:40:00,68789.12,68967.55,68789.12,68967.55,0.35551
2026-03-04 07:45:00,68991.95,69519.9,68989.8,69446.35,1.18608
2026-03-04 07:50:00,69412.08,69412.08,69305.33,69380.47,0.0519
2026-03-04 07:55:00,69325.39,69626.62,69325.39,69508.72,0.67331
2026-03-04 08:00:00,69543.7,69678.89,69389.17,69389.17,0.07985
2026-03-04 08:05:00,69396.83,69720.0,69396.83,69618.78,0.80346
2026-03-04 08:10:00,69654.53,69654.53,69380.6,69390.67,0.45427
2026-03-04 08:15:00,69384.52,69384.52,69266.91,69291.23,0.29846
2026-03-04 08:20:00,69233.63,69256.28,69139.24,69256.28,0.17874
2026-03-04 08:25:00,69256.28,69338.76,69239.67,69338.76,0.08178
2026-03-04 08:30:00,69427.48,69521.45,69396.72,69521.45,0.11812
2026-03-04 08:35:00,69507.54,69530.54,69502.0,69527.96,0.09274
2026-03-04 08:40:00,69555.42,69900.67,69555.0,69889.41,0.36692
2026-03-04 08:45:00,69908.43,70647.6,69904.5,70605.11,1.72084
2026-03-04 08:50:00,70619.64,70754.6,70510.41,70668.42,0.21384
2026-03-04 08:55:00,70731.58,71153.37,70731.58,70988.1,1.31139
2026-03-04 09:00:00,71015.05,71053.27,70748.33,70748.33,0.17559
2026-03-04 09:05:00,70912.04,71253.0,70912.04,71050.83,1.14876
2026-03-04 09:10:00,71031.27,71076.52,70943.71,71076.52,0.32066
2026-03-04 09:15:00,71095.47,71504.66,71095.47,71197.69,0.77591
2026-03-04 09:20:00,71222.55,71349.04,71197.89,71252.7,0.08299
2026-03-04 09:25:00,71243.81,71308.58,71239.39,71285.17,0.17683
2026-03-04 09:30:00,71393.45,71524.37,71260.2,71524.37,0.27383
2026-03-04 09:35:00,71470.96,71810.98,71454.71,71731.07,0.63876
2026-03-04 09:40:00,71823.91,71853.76,71823.91,71827.34,0.0456
2026-03-04 09:45:00,71777.59,71811.34,71683.57,71783.84,0.03335
2026-03-04 09:50:00,71868.11,71868.11,71446.7,71446.7,0.18956
2026-03-04 09:55:00,71480.15,71484.25,71368.55,71438.32,0.07574
2026-03-04 10:00:00,71548.67,71638.9,71506.89,71611.86,0.14335
2026-03-04 10:05:00,71594.46,71863.3,71433.4,71843.84,0.34733
2026-03-04 10:10:00,71768.0,71817.3,71768.0,71817.3,0.00054
2026-03-04 10:15:00,71627.53,71682.2,71478.66,71478.66,8.82105
2026-03-04 10:20:00,71493.39,71545.93,71373.4,71380.34,0.14133
2026-03-04 10:25:00,71424.4,71533.64,71424.4,71533.64,0.10902
2026-03-04 10:30:00,71528.89,71545.93,71315.19,71382.6,1.02452
2026-03-04 10:35:00,71353.1,71406.4,71296.89,71328.9,0.01726
2026-03-04 10:40:00,71356.39,71446.0,71311.04,71348.86,1.50032
2026-03-04 10:45:00,71241.08,71289.52,71221.53,71289.52,0.35304
2026-03-04 10:50:00,71399.99,71453.5,71250.0,71369.23,9.39756
2026-03-04 10:55:00,71292.7,71322.0,71292.7,71322.0,0.44192
2026-03-04 11:00:00,71369.6,71420.39,71369.6,71410.13,0.00246
2026-03-04 11:05:00,71303.87,71320.91,71258.05,71258.05,0.0087
2026-03-04 11:10:00,71322.8,71456.18,71322.8,71418.78,0.00169
2026-03-04 11:15:00,71444.0,71483.0,71412.89,71439.77,0.00492
2026-03-04 11:20:00,71490.56,71490.56,71322.8,71322.8,0.00282
2026-03-04 11:25:00,71250.0,71250.0,71230.5,71230.5,0.00841
2026-03-04 11:30:00,71230.5,71262.17,71135.88,71135.88,0.10283
2026-03-04 11:35:00,71123.11,71123.11,70903.56,70944.12,0.01292
2026-03-04 11:40:00,71074.44,71145.96,71074.44,71145.96,0.00771
2026-03-04 11:45:00,71080.0,71103.29,71062.22,71100.8,0.06646
2026-03-04 11:50:00,71002.14,71188.36,71002.14,71188.36,0.0357
2026-03-04 11:55:00,71207.07,71207.07,71119.46,71119.46,0.11459
2026-03-04 12:00:00,71112.35,71132.73,70956.71,70956.71,0.07682
2026-03-04 12:05:00,71038.7,71038.7,70849.05,70912.37,0.45852
2026-03-04 12:10:00,70918.96,70971.37,70896.51,70896.51,0.04265
2026-03-04 12:15:00,70892.18,70904.27,70707.49,70785.5,0.49373
2026-03-04 12:20:00,70787.5,70787.5,70698.91,70708.66,0.22486
2026-03-04 12:25:00,70644.77,70644.77,70637.71,70637.71,0.00112
2026-03-04 12:30:00,70627.63,70722.08,70585.01,70722.08,0.32378
2026-03-04 12:35:00,70810.58,70826.7,70664.7,70826.7,0.28504
2026-03-04 12:40:00,70911.92,71028.76,70898.13,70991.85,0.29747
2026-03-04 12:45:00,70972.81,71123.69,70893.2,71123.69,0.20819
2026-03-04 12:50:00,71135.88,71181.18,71088.61,71126.0,0.23603
2026-03-04 12:55:00,71198.43,71344.17,71196.02,71344.17,0.06537
2026-03-04 13:00:00,71307.62,71388.25,71307.62,71388.25,0.09721
2026-03-04 13:05:00,71329.79,71616.17,71329.79,71556.0,0.61012
2026-03-04 13:10:00,71543.39,71543.39,71317.14,71317.14,0.13909
2026-03-04 13:15:00,71299.35,71361.68,71271.15,71271.15,0.16036
2026-03-04 13:20:00,71322.55,71373.33,71266.35,71274.58,0.10487
2026-03-04 13:25:00,71288.8,71374.77,71288.8,71374.77,1.34615
2026-03-04 13:30:00,71301.26,71379.29,71301.26,71379.29,0.06302
2026-03-04 13:35:00,71359.2,71403.95,71345.17,71403.95,0.00761
2026-03-04 13:40:00,71428.12,71531.22,71428.12,71461.6,0.24347
2026-03-04 13:45:00,71452.38,71458.3,71433.15,71450.0,0.14905
2026-03-04 13:50:00,71356.04,71428.0,71347.15,71428.0,0.05258
2026-03-04 13:55:00,71435.57,71527.94,71435.57,71505.95,0.09077
2026-03-04 14:00:00,71486.67,71509.1,71419.18,71450.19,0.05833
2026-03-04 14:05:00,71430.54,71690.9,71430.54,71558.75,0.13683
2026-03-04 14:10:00,71555.09,71823.47,71555.09,71796.81,0.29445
2026-03-04 14:15:00,71899.61,72000.82,71650.92,71737.19,0.20363
2026-03-04 14:20:00,71637.35,71676.2,71612.75,71676.2,0.22833
2026-03-04 14:25:00,71600.67,71731.57,71593.6,71728.6,0.19395
2026-03-04 14:30:00,71708.23,72613.19,71695.8,72451.0,6.17949
2026-03-04 14:35:00,72410.36,72454.9,71744.19,71934.3,0.71036
2026-03-04 14:40:00,71883.08,72104.39,71442.78,71445.4,1.34953
2026-03-04 14:45:00,71409.09,71660.4,71303.71,71626.7,0.6717
2026-03-04 14:50:00,71642.11,71772.0,71598.0,71706.3,0.62051
2026-03-04 14:55:00,71668.6,71756.4,71558.3,71594.1,0.27314
2026-03-04 15:00:00,71636.7,72070.77,71636.7,71673.39,0.87451
2026-03-04 15:05:00,71687.48,72145.19,71687.48,72028.13,0.86693
2026-03-04 15:10:00,72055.79,72218.5,72019.0,72048.53,0.27239
2026-03-04 15:15:00,72089.1,72348.1,72089.1,72348.1,0.19245
2026-03-04 15:20:00,72393.8,72500.0,72196.11,72270.53,1.52005
2026-03-04 15:25:00,72312.71,73000.0,72273.01,72982.11,0.73312
2026-03-04 15:30:00,73000.2,73100.31,72760.25,72838.93,0.58795
2026-03-04 15:35:00,72823.52,72851.62,72683.45,72695.59,0.27307
2026-03-04 15:40:00,72756.39,72830.0,72609.2,72746.7,0.04109
2026-03-04 15:45:00,72717.05,72930.0,72717.05,72860.0,0.21671
2026-03-04 15:50:00,73019.0,73193.95,72984.68,73154.39,0.16651
2026-03-04 15:55:00,73070.2,73475.87,73044.84,73377.1,0.88315
2026-03-04 16:00:00,73382.72,73513.09,73175.34,73338.94,0.47459
2026-03-04 16:05:00,73289.41,73331.89,72894.66,72894.66,0.50569
2026-03-04 16:10:00,72939.03,73025.26,72775.06,72881.66,0.08289
2026-03-04 16:15:00,72868.14,73020.97,72830.45,72830.45,0.23839
2026-03-04 16:20:00,72815.2,72870.46,72558.36,72675.64,0.17886
2026-03-04 16:25:00,72775.09,73002.46,72775.09,73002.46,0.23568
2026-03-04 16:30:00,72929.27,73100.31,72929.27,73004.88,0.18835
2026-03-04 16:35:00,73144.62,73164.74,73088.5,73088.5,0.05559
2026-03-04 16:40:00,73248.28,73283.49,73187.07,73187.07,0.22505
2026-03-04 16:45:00,73100.0,73273.43,73100.0,73273.43,0.23293
2026-03-04 16:50:00,73249.01,73357.19,73203.27,73317.52,0.15565
2026-03-04 16:55:00,73286.8,73469.09,73200.0,73315.82,0.28453
2026-03-04 17:00:00,73278.37,73494.91,73278.37,73422.74,0.27723
2026-03-04 17:05:00,73386.72,73443.04,73326.93,73443.04,0.30309
2026-03-04 17:10:00,73442.24,73686.22,73442.24,73559.21,0.55539
2026-03-04 17:15:00,73605.64,73750.0,73305.17,73305.17,0.65429
2026-03-04 17:20:00,73282.55,73282.55,72999.4,72999.4,0.40363
2026-03-04 17:25:00,73083.48,73083.48,72998.29,73030.91,0.36526
2026-03-04 17:30:00,73076.6,73265.42,73076.6,73150.39,0.72284
2026-03-04 17:35:00,73230.19,73261.39,73150.39,73150.39,0.67709
2026-03-04 17:40:00,73150.39,73168.28,73069.7,73151.97,0.56371
2026-03-04 17:45:00,73139.18,73296.53,73124.6,73296.53,0.36879
2026-03-04 17:50:00,73300.91,73377.86,73250.18,73333.39,0.48779
2026-03-04 17:55:00,73306.69,73306.69,73210.75,73232.44,0.22148
2026-03-04 18:00:00,73216.77,73347.38,73207.29,73347.38,0.17653
2026-03-04 18:05:00,73392.7,73403.79,73298.5,73310.34,0.31701
2026-03-04 18:10:00,73286.3,73286.3,72935.87,73054.11,0.55777
2026-03-04 18:15:00,73061.56,73368.33,73061.56,73368.33,0.67095
2026-03-04 18:20:00,73382.71,73397.1,73333.24,73386.38,0.11959
2026-03-05 00:20:00,72892.47,72892.47,72892.47,72892.47,0.0
2026-03-05 00:25:00,72958.86,72958.86,72786.39,72846.94,0.04635
2026-03-05 00:30:00,72794.37,72835.14,72794.3,72794.3,0.12362
2026-03-05 00:35:00,72779.63,72860.9,72779.63,72823.0,0.20438
2026-03-05 00:40:00,72791.89,72998.04,72791.89,72882.92,0.14742
2026-03-05 00:45:00,72911.7,73000.0,72861.31,72890.73,0.09799
2026-03-05 00:50:00,72913.56,72913.56,72714.74,72773.06,0.05037
2026-03-05 00:55:00,72758.34,72852.18,72724.33,72784.98,0.0775
2026-03-05 01:00:00,72750.47,72804.03,72711.2,72721.46,0.2878
2026-03-05 01:05:00,72721.61,73050.0,72714.87,73045.08,0.18099
2026-03-05 01:10:00,73076.45,73282.55,72928.73,73171.62,0.64556
2026-03-05 01:15:00,73171.54,73174.44,73040.81,73040.81,0.20092
2026-03-05 01:20:00,72878.0,72910.49,72845.48,72850.93,0.04464
2026-03-05 01:25:00,72967.43,72982.22,72915.96,72973.0,0.14248
2026-03-05 01:30:00,72931.84,72931.84,72764.5,72764.5,0.09324
2026-03-05 01:35:00,72865.53,72865.53,72805.8,72812.19,0.09113
2026-03-05 01:40:00,72716.8,72716.8,72609.2,72609.2,0.00094
2026-03-05 01:45:00,72629.17,72651.14,72607.41,72607.41,0.12237
2026-03-05 01:50:00,72534.39,72537.34,72479.3,72537.34,0.18681
2026-03-05 01:55:00,72461.86,72461.86,72411.02,72457.03,0.11707
2026-03-05 02:00:00,72591.43,72697.91,72589.17,72650.18,0.15453
2026-03-05 02:05:00,72672.61,72845.48,72635.81,72761.02,0.21844
2026-03-05 02:10:00,72759.78,72874.58,72729.3,72791.1,0.13022
2026-03-05 02:15:00,72862.78,72874.8,72862.78,72869.3,0.03014
2026-03-05 02:20:00,72809.4,72835.68,72795.35,72795.52,0.00134
2026-03-05 02:25:00,72744.93,72744.93,72692.2,72692.2,0.00372
2026-03-05 02:30:00,72663.06,72663.06,72450.92,72450.92,0.28172
2026-03-05 02:35:00,72464.47,72491.08,72371.64,72371.64,0.34297
2026-03-05 02:40:00,72427.43,72427.43,72348.07,72376.17,0.08097
2026-03-05 02:45:00,72411.18,72508.1,72401.85,72480.69,0.07801
2026-03-05 02:50:00,72542.69,72582.5,72496.09,72496.09,0.30203
2026-03-05 02:55:00,72403.08,72518.7,72402.48,72518.7,0.08714
2026-03-05 03:00:00,72521.11,72655.6,72520.39,72654.71,0.16919
2026-03-05 03:05:00,72695.44,72729.79,72662.9,72662.9,0.06242
2026-03-05 03:10:00,72652.75,72652.75,72570.04,72624.83,0.10972
2026-03-05 03:15:00,72632.81,72652.9,72589.14,72589.14,0.22626
2026-03-05 03:20:00,72573.7,72648.38,72560.0,72560.0,0.12765
2026-03-05 03:25:00,72573.33,72578.1,72523.16,72536.67,0.10096
2026-03-05 03:30:00,72483.29,72496.97,72422.59,72422.59,0.24763
2026-03-05 03:35:00,72416.59,72438.87,72369.41,72369.41,0.17634
2026-03-05 03:40:00,72449.9,72451.34,72390.7,72390.7,0.07764
2026-03-05 03:45:00,72424.29,72424.29,72385.04,72415.86,0.04697
2026-03-05 03:50:00,72418.59,72454.93,72399.5,72412.07,0.3765
2026-03-05 03:55:00,72521.0,72545.7,72493.5,72493.5,0.05135
2026-03-05 04:00:00,72532.0,72532.0,72452.54,72485.16,0.05157
2026-03-05 04:05:00,72591.61,72648.5,72537.69,72584.01,0.00873
2026-03-05 04:10:00,72615.87,72685.77,72615.87,72658.3,0.00826
2026-03-05 04:15:00,72692.86,72692.86,72621.59,72621.59,0.00258
2026-03-05 04:20:00,72732.69,72760.46,72732.69,72760.46,0.00239
2026-03-05 04:25:00,72762.94,72826.08,72762.94,72790.82,0.13012
2026-03-05 04:30:00,72777.6,72777.6,72608.2,72660.92,0.63733
2026-03-05 04:35:00,72559.02,72801.87,72559.02,72783.44,0.96204
2026-03-05 04:40:00,72759.59,72948.06,72759.59,72948.06,0.25643
2026-03-05 04:45:00,72939.84,73057.54,72877.15,72877.15,0.30179
2026-03-05 04:50:00,72814.91,72814.91,72713.5,72713.5,0.01658
2026-03-05 04:55:00,72752.73,72891.7,72752.73,72807.77,0.35303
2026-03-05 05:00:00,72826.36,72868.77,72805.73,72805.73,0.08608
2026-03-05 05:05:00,72798.91,72798.91,72776.02,72776.02,0.04221
2026-03-05 05:10:00,72771.6,72823.3,72771.6,72823.3,0.44583
2026-03-05 05:15:00,72790.91,72790.91,72759.84,72761.46,0.04007
2026-03-05 05:20:00,72681.3,72681.3,72488.22,72488.22,0.1559
2026-03-05 05:25:00,72493.3,72517.95,72472.66,72517.95,0.17637
2026-03-05 05:30:00,72457.26,72457.26,72457.26,72457.26,0.04349
2026-03-05 05:35:00,72498.87,72498.87,72498.87,72498.87,0.0
2026-03-05 05:40:00,72479.04,72479.04,72479.04,72479.04,0.0
2026-03-05 05:45:00,72394.79,72394.79,72394.79,72394.79,0.0
2026-03-05 05:50:00,72424.92,72424.92,72424.92,72424.92,0.0
2026-03-05 05:55:00,72406.7,72437.71,72406.7,72437.71,0.0003
2026-03-05 06:00:00,72388.33,72388.33,72388.33,72388.33,0.0
2026-03-05 06:05:00,72351.58,72351.58,72351.58,72351.58,0.0
2026-03-05 06:10:00,72117.68,72117.68,72117.68,72117.68,0.0
2026-03-05 06:15:00,72165.79,72165.79,72165.79,72165.79,0.0
2026-03-05 06:20:00,72315.0,72315.0,72315.0,72315.0,0.0
2026-03-05 06:25:00,72458.85,72458.85,72458.85,72458.85,0.0
2026-03-05 06:30:00,72382.47,72382.47,72382.47,72382.47,0.0
2026-03-05 06:35:00,72417.7,72417.7,72417.7,72417.7,0.0
2026-03-05 06:40:00,72509.5,72509.5,72509.5,72509.5,0.0
2026-03-05 06:45:00,72449.22,72449.22,72449.22,72449.22,0.0
2026-03-05 06:50:00,72507.9,72507.9,72507.9,72507.9,0.0
2026-03-05 06:55:00,72595.48,72595.48,72595.48,72595.48,0.0
2026-03-05 07:00:00,72549.19,72549.19,72549.19,72549.19,0.0
2026-03-05 07:05:00,72505.69,72505.69,72505.69,72505.69,0.0
2026-03-05 07:10:00,72496.76,72496.76,72496.76,72496.76,0.0
2026-03-05 07:15:00,72651.52,72651.52,72651.52,72651.52,0.0
2026-03-05 07:20:00,72632.22,72632.22,72632.22,72632.22,0.0
2026-03-05 07:25:00,72618.43,72618.43,72618.43,72618.43,0.0
2026-03-05 07:30:00,72628.83,72628.83,72628.83,72628.83,0.0
2026-03-05 07:35:00,72379.67,72379.67,72379.67,72379.67,0.0
2026-03-05 07:40:00,72221.39,72221.39,72221.39,72221.39,0.0
2026-03-05 07:45:00,72238.31,72238.31,72238.31,72238.31,0.0
2026-03-05 07:50:00,72150.39,72150.39,72150.39,72150.39,0.0
2026-03-05 07:55:00,71865.1,71865.1,71865.1,71865.1,0.0
2026-03-05 08:00:00,72056.07,72056.07,72056.07,72056.07,0.0
2026-03-05 08:05:00,71918.64,71918.64,71918.64,71918.64,0.0
2026-03-05 08:10:00,71904.05,71904.05,71904.05,71904.05,0.0
2026-03-05 08:15:00,71832.27,71832.27,71832.27,71832.27,0.0
2026-03-05 08:20:00,71986.52,71986.52,71986.52,71986.52,0.0
2026-03-05 08:25:00,72027.08,72027.08,72027.08,72027.08,0.0
2026-03-05 08:30:00,71765.53,71765.53,71765.53,71765.53,0.0
2026-03-05 08:35:00,72148.84,72148.84,72148.84,72148.84,0.0
2026-03-05 08:40:00,72105.6,72105.6,72105.6,72105.6,0.0
2026-03-05 08:45:00,72204.18,72204.18,72204.18,72204.18,0.0
2026-03-05 08:50:00,72243.29,72243.29,72243.29,72243.29,0.0
2026-03-05 08:55:00,72342.47,72342.47,72342.47,72342.47,0.0
2026-03-05 09:00:00,72340.04,72340.04,72340.04,72340.04,0.0
2026-03-05 09:05:00,72411.02,72411.02,72411.02,72411.02,0.0
2026-03-05 09:10:00,72601.34,72601.34,72601.34,72601.34,0.0
2026-03-05 09:15:00,72620.4,72620.4,72620.4,72620.4,0.00016
2026-03-05 09:20:00,72582.58,72582.58,72582.58,72582.58,0.0
2026-03-05 09:25:00,72572.66,72572.66,72572.66,72572.66,0.0
2026-03-05 09:30:00,72667.6,72667.6,72667.6,72667.6,0.0
2026-03-05 09:35:00,72686.14,72686.14,72686.14,72686.14,0.0
2026-03-05 09:40:00,72599.76,72599.76,72599.76,72599.76,0.0
2026-03-05 09:45:00,72498.03,72498.03,72498.03,72498.03,0.0
2026-03-05 09:50:00,72569.16,72569.16,72569.16,72569.16,0.0
2026-03-05 09:55:00,72532.56,72532.56,72532.56,72532.56,0.0
2026-03-05 10:00:00,72596.99,72596.99,72596.99,72596.99,0.0
2026-03-05 10:05:00,72565.72,72565.72,72565.72,72565.72,0.0
2026-03-05 10:10:00,72747.92,72747.92,72747.92,72747.92,0.0
2026-03-05 10:15:00,72737.72,72737.72,72737.72,72737.72,0.0
2026-03-05 10:20:00,72790.32,72790.32,72790.32,72790.32,0.0
2026-03-05 10:25:00,72948.1,72948.1,72948.1,72948.1,0.0
2026-03-05 10:30:00,73165.9,73165.9,73165.9,73165.9,0.0
2026-03-05 10:35:00,73506.9,73506.9,73506.9,73506.9,0.0
2026-03-05 10:40:00,73323.92,73323.92,73323.92,73323.92,0.0
2026-03-05 10:45:00,73334.3,73334.3,73334.3,73334.3,0.0
2026-03-05 10:50:00,73354.48,73354.48,73354.48,73354.48,0.0
2026-03-05 10:55:00,73451.11,73451.11,73451.11,73451.11,0.0
2026-03-05 11:00:00,73415.73,73415.73,73415.73,73415.73,0.0
2026-03-05 11:05:00,73217.56,73217.56,73217.56,73217.56,0.0
2026-03-05 11:10:00,73136.97,73136.97,73136.97,73136.97,0.0
2026-03-05 11:15:00,73197.58,73197.58,73197.58,73197.58,0.0
2026-03-05 11:20:00,73086.5,73086.5,73086.5,73086.5,0.0
2026-03-05 11:25:00,72948.06,72948.06,72948.06,72948.06,0.0
2026-03-05 11:30:00,73008.86,73008.86,73008.86,73008.86,0.0
2026-03-05 11:35:00,72999.27,72999.27,72999.27,72999.27,0.0
2026-03-05 11:40:00,72809.61,72809.61,72809.61,72809.61,0.0
2026-03-05 11:45:00,72824.98,72824.98,72824.98,72824.98,0.0
2026-03-05 11:50:00,72857.81,72857.81,72857.81,72857.81,0.0
2026-03-05 11:55:00,72855.9,72855.9,72855.9,72855.9,0.0
2026-03-05 12:00:00,72861.78,72861.78,72861.78,72861.78,0.0
2026-03-05 12:05:00,72779.95,72779.95,72779.95,72779.95,0.0
2026-03-05 12:10:00,72919.48,72919.48,72919.48,72919.48,0.0
2026-03-05 12:15:00,72918.36,72918.36,72918.36,72918.36,0.00136
2026-03-05 12:20:00,72722.09,72722.09,72722.09,72722.09,0.0
2026-03-05 12:25:00,72905.42,72905.42,72905.42,72905.42,0.0155
2026-03-05 12:30:00,72754.46,72754.46,72754.46,72754.46,0.0
2026-03-05 12:35:00,72769.44,72769.44,72769.44,72769.44,0.0
2026-03-05 12:40:00,72728.18,72728.18,72728.18,72728.18,0.0
2026-03-05 12:45:00,72938.35,72938.35,72938.35,72938.35,0.0
2026-03-05 12:50:00,73037.1,73037.1,73037.1,73037.1,0.0
2026-03-05 12:55:00,72933.92,72933.92,72933.92,72933.92,0.0
2026-03-05 13:00:00,72916.17,72916.17,72916.17,72916.17,0.01371
2026-03-05 13:05:00,72817.99,72817.99,72817.99,72817.99,0.0
2026-03-05 13:10:00,72693.97,72693.97,72693.97,72693.97,0.0
2026-03-05 13:15:00,72705.94,72705.94,72705.94,72705.94,0.0
2026-03-05 13:20:00,72669.78,72669.78,72669.78,72669.78,0.0
2026-03-05 13:25:00,72470.11,72470.11,72466.34,72466.34,0.09223
2026-03-05 13:30:00,72512.91,72512.91,72512.91,72512.91,0.0
2026-03-05 13:35:00,72371.0,72371.0,72371.0,72371.0,0.0
2026-03-05 13:40:00,72362.76,72362.76,72362.76,72362.76,0.0
2026-03-05 13:45:00,72514.5,72514.5,72514.5,72514.5,0.0
2026-03-05 13:50:00,72674.92,72674.92,72674.92,72674.92,0.0
2026-03-05 13:55:00,72631.86,72631.86,72631.86,72631.86,0.0
2026-03-05 14:00:00,72461.47,72461.47,72461.47,72461.47,0.0
2026-03-05 14:05:00,72550.66,72550.66,72550.66,72550.66,0.0
2026-03-05 14:10:00,72533.82,72533.82,72533.82,72533.82,0.0
2026-03-05 14:15:00,72625.06,72625.06,72625.06,72625.06,0.0
2026-03-05 14:20:00,72474.03,72474.03,72474.03,72474.03,0.0
2026-03-05 14:25:00,72549.6,72549.6,72549.6,72549.6,0.0
2026-03-05 14:30:00,72544.7,72544.7,72544.7,72544.7,0.0
2026-03-05 14:35:00,72744.4,72744.4,72744.4,72744.4,0.0
2026-03-05 14:40:00,72207.3,72207.4,72207.3,72207.4,0.00032
2026-03-05 14:45:00,72018.5,72018.5,72018.5,72018.5,0.04
2026-03-05 14:50:00,72204.17,72204.17,72204.17,72204.17,0.0
2026-03-05 14:55:00,72520.95,72520.95,72520.95,72520.95,0.0
2026-03-05 15:00:00,72640.77,72640.77,72640.77,72640.77,0.0
2026-03-05 15:05:00,72250.0,72250.0,72250.0,72250.0,0.0
2026-03-05 15:10:00,71885.49,71885.49,71885.49,71885.49,0.0
2026-03-05 15:15:00,71822.98,71822.98,71822.98,71822.98,0.0
2026-03-05 15:20:00,71649.0,71649.0,71649.0,71649.0,0.0
2026-03-05 15:25:00,71527.67,71527.67,71527.67,71527.67,0.0
2026-03-05 15:30:00,71279.53,71279.53,71279.53,71279.53,0.0
2026-03-05 15:35:00,71300.6,71300.6,71300.6,71300.6,0.0
2026-03-05 15:40:00,71652.57,71652.57,71652.57,71652.57,0.04711
2026-03-05 15:45:00,71438.95,71438.95,71438.95,71438.95,0.0
2026-03-05 15:50:00,71377.18,71377.18,71377.18,71377.18,0.0
2026-03-05 15:55:00,71694.89,71694.89,71694.89,71694.89,0.0
2026-03-05 16:00:00,71510.56,71510.56,71510.56,71510.56,0.0
2026-03-05 16:05:00,71326.98,71326.98,71326.98,71326.98,0.0
2026-03-05 16:10:00,70879.04,70879.04,70879.04,70879.04,0.0
2026-03-05 16:15:00,71000.7,71000.7,71000.7,71000.7,0.0
2026-03-05 16:20:00,70888.05,70888.05,70888.05,70888.05,0.04027
2026-03-05 16:25:00,71015.39,71015.39,71015.39,71015.39,0.0
2026-03-05 16:30:00,71014.37,71014.37,71014.37,71014.37,0.0
2026-03-05 16:35:00,71199.74,71199.74,71199.74,71199.74,0.0
2026-03-05 16:40:00,71417.68,71417.68,71417.68,71417.68,0.0
2026-03-05 16:45:00,71405.2,71405.2,71405.2,71405.2,0.0
2026-03-05 16:50:00,71335.55,71335.55,71335.55,71335.55,0.01069
2026-03-05 16:55:00,71255.58,71255.58,71255.58,71255.58,0.0
2026-03-05 17:00:00,71277.46,71277.46,71277.46,71277.46,0.0
2026-03-05 17:05:00,71549.39,71558.26,71549.39,71558.26,0.00919
2026-03-05 17:10:00,71123.11,71123.11,71123.11,71123.11,0.0
2026-03-05 17:15:00,71165.62,71165.62,71165.62,71165.62,0.06622
2026-03-05 17:20:00,71038.33,71038.33,71038.33,71038.33,0.0
2026-03-05 17:25:00,70985.87,70985.87,70985.87,70985.87,0.0
2026-03-05 17:30:00,71095.64,71095.64,71095.64,71095.64,0.0
2026-03-05 17:35:00,70780.97,70780.97,70780.97,70780.97,0.0
2026-03-05 17:40:00,70882.31,70882.31,70882.31,70882.31,0.0
2026-03-05 17:45:00,70890.29,70890.29,70890.29,70890.29,0.0
2026-03-05 17:50:00,70695.98,70695.98,70695.98,70695.98,0.0
2026-03-05 17:55:00,70869.68,70869.68,70869.68,70869.68,0.0
2026-03-05 18:00:00,70697.55,70697.55,70697.55,70697.55,0.0
2026-03-05 18:05:00,70814.48,70814.48,70814.48,70814.48,0.0
2026-03-05 18:10:00,70945.29,70945.29,70945.29,70945.29,0.0
2026-03-05 18:15:00,71019.11,71019.11,71019.11,71019.11,0.0
2026-03-05 18:20:00,71001.92,71001.92,71001.92,71001.92,0.0
2026-03-05 18:25:00,70842.96,70851.86,70842.96,70851.86,0.09328
2026-03-05 18:30:00,70841.78,70841.78,70841.78,70841.78,0.00787
2026-03-05 18:35:00,70973.52,70973.52,70973.52,70973.52,0.00064
2026-03-05 18:40:00,70920.09,70920.09,70920.09,70920.09,0.0
2026-03-05 18:45:00,70932.66,70932.66,70932.66,70932.66,0.0
2026-03-05 18:50:00,70901.27,70901.27,70901.27,70901.27,0.0
2026-03-05 18:55:00,70907.34,70907.34,70907.34,70907.34,0.0
2026-03-05 19:00:00,71002.33,71002.33,71002.33,71002.33,0.0
2026-03-05 19:05:00,71144.27,71144.27,71144.27,71144.27,0.0
2026-03-05 19:10:00,71268.0,71268.0,71268.0,71268.0,0.0
2026-03-05 19:15:00,71354.3,71362.71,71354.3,71362.71,0.0453
2026-03-05 19:20:00,71284.12,71284.12,71284.12,71284.12,0.0
2026-03-05 19:25:00,71259.53,71259.53,71259.53,71259.53,0.0
2026-03-05 19:30:00,71126.65,71126.65,71126.65,71126.65,0.0
2026-03-05 19:35:00,71050.0,71050.0,71050.0,71050.0,0.0
2026-03-05 19:40:00,70982.2,70982.2,70982.2,70982.2,0.0
2026-03-05 19:45:00,70996.32,70996.32,70996.32,70996.32,0.0
2026-03-05 19:50:00,71073.97,71073.97,71073.97,71073.97,0.0
2026-03-05 19:55:00,70980.02,70980.02,70980.02,70980.02,0.0
2026-03-05 20:00:00,70962.59,70962.59,70962.59,70962.59,0.0
2026-03-05 20:05:00,71043.28,71043.28,71043.28,71043.28,0.01407
2026-03-05 20:10:00,70934.99,70934.99,70934.99,70934.99,0.0
2026-03-05 20:15:00,71069.19,71069.19,71069.19,71069.19,0.0
2026-03-05 20:20:00,71192.11,71192.11,71192.11,71192.11,0.00209
2026-03-05 20:25:00,71233.29,71233.29,71233.29,71233.29,0.0
2026-03-05 20:30:00,71160.19,71160.19,71160.19,71160.19,0.0
2026-03-05 20:35:00,71333.03,71333.03,71333.03,71333.03,0.0
2026-03-05 20:40:00,71222.27,71222.27,71222.27,71222.27,0.0021
2026-03-05 20:45:00,71152.25,71152.25,71152.25,71152.25,0.0
2026-03-05 20:50:00,71137.74,71137.74,71137.74,71137.74,0.0
2026-03-05 20:55:00,71109.07,71109.07,71109.07,71109.07,0.0
2026-03-05 21:00:00,71249.8,71249.8,71249.8,71249.8,0.0
2026-03-05 21:05:00,71341.93,71341.93,71341.93,71341.93,0.0
2026-03-05 21:10:00,71296.77,71296.77,71296.77,71296.77,0.0
2026-03-05 21:15:00,71319.46,71319.46,71319.46,71319.46,0.0
2026-03-05 21:20:00,71497.67,71497.67,71497.67,71497.67,0.0
2026-03-05 21:25:00,71421.8,71421.8,71421.8,71421.8,0.0
2026-03-05 21:30:00,71447.74,71447.74,71447.74,71447.74,0.0
2026-03-05 21:35:00,71507.49,71507.49,71507.49,71507.49,0.0
2026-03-05 21:40:00,71101.14,71101.14,71101.14,71101.14,0.0
2026-03-05 21:45:00,71101.14,71101.14,71101.14,71101.14,0.0
2026-03-05 21:50:00,71237.58,71237.58,71237.58,71237.58,0.0
2026-03-05 21:55:00,71062.54,71062.54,71062.54,71062.54,0.0
2026-03-05 22:00:00,71136.0,71136.0,71136.0,71136.0,0.0
2026-03-05 22:05:00,71192.39,71192.39,71192.39,71192.39,0.0
2026-03-05 22:10:00,71112.84,71112.84,71112.84,71112.84,0.00015
2026-03-05 22:15:00,71161.5,71161.5,71161.5,71161.5,0.0
2026-03-05 22:20:00,71172.4,71172.4,71172.4,71172.4,0.0
2026-03-05 22:25:00,71270.6,71270.6,71270.6,71270.6,0.0
2026-03-05 22:30:00,71103.42,71103.42,71103.42,71103.42,0.0
2026-03-05 22:35:00,71202.9,71202.9,71202.9,71202.9,0.0
2026-03-05 22:40:00,71188.09,71188.09,71188.09,71188.09,0.00751
2026-03-05 22:45:00,71264.92,71264.92,71264.92,71264.92,0.0
2026-03-05 22:50:00,71248.18,71248.18,71248.18,71248.18,0.0
2026-03-05 22:55:00,71254.91,71254.91,71254.91,71254.91,0.0
2026-03-05 23:00:00,71216.38,71221.88,71216.38,71221.88,0.08608
2026-03-05 23:05:00,71234.26,71234.26,71234.26,71234.26,0.0
2026-03-05 23:10:00,71241.43,71241.43,71241.43,71241.43,0.0
2026-03-05 23:15:00,71201.06,71201.06,71201.06,71201.06,0.0
2026-03-05 23:20:00,71225.25,71225.25,71219.59,71219.59,0.00053
2026-03-05 23:25:00,71202.26,71202.26,71202.26,71202.26,0.00034
2026-03-05 23:30:00,71282.89,71282.89,71282.89,71282.89,0.0
2026-03-05 23:35:00,70914.73,70914.73,70914.73,70914.73,0.0
2026-03-05 23:40:00,70988.56,70988.56,70988.56,70988.56,0.0
2026-03-05 23:45:00,70885.05,70885.05,70885.05,70885.05,0.0
2026-03-05 23:50:00,70854.5,70854.5,70854.5,70854.5,0.0
2026-03-05 23:55:00,70854.64,70854.64,70854.64,70854.64,0.0
2026-03-06 00:00:00,70858.6,70858.6,70858.6,70858.6,0.0
2026-03-06 00:05:00,70908.23,70908.23,70908.23,70908.23,0.00012
2026-03-06 00:10:00,70923.47,70923.47,70923.47,70923.47,0.0
2026-03-06 00:15:00,71048.98,71048.98,71048.98,71048.98,0.0
2026-03-06 00:20:00,71008.42,71008.42,71008.42,71008.42,0.0
2026-03-06 00:25:00,70965.19,70965.19,70965.19,70965.19,0.0
2026-03-06 00:30:00,70906.97,70906.97,70906.97,70906.97,0.0
2026-03-06 00:35:00,70940.92,70940.92,70940.92,70940.92,0.0
2026-03-06 00:40:00,70946.42,70946.42,70946.42,70946.42,0.0
2026-03-06 00:45:00,70914.72,70914.72,70914.72,70914.72,0.0
2026-03-06 00:50:00,70948.09,70948.09,70948.09,70948.09,0.0
2026-03-06 00:55:00,70933.65,70933.65,70933.65,70933.65,0.0
2026-03-06 01:00:00,70966.46,70966.46,70966.46,70966.46,0.0
2026-03-06 01:05:00,70967.53,70967.53,70967.53,70967.53,0.0
2026-03-06 01:10:00,70902.8,70902.8,70902.8,70902.8,0.0
2026-03-06 01:15:00,70805.6,70805.6,70805.6,70805.6,0.0
2026-03-06 01:20:00,70898.65,70898.65,70898.65,70898.65,0.0
2026-03-06 01:25:00,70879.89,70879.89,70879.89,70879.89,0.0
2026-03-06 01:30:00,70465.69,70465.99,70465.69,70465.99,0.04254
2026-03-06 01:35:00,70820.1,70820.1,70820.1,70820.1,0.0
2026-03-06 01:40:00,70937.87,70937.87,70937.87,70937.87,0.0
2026-03-06 01:45:00,71142.89,71142.89,71142.89,71142.89,0.0
2026-03-06 01:50:00,71172.08,71172.08,71172.08,71172.08,0.0
2026-03-06 01:55:00,71181.69,71181.69,71181.69,71181.69,0.0
2026-03-06 02:00:00,71276.03,71276.03,71276.03,71276.03,0.0
2026-03-06 02:05:00,71188.15,71188.15,71188.15,71188.15,0.0
2026-03-06 02:10:00,71279.91,71279.91,71279.91,71279.91,0.0
2026-03-06 02:15:00,71328.65,71328.65,71328.65,71328.65,0.0
2026-03-06 02:20:00,71168.98,71168.98,71168.98,71168.98,0.0
2026-03-06 02:25:00,71191.6,71191.6,71191.6,71191.6,0.0
2026-03-06 02:30:00,71336.74,71336.74,71336.74,71336.74,0.0
2026-03-06 02:35:00,71229.43,71229.43,71229.43,71229.43,0.0
2026-03-06 02:40:00,71244.05,71244.05,71244.05,71244.05,0.0
2026-03-06 02:45:00,71326.52,71326.52,71326.52,71326.52,0.0
2026-03-06 02:50:00,71285.29,71285.29,71285.29,71285.29,0.0
2026-03-06 02:55:00,71262.6,71262.6,71262.6,71262.6,0.0
2026-03-02 15:40:00,69371.0,69519.9,69229.03,69457.97,1.89931
2026-03-02 15:45:00,69419.36,69609.25,69309.8,69336.44,5.25296
2026-03-02 15:50:00,69365.81,69460.0,68808.65,68925.6,0.12013
2026-03-02 15:55:00,69005.43,69145.22,68911.28,69121.3,0.33174
2026-03-02 16:00:00,69114.39,69256.73,68986.71,69251.3,0.16286
2026-03-02 16:05:00,69253.91,69765.48,69238.83,69762.18,0.11748
2026-03-02 16:10:00,69765.9,69768.95,69599.07,69626.43,0.13823
2026-03-02 16:15:00,69656.55,69656.55,69521.69,69535.0,0.07642
2026-03-02 16:20:00,69547.69,69723.83,69510.06,69632.0,0.12234
2026-03-02 16:25:00,69483.92,69496.07,69285.78,69321.73,0.28198
2026-03-02 16:30:00,69453.86,69463.82,69226.17,69342.58,0.11994
2026-03-02 16:35:00,69334.8,69334.8,69087.0,69128.11,0.46293
2026-03-02 16:40:00,69228.91,69885.71,69228.91,69885.71,0.56805
2026-03-02 16:45:00,69879.7,70100.0,69813.6,69832.8,1.10792
2026-03-02 16:50:00,69756.91,69804.35,69704.25,69757.17,0.09717
2026-03-02 16:55:00,69614.69,69614.69,69403.7,69457.72,0.3477
2026-03-02 17:00:00,69447.9,69547.16,69412.42,69547.16,0.05045
2026-03-02 17:05:00,69564.67,69564.67,69318.59,69337.71,0.04921
2026-03-02 17:10:00,69341.46,69476.64,69283.72,69476.64,0.06138
2026-03-02 17:15:00,69438.97,69483.18,69191.36,69262.82,0.0263
2026-03-02 17:20:00,69404.35,69409.54,69404.0,69404.0,0.09033
2026-03-02 17:25:00,69422.54,69435.98,69250.92,69435.98,0.44447
2026-03-02 17:30:00,69430.12,69430.12,69430.12,69430.12,0.048
2026-03-02 17:35:00,69383.81,69416.31,69114.73,69119.25,0.47612
2026-03-02 17:40:00,69094.08,69120.16,68837.86,68837.86,0.13549
2026-03-02 17:45:00,68805.79,69010.69,68805.79,69000.68,0.30111
2026-03-02 17:50:00,68998.61,69183.95,68998.61,69183.95,0.18232
2026-03-02 17:55:00,69176.75,69191.04,69053.97,69191.04,0.12139
2026-03-02 18:00:00,69177.67,69177.67,68761.92,68779.58,0.12208
2026-03-02 18:05:00,69035.19,69035.82,68981.33,69027.75,0.00461
2026-03-02 18:10:00,69056.86,69196.15,69000.26,69196.15,0.23319
2026-03-02 18:15:00,69179.49,69179.49,68993.51,68993.51,0.14479
2026-03-02 18:20:00,69036.64,69074.43,69004.62,69074.43,0.01223
2026-03-02 18:25:00,69006.2,69196.5,69006.2,69072.47,0.28978
2026-03-02 18:30:00,69110.91,69256.1,69110.91,69206.6,0.29747
2026-03-02 18:35:00,69155.64,69161.71,69024.86,69024.86,0.05717
2026-03-02 18:40:00,68989.72,69111.1,68943.3,69111.1,0.11442
2026-03-02 18:45:00,69111.65,69111.65,68998.06,69090.17,0.05557
2026-03-02 18:50:00,69147.94,69147.94,68965.7,69036.48,0.23968
2026-03-02 18:55:00,69017.8,69017.8,68850.87,68875.7,0.66626
2026-03-02 19:00:00,68852.7,68885.73,68761.5,68885.73,0.84625
2026-03-02 19:05:00,68860.03,68860.03,68615.6,68744.06,0.3623
2026-03-02 19:10:00,68725.37,68730.85,68573.13,68718.9,0.02677
2026-03-02 19:15:00,68749.56,68903.45,68749.56,68846.83,0.02466
2026-03-02 19:20:00,68861.24,68952.69,68828.12,68921.07,0.58511
2026-03-02 19:25:00,68853.09,68853.09,68819.11,68849.27,0.06218
2026-03-02 19:30:00,68834.7,68955.0,68738.31,68941.2,0.20611
2026-03-02 19:35:00,68911.86,69033.04,68911.86,68954.38,0.24624
2026-03-02 19:40:00,68878.28,68878.28,68826.95,68836.57,0.06472
2026-03-02 19:45:00,68793.97,68832.67,68793.97,68832.67,0.04787
2026-03-02 19:50:00,68888.37,68972.11,68888.37,68938.27,0.15898
2026-03-02 19:55:00,68936.42,68970.48,68931.17,68952.33,0.3566
2026-03-02 20:00:00,68938.11,69214.1,68938.11,69136.63,0.14036
2026-03-02 20:05:00,69141.31,69141.31,68841.25,68870.62,0.10146
2026-03-02 20:10:00,68772.85,68822.98,68588.18,68712.23,0.0313
2026-03-02 20:15:00,68841.25,68962.68,68841.25,68933.87,0.13725
2026-03-02 20:20:00,68902.02,68902.02,68887.9,68887.9,0.15068
2026-03-02 20:25:00,69027.29,69033.04,68938.7,69018.21,0.06328
2026-03-02 20:30:00,68981.36,69125.5,68972.25,69125.5,0.05311
2026-03-02 20:35:00,69101.47,69126.09,69085.84,69085.84,0.11016
2026-03-02 20:40:00,69155.69,69208.98,69155.69,69208.98,0.20613
2026-03-02 20:45:00,69225.35,69420.03,69225.35,69331.33,0.63902
2026-03-02 20:50:00,69411.64,69500.0,69348.75,69348.75,0.06689
2026-03-02 20:55:00,69331.33,69331.33,69204.18,69215.32,0.03154
2026-03-02 21:00:00,69148.5,69148.5,69013.92,69082.16,0.12573
2026-03-02 21:05:00,69142.67,69249.28,69142.67,69200.4,0.12796
2026-03-02 21:10:00,69190.7,69280.61,69090.18,69280.61,0.1209
2026-03-02 21:15:00,69298.43,69298.43,69280.78,69280.78,0.00049
2026-03-02 21:20:00,69216.04,69386.6,69216.04,69380.29,0.07819
2026-03-02 21:25:00,69347.48,69418.21,69329.61,69418.21,0.02437
2026-03-02 21:30:00,69418.21,69418.21,69418.21,69418.21,0.0
2026-03-02 21:35:00,69405.09,69441.45,69392.78,69439.79,0.05879
2026-03-02 21:40:00,69428.09,69437.89,69405.25,69434.53,0.1386
2026-03-02 21:45:00,69485.31,69537.86,69439.56,69439.56,0.07826
2026-03-02 21:50:00,69456.59,69507.99,69417.11,69462.61,0.02467
2026-03-02 21:55:00,69397.9,69433.11,69388.39,69433.11,0.07911
2026-03-02 22:00:00,69417.42,69468.23,69331.08,69355.25,0.14952
2026-03-02 22:05:00,69383.09,69458.18,69383.09,69449.25,0.10412
2026-03-02 22:10:00,69467.84,69467.84,69225.35,69230.72,0.07189
2026-03-02 22:15:00,69258.32,69276.64,69175.7,69221.22,0.025
2026-03-02 22:20:00,69201.28,69299.14,69201.28,69295.9,0.15391
2026-03-02 22:25:00,69250.4,69382.64,69250.4,69382.64,0.03326
2026-03-02 22:30:00,69374.14,69418.21,69303.48,69303.48,0.2199
2026-03-02 22:35:00,69305.11,69374.51,69305.11,69343.14,0.06775
2026-03-02 22:40:00,69360.5,69377.09,69330.62,69377.09,0.17344
2026-03-02 22:45:00,69432.76,69432.76,69311.56,69318.72,0.1836
2026-03-02 22:50:00,69306.36,69315.23,69256.31,69315.23,0.06361
2026-03-02 22:55:00,69306.34,69437.84,69306.34,69437.84,0.19885
2026-03-02 23:00:00,69430.31,69471.69,69289.54,69341.42,0.32207
2026-03-02 23:05:00,69342.27,69351.16,69302.25,69338.13,0.28277
2026-03-02 23:10:00,69296.64,69378.13,69225.35,69225.35,0.06773
2026-03-02 23:15:00,69222.11,69253.62,69206.15,69208.1,0.14101
2026-03-02 23:20:00,69203.15,69203.15,69015.87,69075.73,0.44718
2026-03-02 23:25:00,69076.47,69076.47,69024.93,69046.71,0.02281
2026-03-02 23:30:00,68999.3,68999.3,68841.1,68847.86,0.27751
2026-03-02 23:35:00,68793.41,68895.93,68793.41,68850.78,0.04094
2026-03-02 23:40:00,68811.36,68858.43,68782.5,68791.4,0.10929
2026-03-02 23:45:00,68793.76,68952.14,68793.76,68923.51,0.19415
2026-03-02 23:50:00,68894.0,68904.98,68798.4,68798.4,0.11455
2026-03-02 23:55:00,68836.81,68836.81,68811.43,68811.43,0.01581
2026-03-03 00:00:00,68881.13,68974.64,68881.13,68974.64,0.279
2026-03-03 00:05:00,68955.99,68980.47,68901.82,68958.06,0.05897
2026-03-03 00:10:00,68938.23,68939.4,68789.03,68789.03,0.02478
2026-03-03 00:15:00,68806.65,68845.99,68727.59,68762.35,0.03829
2026-03-03 00:20:00,68746.18,68746.18,68650.0,68660.45,0.18029
2026-03-03 00:25:00,68748.64,68817.31,68741.78,68817.31,0.01702
2026-03-03 00:30:00,68787.25,68981.48,68707.1,68981.48,0.22937
2026-03-03 00:35:00,68970.48,69097.16,68970.48,69080.2,0.14672
2026-03-03 00:40:00,69092.09,69150.59,69092.09,69132.11,0.08839
2026-03-03 00:45:00,69105.01,69157.5,68942.61,68955.47,0.05962
2026-03-03 00:50:00,68992.03,68995.16,68920.39,68995.16,0.01684
2026-03-03 00:55:00,68933.87,69098.61,68920.06,69098.61,0.10112
2026-03-03 01:00:00,69073.0,69073.0,69002.56,69035.67,0.00938
2026-03-03 01:05:00,69052.56,69156.61,69037.58,69072.52,0.3169
2026-03-03 01:10:00,69064.11,69247.84,69064.11,69164.14,0.18473
2026-03-03 01:15:00,69147.61,69147.61,68911.98,68931.11,0.10352
2026-03-03 01:20:00,68928.11,69002.18,68928.11,69002.18,0.58805
2026-03-03 01:25:00,69008.29,69028.64,68948.99,68948.99,0.06667
2026-03-03 01:30:00,68898.39,69033.04,68841.25,69018.22,0.08069
2026-03-03 01:35:00,68962.48,68982.11,68935.89,68982.11,0.11133
2026-03-03 01:40:00,68957.42,69054.56,68918.3,69054.56,0.31683
2026-03-03 01:45:00,68986.84,69021.02,68946.4,69021.02,0.07044
2026-03-03 01:50:00,69021.02,69021.02,69021.02,69021.02,0.0
2026-03-03 01:55:00,68841.25,68841.25,68797.06,68797.06,0.16966
2026-03-03 02:00:00,68703.63,68703.63,68427.33,68476.48,12.06989
2026-03-03 02:05:00,68578.46,68694.1,68533.77,68649.58,0.00338
2026-03-03 02:10:00,68672.56,68688.21,68621.25,68647.4,0.00134
2026-03-03 02:15:00,68633.21,68640.64,68462.17,68462.17,0.10028
2026-03-03 02:20:00,68384.36,68385.03,68263.01,68385.03,0.56748
2026-03-03 02:25:00,68453.31,68464.0,68389.51,68464.0,0.12085
2026-03-03 02:30:00,68465.5,68497.28,68454.18,68479.16,0.17596
2026-03-03 02:35:00,68479.0,68479.0,68406.39,68412.82,0.09269
2026-03-03 02:40:00,68380.03,68385.0,68380.03,68385.0,0.00071
2026-03-03 02:45:00,68535.08,68608.55,68535.08,68598.26,0.18569
2026-03-03 02:50:00,68532.83,68532.83,68519.12,68519.12,0.04003
2026-03-03 02:55:00,68527.08,68547.43,68521.45,68547.43,0.09617
2026-03-03 03:00:00,68549.51,68549.51,68409.78,68409.78,0.00859
2026-03-03 03:05:00,68358.07,68377.06,68319.45,68377.06,0.0104
2026-03-03 03:10:00,68374.55,68387.6,68374.55,68387.6,0.04528
2026-03-03 03:15:00,68476.65,68476.65,68331.9,68352.7,0.16406
2026-03-03 03:20:00,68254.89,68298.69,68232.19,68296.7,0.01649
2026-03-03 03:25:00,68354.1,68421.2,68354.1,68421.2,0.04831
2026-03-03 03:30:00,68379.4,68502.26,68379.4,68502.26,0.01571
2026-03-03 03:35:00,68481.94,68526.63,68471.62,68480.14,0.06969
2026-03-03 03:40:00,68400.55,68400.55,68398.69,68400.43,0.022
2026-03-03 03:45:00,68405.53,68416.98,68349.1,68349.1,0.05961
2026-03-03 03:50:00,68347.85,68365.6,68347.85,68365.6,0.01471
2026-03-03 03:55:00,68343.81,68346.04,68312.51,68337.73,0.01896
2026-03-03 04:00:00,68390.58,68455.17,68390.58,68444.71,0.0999
2026-03-03 04:05:00,68430.67,68458.13,68338.03,68338.03,0.09002
2026-03-03 04:10:00,68354.47,68434.73,68354.47,68382.53,0.01294
2026-03-03 04:15:00,68398.85,68398.85,68314.33,68314.33,0.00677
2026-03-03 04:20:00,68405.07,68405.07,68370.37,68370.37,0.01052
2026-03-03 04:25:00,68370.37,68370.37,68370.37,68370.37,0.0
2026-03-03 04:30:00,68356.69,68356.69,68356.69,68356.69,0.00146
2026-03-03 04:35:00,68387.65,68387.65,68236.29,68236.29,0.03307
2026-03-03 04:40:00,68268.44,68268.44,68179.93,68193.04,0.06469
2026-03-03 04:45:00,68150.0,68150.0,68067.98,68067.98,0.00084
2026-03-03 04:50:00,68119.3,68128.26,68076.05,68116.8,0.03827
2026-03-03 04:55:00,68105.69,68124.73,68105.69,68124.73,0.00179
2026-03-03 05:00:00,68186.37,68186.37,68087.91,68173.57,0.00197
2026-03-03 05:05:00,68067.22,68327.93,68067.22,68327.93,0.13227
2026-03-03 05:10:00,68284.4,68365.12,68284.4,68365.12,0.04438
2026-03-03 05:15:00,68420.3,68530.01,68420.3,68516.57,0.58363
2026-03-03 05:20:00,68467.1,68467.1,68350.56,68388.48,0.07012
2026-03-03 05:25:00,68454.81,68454.81,68443.13,68443.13,0.0002
2026-03-03 05:30:00,68377.28,68377.28,68178.37,68178.37,0.3922
2026-03-03 05:35:00,68200.15,68200.15,68091.92,68097.91,0.10005
2026-03-03 05:40:00,68143.78,68162.87,68103.86,68103.86,0.09049
2026-03-03 05:45:00,68107.76,68107.76,67912.5,67912.5,0.0487
2026-03-03 05:50:00,67895.98,67989.5,67895.98,67952.19,0.03678
2026-03-03 05:55:00,67853.27,67967.58,67853.27,67967.58,0.04101
2026-03-03 06:00:00,67964.93,67964.93,67956.53,67956.53,0.00061
2026-03-03 06:05:00,67885.97,67965.3,67866.77,67965.3,0.04114
2026-03-03 06:10:00,67890.81,67910.11,67845.72,67910.11,0.00127
2026-03-03 06:15:00,67935.89,67977.54,67919.83,67977.54,0.12986
2026-03-03 06:20:00,67955.87,67955.87,67933.78,67933.78,0.11377
2026-03-03 06:25:00,67930.87,67959.83,67930.87,67943.99,0.11087
2026-03-03 06:30:00,67943.99,67943.99,67943.99,67943.99,0.0
2026-03-03 06:35:00,67890.73,67958.93,67870.7,67958.93,0.26696
2026-03-03 06:40:00,67955.33,67967.64,67955.33,67967.64,0.056
2026-03-03 06:45:00,67946.1,67946.1,67824.59,67824.59,0.06261
2026-03-03 06:50:00,67890.18,68021.58,67890.18,68013.53,0.21088
2026-03-03 06:55:00,68044.63,68208.5,68044.63,68134.5,0.30273
2026-03-03 07:00:00,68112.65,68112.65,67977.79,68088.9,0.05966
2026-03-03 07:05:00,68024.27,68049.2,68024.27,68049.2,0.00212
2026-03-03 07:10:00,68056.88,68056.88,68012.56,68050.38,0.051
2026-03-03 07:15:00,68279.42,68279.42,68083.95,68218.54,0.13957
2026-03-03 07:20:00,68201.76,68206.1,68186.58,68206.1,0.05993
2026-03-03 07:25:00,68177.69,68226.68,68168.28,68220.02,0.15001
2026-03-03 07:30:00,68181.9,68181.9,68181.9,68181.9,0.01459
2026-03-03 07:35:00,68119.26,68119.26,68119.26,68119.26,0.048
2026-03-03 07:40:00,68150.0,68186.9,68100.61,68186.9,0.06911
2026-03-03 07:45:00,68186.9,68186.9,68186.9,68186.9,0.0
2026-03-03 07:50:00,68159.42,68195.33,68159.42,68195.33,0.04836
2026-03-03 07:55:00,68195.33,68195.33,68195.33,68195.33,0.0
2026-03-03 08:00:00,68173.5,68173.5,68173.5,68173.5,0.00748
2026-03-03 08:05:00,68188.83,68188.83,68105.34,68105.34,0.04866
2026-03-03 08:10:00,68184.54,68301.89,67980.92,67980.92,0.04329
2026-03-03 08:15:00,68002.43,68057.84,67953.46,67953.46,0.11592
2026-03-03 08:20:00,67990.05,68007.12,67848.43,67968.07,0.11531
2026-03-03 08:25:00,67947.67,67947.67,67735.35,67786.53,0.23667
2026-03-03 08:30:00,67766.73,67766.73,67600.42,67638.56,0.21478
2026-03-03 08:35:00,67625.73,67709.9,67506.5,67524.37,0.36834
2026-03-03 08:40:00,67500.0,67500.0,67336.84,67348.5,0.52675
2026-03-03 08:45:00,67300.0,67300.0,67154.79,67154.79,0.50825
2026-03-03 08:50:00,67104.48,67123.26,67097.08,67097.08,0.38182
2026-03-03 08:55:00,67090.0,67090.0,66958.03,66964.94,0.03845
2026-03-03 09:00:00,67028.38,67028.38,66971.33,66971.33,0.04782
2026-03-03 09:05:00,66904.75,67200.3,66904.75,67200.3,0.09498
2026-03-03 09:10:00,67079.27,67101.92,67074.31,67101.92,0.01929
2026-03-03 09:15:00,67098.82,67130.59,67057.14,67118.8,0.11381
2026-03-03 09:20:00,67078.82,67078.82,66939.33,66950.84,0.55131
2026-03-03 09:25:00,67013.5,67030.34,66581.67,66618.98,1.6551
2026-03-03 09:30:00,66627.37,66691.19,66361.33,66612.79,13.72334
2026-03-03 09:35:00,66606.57,66694.0,66486.13,66644.59,0.67198
2026-03-03 09:40:00,66571.0,66571.01,66540.88,66540.88,0.12822
2026-03-03 09:45:00,66473.75,66473.75,66434.53,66438.9,0.52581
2026-03-03 09:50:00,66475.44,66576.19,66475.44,66513.0,0.46191
2026-03-03 09:55:00,66617.43,66617.43,66617.43,66617.43,0.00848
2026-03-03 10:00:00,66648.2,66648.2,66499.19,66499.19,0.21952
2026-03-03 10:05:00,66595.5,66595.5,66503.86,66503.86,0.01928
2026-03-03 10:10:00,66485.86,66537.48,66485.86,66537.48,0.00026
2026-03-03 10:15:00,66523.1,66549.93,66482.25,66549.93,0.06247
2026-03-03 10:20:00,66577.74,66681.02,66577.74,66681.02,0.19175
2026-03-03 10:25:00,66627.78,66627.78,66508.62,66508.62,0.02527
2026-03-03 10:30:00,66502.05,66502.05,66481.66,66501.48,0.16565
2026-03-03 10:35:00,66507.16,66548.87,66507.16,66521.16,0.05615
2026-03-03 10:40:00,66676.11,66676.11,66641.14,66641.14,0.00806
2026-03-03 10:45:00,66739.49,66986.09,66721.01,66986.09,0.31142
2026-03-03 10:50:00,66899.92,66899.92,66772.67,66772.67,0.29128
2026-03-03 10:55:00,66746.42,66848.42,66744.03,66848.42,0.671
2026-03-03 11:00:00,66859.69,66980.7,66859.69,66946.23,0.06587
2026-03-03 11:05:00,66878.58,66909.03,66829.31,66909.03,0.16818
2026-03-03 11:10:00,66984.5,67020.81,66955.61,66955.61,0.42814
2026-03-03 11:15:00,66958.16,66958.16,66787.75,66787.75,1.86374
2026-03-03 11:20:00,66843.25,66972.15,66843.25,66972.15,0.04276
2026-03-03 11:25:00,66883.84,66883.84,66883.84,66883.84,0.00782
2026-03-03 11:30:00,66829.06,66831.81,66829.06,66831.81,0.04349
2026-03-03 11:35:00,67012.33,67049.67,66989.96,67048.46,0.53757
2026-03-03 11:40:00,67056.86,67060.75,67030.58,67030.58,0.04652
2026-03-03 11:45:00,67097.08,67131.19,67095.57,67096.0,0.01164
2026-03-03 11:50:00,67036.05,67053.05,67015.0,67015.0,1.68938
2026-03-03 11:55:00,67015.0,67106.87,67015.0,67034.2,0.58619
2026-03-03 12:00:00,67073.65,67226.48,67060.01,67226.48,0.09046
2026-03-03 12:05:00,67300.0,67526.32,67300.0,67508.08,0.26649
2026-03-03 12:10:00,67497.09,67948.07,67470.89,67761.43,0.77149
2026-03-03 12:15:00,67741.91,67741.91,67538.79,67594.7,0.6494
2026-03-03 12:20:00,67403.55,67533.39,67371.92,67533.39,0.05776
2026-03-03 12:25:00,67521.59,67584.53,67507.11,67507.11,0.5963
2026-03-03 12:30:00,67418.67,67449.21,67418.67,67428.87,0.483
2026-03-03 12:35:00,67437.03,67439.24,67325.98,67439.24,0.40429
2026-03-03 12:40:00,67425.16,67425.16,67293.84,67324.82,0.95473
2026-03-03 12:45:00,67355.17,67364.14,67315.59,67364.14,0.46956
2026-03-03 12:50:00,67267.5,67322.01,67260.61,67297.48,0.39666
2026-03-03 12:55:00,67405.22,67405.22,67388.62,67388.62,0.18291
2026-03-03 13:00:00,67425.37,67425.37,67167.46,67167.46,0.65526
2026-03-03 13:05:00,67151.04,67243.11,67086.32,67185.46,0.43366
2026-03-03 13:10:00,67209.69,67247.91,67002.34,67002.34,0.38645
2026-03-03 13:15:00,67016.56,67149.71,67013.11,67128.42,0.63552
2026-03-03 13:20:00,67100.54,67152.87,67080.53,67080.53,0.4613
2026-03-03 13:25:00,67041.16,67137.28,67041.16,67137.28,0.10509
2026-03-03 13:30:00,66994.5,67064.61,66877.9,67016.07,0.02457
2026-03-03 13:35:00,67045.36,67045.36,66959.5,66959.5,0.04329
2026-03-03 13:40:00,66977.36,67000.0,66873.17,66873.17,0.06246
2026-03-03 13:45:00,66842.11,66842.14,66673.03,66766.87,0.0611
2026-03-03 13:50:00,66877.37,66910.72,66845.8,66903.0,0.24282
2026-03-03 13:55:00,66891.72,66904.24,66806.03,66812.53,0.11099
2026-03-03 14:00:00,66937.14,67196.2,66853.39,67196.2,0.33416
2026-03-03 14:05:00,67172.04,67241.9,67123.25,67204.25,0.34073
2026-03-03 14:10:00,67192.14,67193.15,67082.81,67193.15,0.22297
2026-03-03 14:15:00,67124.0,67124.0,67124.0,67124.0,0.0408
2026-03-03 14:20:00,67109.36,67315.6,67109.36,67183.99,0.23084
2026-03-03 14:25:00,67176.6,67201.83,67106.5,67113.65,0.09446
2026-03-03 14:30:00,67095.08,67573.09,66831.4,66831.4,0.57098
2026-03-03 14:35:00,66872.9,67239.48,66806.93,66997.6,0.99725
2026-03-03 14:40:00,66949.4,67046.77,66385.1,66403.05,0.74772
2026-03-03 14:45:00,66456.6,66670.6,66171.2,66344.7,0.16141
2026-03-03 14:50:00,66315.75,66778.12,66315.75,66778.12,0.48225
2026-03-03 14:55:00,66798.13,66798.19,66575.81,66575.81,0.34105
2026-03-03 15:00:00,66630.72,66761.15,66538.3,66538.3,0.13359
2026-03-03 15:05:00,66644.06,66871.94,66615.81,66800.99,0.21028
2026-03-03 15:10:00,66665.47,66859.92,66620.91,66859.92,0.24323
2026-03-03 15:15:00,66923.42,66997.9,66567.17,66567.17,0.26817
2026-03-03 15:20:00,66531.01,66733.29,66529.32,66733.29,0.19493
2026-03-03 15:25:00,66724.38,66833.09,66724.38,66833.09,0.10167
2026-03-03 15:30:00,66870.35,67300.0,66870.35,67252.58,0.15892
2026-03-03 15:35:00,67262.4,67581.64,67255.54,67554.78,0.09388
2026-03-03 15:40:00,67555.96,67799.56,67441.03,67441.03,0.57679
2026-03-03 15:45:00,67594.95,67772.84,67594.95,67703.27,0.1741
2026-03-03 15:50:00,67755.05,67755.05,67500.0,67511.23,0.22192
2026-03-03 15:55:00,67557.87,67673.3,67557.87,67673.3,0.01765
2026-03-03 16:00:00,67688.36,67948.07,67688.36,67942.1,0.18994
2026-03-03 16:05:00,67959.14,68559.6,67959.14,68542.39,0.57125
2026-03-03 16:10:00,68579.79,68617.89,68249.38,68455.66,0.21336
2026-03-03 16:15:00,68571.42,68589.93,68319.39,68319.39,0.07087
2026-03-03 16:20:00,68399.41,68894.74,68362.1,68894.74,0.21393
2026-03-03 16:25:00,68910.64,68991.95,68805.0,68859.75,0.21569
2026-03-03 16:30:00,68792.28,68818.2,68309.3,68397.65,0.16872
2026-03-03 16:35:00,68411.7,68411.7,67834.22,67861.6,0.18774
2026-03-03 16:40:00,67799.56,67799.56,67520.0,67737.53,0.0483
2026-03-03 16:45:00,67757.67,68210.53,67730.9,68064.06,0.48623
2026-03-03 16:50:00,68098.1,68286.75,68069.6,68280.68,0.22431
2026-03-03 16:55:00,68241.75,68461.01,68192.38,68192.38,0.22146
2026-03-03 17:00:00,68162.39,68201.65,67862.31,67962.63,0.57442
2026-03-03 17:05:00,68004.58,68114.6,67907.53,67908.44,0.48129
2026-03-03 17:10:00,67892.92,67927.04,67698.13,67926.63,0.75063
2026-03-03 17:15:00,67919.83,68121.42,67919.83,68121.42,0.07022
2026-03-03 17:20:00,67924.14,68206.36,67924.14,68198.2,0.45108
2026-03-03 17:25:00,68231.04,68263.72,68167.79,68263.72,0.24013
2026-03-03 17:30:00,68103.67,68151.7,67799.56,67803.62,0.18061
2026-03-03 17:35:00,67911.67,68000.0,67911.67,68000.0,0.08616
2026-03-03 17:40:00,68017.78,68072.1,68017.78,68072.1,0.07062
2026-03-03 17:45:00,68108.91,68362.36,68009.58,68288.7,0.51018
2026-03-03 17:50:00,68272.52,68412.38,68241.4,68255.67,0.29027
2026-03-03 17:55:00,68165.67,68310.37,68165.67,68310.37,0.36946
2026-03-03 18:00:00,68317.95,68444.15,68263.19,68263.19,0.04211
2026-03-03 18:05:00,68310.17,68377.1,68239.5,68271.3,0.32795
2026-03-03 18:10:00,68241.27,68273.11,68006.59,68009.12,0.07746
2026-03-03 18:15:00,68157.31,68396.7,68157.31,68388.81,0.16737
2026-03-03 18:20:00,68305.72,68527.19,68305.72,68474.4,0.39463
2026-03-03 18:25:00,68467.69,68588.08,68467.69,68479.0,0.27592
2026-03-03 18:30:00,68465.83,68839.2,68465.83,68716.89,0.40383
2026-03-03 18:35:00,68686.58,68910.64,68600.71,68771.57,0.19285
2026-03-03 18:40:00,68758.68,68769.86,68621.99,68621.99,0.05457
2026-03-03 18:45:00,68622.61,68689.62,68593.51,68689.62,0.13383
2026-03-03 18:50:00,68691.47,68723.85,68691.47,68707.81,0.09471
2026-03-03 18:55:00,68681.41,68681.41,68622.26,68622.26,0.0713
2026-03-03 19:00:00,68623.8,68637.01,68550.81,68628.54,0.01164
2026-03-03 19:05:00,68668.99,68673.33,68375.3,68408.6,0.4101
2026-03-03 19:10:00,68447.71,68588.08,68330.43,68586.6,0.04091
2026-03-03 19:15:00,68573.85,68621.4,68573.85,68621.4,0.05319
2026-03-03 19:20:00,68683.92,68875.26,68683.92,68875.26,0.21108
2026-03-03 19:25:00,68796.78,68875.0,68796.78,68831.3,0.45957
2026-03-03 19:30:00,68670.88,68670.88,68500.0,68500.0,0.72365
2026-03-03 19:35:00,68428.19,68752.45,68409.53,68752.45,0.35308
2026-03-03 19:40:00,68710.65,68732.9,68606.25,68712.54,0.33219
2026-03-03 19:45:00,68704.75,68722.7,68704.75,68722.66,0.05371
2026-03-03 19:50:00,68598.62,68690.9,68477.92,68484.92,0.17765
2026-03-03 19:55:00,68475.97,68475.97,68452.59,68452.59,0.05593
2026-03-03 20:00:00,68454.55,68494.97,68454.55,68467.31,0.0572
2026-03-03 20:05:00,68330.43,68459.83,68318.34,68361.66,0.16998
2026-03-03 20:10:00,68356.24,68356.24,68277.37,68277.37,0.04748
2026-03-03 20:15:00,68214.76,68316.87,68161.98,68268.19,0.31867
2026-03-03 20:20:00,68335.81,68335.81,68317.86,68329.35,0.10893
2026-03-03 20:25:00,68301.34,68413.86,68301.34,68413.86,0.15925
2026-03-03 20:30:00,68395.25,68499.0,68377.93,68391.17,0.44265
2026-03-03 20:35:00,68499.0,68527.92,68360.99,68360.99,0.48519
2026-03-03 20:40:00,68413.06,68452.28,68406.42,68452.28,0.18534
2026-03-03 20:45:00,68452.28,68452.28,68452.28,68452.28,0.00011
2026-03-03 20:50:00,68323.9,68323.9,68116.03,68116.03,0.37656
2026-03-03 20:55:00,68216.75,68216.75,68200.0,68200.0,0.16786
2026-03-03 21:00:00,68247.05,68247.05,68000.0,68066.7,0.3471
2026-03-03 21:05:00,67976.62,68049.29,67842.13,68032.42,0.16235
2026-03-03 21:10:00,68052.44,68061.09,68036.84,68043.11,0.05688
2026-03-03 21:15:00,68049.9,68049.9,67942.47,67945.52,0.04452
2026-03-03 21:20:00,68042.92,68042.93,68042.92,68042.93,0.54805
2026-03-03 21:25:00,68074.32,68074.32,67972.31,67972.31,0.088
2026-03-03 21:30:00,67936.34,67936.34,67903.48,67903.48,0.09375
2026-03-03 21:35:00,67963.78,68024.81,67955.02,67955.02,0.02293
2026-03-03 21:40:00,67911.57,67939.25,67911.57,67939.25,0.02256
2026-03-03 21:45:00,68014.65,68014.65,68012.5,68012.5,0.14754
2026-03-03 21:50:00,68069.67,68069.67,68037.44,68037.44,0.00119
2026-03-03 21:55:00,68037.44,68037.44,68037.44,68037.44,0.0
2026-03-03 22:00:00,68054.99,68520.84,68054.99,68438.82,0.08687
2026-03-03 22:05:00,68290.85,68472.92,68251.45,68455.91,0.22234
2026-03-03 22:10:00,68398.78,68398.78,68341.36,68341.36,0.1083
2026-03-03 22:15:00,68311.0,68311.0,68286.02,68288.73,0.11851
2026-03-03 22:20:00,68308.5,68400.55,68308.5,68333.47,0.4294
2026-03-03 22:25:00,68283.34,68283.34,68283.34,68283.34,5e-05
2026-03-03 22:30:00,68226.84,68312.36,68226.84,68284.0,0.13565
2026-03-03 22:35:00,68368.83,68368.83,68342.75,68342.75,0.18923
2026-03-03 22:40:00,68318.83,68337.86,68318.83,68337.86,0.03481
2026-03-03 22:45:00,68400.0,68400.0,68266.21,68296.26,0.05489
2026-03-03 22:50:00,68328.21,68352.87,68328.21,68345.53,0.00162
2026-03-03 22:55:00,68252.85,68279.86,68252.85,68279.86,0.04748
2026-03-03 23:00:00,68270.44,68320.09,68270.44,68307.85,0.05573
2026-03-03 23:05:00,68386.5,68386.5,68357.25,68371.38,0.00314
2026-03-03 23:10:00,68546.1,68755.31,68546.1,68732.29,0.01037
2026-03-03 23:15:00,68725.89,68725.89,68503.0,68503.0,0.09535
2026-03-03 23:20:00,68565.69,68589.36,68517.35,68517.35,0.01241
2026-03-03 23:25:00,68466.94,68501.05,68466.94,68501.05,0.00909
2026-03-03 23:30:00,68494.39,68576.14,68460.08,68460.08,0.00806
2026-03-03 23:35:00,68444.66,68510.69,68430.74,68430.74,0.00843
2026-03-03 23:40:00,68436.11,68528.89,68436.11,68489.29,0.09764
2026-03-03 23:45:00,68479.07,68499.22,68394.69,68470.63,0.12019
2026-03-03 23:50:00,68330.43,68330.43,68330.43,68330.43,3e-05
2026-03-03 23:55:00,68269.0,68274.75,68255.28,68263.23,0.13525
2026-03-04 00:00:00,68244.81,68272.96,68206.36,68209.04,0.01946
2026-03-04 00:05:00,68248.93,68267.78,68129.97,68183.83,0.01916
2026-03-04 00:10:00,68190.66,68190.66,68130.0,68130.0,0.01099
2026-03-04 00:15:00,68128.69,68319.66,68128.69,68311.2,0.02467
2026-03-04 00:20:00,68364.8,68400.0,68364.8,68400.0,0.00085
2026-03-04 00:25:00,68294.13,68331.66,68294.13,68331.66,0.00361
2026-03-04 00:30:00,68213.41,68213.41,68033.47,68033.47,0.0026
2026-03-04 00:35:00,68047.36,68047.36,67925.42,68045.75,0.0484
2026-03-04 00:40:00,67970.5,67970.5,67947.66,67963.52,0.00028
2026-03-04 00:45:00,67984.48,68211.61,67984.48,68211.61,0.03658
2026-03-04 00:50:00,68228.34,68228.34,68108.07,68125.73,0.01173
2026-03-04 00:55:00,68124.62,68174.99,68091.35,68174.99,0.01053
2026-03-04 01:00:00,68104.8,68250.0,68079.54,68230.27,0.00309
2026-03-04 01:05:00,68202.17,68202.17,68043.89,68199.89,0.01646
2026-03-04 01:10:00,68209.75,68254.95,68152.88,68152.88,0.79726
2026-03-04 01:15:00,68190.35,68190.35,68053.36,68053.36,0.24213
2026-03-04 01:20:00,67987.17,67987.17,67987.17,67987.17,0.03229
2026-03-04 01:25:00,67992.81,68330.43,67992.81,68330.43,0.06197
2026-03-04 01:30:00,68217.9,68586.99,68211.75,68570.91,1.14586
2026-03-04 01:35:00,68530.34,68680.34,68530.34,68680.34,0.1317
2026-03-04 01:40:00,68647.9,68898.0,68647.9,68757.33,0.38503
2026-03-04 01:45:00,68600.42,68600.42,68410.71,68422.32,0.38398
2026-03-04 01:50:00,68464.89,68480.89,68396.6,68429.91,0.45303
2026-03-04 01:55:00,68443.65,68443.65,68380.92,68404.7,0.14647
2026-03-04 02:00:00,68430.29,68456.86,68276.03,68351.48,0.20195
2026-03-04 02:05:00,68277.59,68299.28,68189.23,68299.28,0.04588
2026-03-04 02:10:00,68268.08,68385.3,68256.81,68256.81,0.00118
2026-03-04 02:15:00,68230.63,68230.63,68131.03,68131.03,0.00798
2026-03-04 02:20:00,68231.03,68231.03,68231.03,68231.03,7e-05
2026-03-04 02:25:00,68058.86,68058.86,68058.86,68058.86,0.00029
2026-03-04 02:30:00,68033.47,68033.47,68020.0,68020.0,0.00222
2026-03-04 02:35:00,67978.69,68107.72,67978.69,68106.04,0.09609
2026-03-04 02:40:00,68112.38,68123.05,68112.38,68123.05,0.08693
2026-03-04 02:45:00,68106.98,68298.1,68106.98,68298.1,0.13864
2026-03-04 02:50:00,68345.67,68396.2,68345.67,68396.2,0.00897
2026-03-04 02:55:00,68321.58,68325.17,68288.37,68325.17,0.14402
2026-03-04 03:00:00,68283.65,68301.21,68129.4,68129.4,0.28735
2026-03-04 03:05:00,68148.82,68282.04,68148.82,68266.51,0.25554
2026-03-04 03:10:00,68275.14,68325.97,68173.31,68315.7,0.35959
2026-03-04 03:15:00,68325.48,68349.96,68213.0,68315.35,1.76311
2026-03-04 03:20:00,68301.84,68312.23,68196.64,68196.64,0.00591
2026-03-04 03:25:00,68166.95,68166.95,68060.02,68060.81,0.20866
2026-03-04 03:30:00,67982.86,67984.3,67522.82,67530.22,0.20325
2026-03-04 03:35:00,67500.0,67633.47,67416.72,67629.17,0.10551
2026-03-04 03:40:00,67623.69,67623.69,67519.51,67519.51,0.016
2026-03-04 03:45:00,67472.48,67640.81,67472.48,67629.54,0.15421
2026-03-04 03:50:00,67592.16,67662.54,67592.16,67595.6,0.04014
2026-03-04 03:55:00,67616.16,67640.89,67616.16,67640.89,0.04008
2026-03-04 04:00:00,67797.86,67797.86,67571.75,67709.61,0.17533
2026-03-04 04:05:00,67758.66,67761.42,67758.66,67761.42,0.00081
2026-03-04 04:10:00,67791.26,67963.21,67791.26,67826.71,0.24267
2026-03-04 04:15:00,67852.47,67852.47,67564.35,67594.01,0.21946
2026-03-04 04:20:00,67588.65,67623.3,67522.82,67623.3,0.2751
2026-03-04 04:25:00,67670.63,67685.8,67618.12,67623.11,0.11506
2026-03-04 04:30:00,67560.94,67630.51,67560.94,67629.49,0.08333
2026-03-04 04:35:00,67614.63,67677.07,67508.64,67576.4,0.17509
2026-03-04 04:40:00,67538.6,67658.08,67538.6,67658.08,0.14148
2026-03-04 04:45:00,67661.7,67661.7,67612.42,67635.14,0.14744
2026-03-04 04:50:00,67657.37,67774.85,67657.37,67774.85,0.0539
2026-03-04 04:55:00,67793.41,67800.26,67793.41,67800.26,0.03554
2026-03-04 05:00:00,67812.66,67812.66,67690.79,67798.79,0.0854
2026-03-04 05:05:00,67825.2,67901.02,67825.2,67901.02,0.0877
2026-03-04 05:10:00,67891.37,67891.37,67844.19,67844.19,0.00197
2026-03-04 05:15:00,67893.97,67950.62,67889.21,67950.62,0.13238
2026-03-04 05:20:00,67911.94,67911.94,67840.16,67840.16,0.08492
2026-03-04 05:25:00,67848.59,67848.59,67736.14,67744.93,0.1621
2026-03-04 05:30:00,67832.14,67832.14,67774.84,67774.84,0.00072
2026-03-04 05:35:00,67934.69,68002.36,67934.69,68002.36,0.11053
2026-03-04 05:40:00,68033.47,68292.45,68033.47,68268.86,0.05772
2026-03-04 05:45:00,68150.0,68295.9,68150.0,68154.54,0.22576
2026-03-04 05:50:00,68223.61,68375.0,68223.61,68375.0,0.07426
2026-03-04 05:55:00,68256.83,68256.83,68213.05,68213.05,0.0615
2026-03-04 06:00:00,68117.18,68182.3,68117.18,68182.3,0.14888
2026-03-04 06:05:00,68183.1,68219.77,68122.38,68188.7,0.09187
2026-03-04 06:10:00,68175.47,68224.0,68130.0,68219.53,0.13049
2026-03-04 06:15:00,68213.31,68213.31,68073.9,68073.9,0.10054
2026-03-04 06:20:00,68139.83,68139.83,68082.17,68082.17,0.0961
2026-03-04 06:25:00,68152.9,68152.9,68098.29,68098.29,0.0941
2026-03-04 06:30:00,68249.33,68487.81,68173.57,68487.81,0.27989
2026-03-04 06:35:00,68539.74,68539.74,68469.06,68495.58,0.0033
2026-03-04 06:40:00,68524.17,68644.19,68524.17,68644.19,0.12996
2026-03-04 06:45:00,68680.34,68680.34,68589.42,68656.39,0.21606
2026-03-04 06:50:00,68639.65,68643.07,68512.77,68512.77,0.07646
2026-03-04 06:55:00,68466.17,68521.85,68450.0,68521.85,0.05421
2026-03-04 07:00:00,68570.39,68617.52,68539.66,68573.36,0.05668
2026-03-04 07:05:00,68449.68,68528.8,68418.64,68528.8,0.15316
2026-03-04 07:10:00,68473.47,68473.47,68417.73,68417.73,0.00302
2026-03-04 07:15:00,68382.16,68413.0,68382.16,68408.66,0.03042
2026-03-04 07:20:00,68495.38,68495.38,68495.38,68495.38,0.00012
2026-03-04 07:25:00,68537.8,68764.68,68537.79,68764.68,0.2857
2026-03-04 07:30:00,68771.43,68777.8,68658.1,68755.6,0.38722
2026-03-04 07:35:00,68705.3,68773.3,68703.05,68773.3,0.59321
2026-03-04 07:40:00,68789.12,68967.55,68789.12,68967.55,0.35551
2026-03-04 07:45:00,68991.95,69519.9,68989.8,69446.35,1.18608
2026-03-04 07:50:00,69412.08,69412.08,69305.33,69380.47,0.0519
2026-03-04 07:55:00,69325.39,69626.62,69325.39,69508.72,0.67331
2026-03-04 08:00:00,69543.7,69678.89,69389.17,69389.17,0.07985
2026-03-04 08:05:00,69396.83,69720.0,69396.83,69618.78,0.80346
2026-03-04 08:10:00,69654.53,69654.53,69380.6,69390.67,0.45427
2026-03-04 08:15:00,69384.52,69384.52,69266.91,69291.23,0.29846
2026-03-04 08:20:00,69233.63,69256.28,69139.24,69256.28,0.17874
2026-03-04 08:25:00,69256.28,69338.76,69239.67,69338.76,0.08178
2026-03-04 08:30:00,69427.48,69521.45,69396.72,69521.45,0.11812
2026-03-04 08:35:00,69507.54,69530.54,69502.0,69527.96,0.09274
2026-03-04 08:40:00,69555.42,69900.67,69555.0,69889.41,0.36692
2026-03-04 08:45:00,69908.43,70647.6,69904.5,70605.11,1.72084
2026-03-04 08:50:00,70619.64,70754.6,70510.41,70668.42,0.21384
2026-03-04 08:55:00,70731.58,71153.37,70731.58,70988.1,1.31139
2026-03-04 09:00:00,71015.05,71053.27,70748.33,70748.33,0.17559
2026-03-04 09:05:00,70912.04,71253.0,70912.04,71050.83,1.14876
2026-03-04 09:10:00,71031.27,71076.52,70943.71,71076.52,0.32066
2026-03-04 09:15:00,71095.47,71504.66,71095.47,71197.69,0.77591
2026-03-04 09:20:00,71222.55,71349.04,71197.89,71252.7,0.08299
2026-03-04 09:25:00,71243.81,71308.58,71239.39,71285.17,0.17683
2026-03-04 09:30:00,71393.45,71524.37,71260.2,71524.37,0.27383
2026-03-04 09:35:00,71470.96,71810.98,71454.71,71731.07,0.63876
2026-03-04 09:40:00,71823.91,71853.76,71823.91,71827.34,0.0456
2026-03-04 09:45:00,71777.59,71811.34,71683.57,71783.84,0.03335
2026-03-04 09:50:00,71868.11,71868.11,71446.7,71446.7,0.18956
2026-03-04 09:55:00,71480.15,71484.25,71368.55,71438.32,0.07574
2026-03-04 10:00:00,71548.67,71638.9,71506.89,71611.86,0.14335
2026-03-04 10:05:00,71594.46,71863.3,71433.4,71843.84,0.34733
2026-03-04 10:10:00,71768.0,71817.3,71768.0,71817.3,0.00054
2026-03-04 10:15:00,71627.53,71682.2,71478.66,71478.66,8.82105
2026-03-04 10:20:00,71493.39,71545.93,71373.4,71380.34,0.14133
2026-03-04 10:25:00,71424.4,71533.64,71424.4,71533.64,0.10902
2026-03-04 10:30:00,71528.89,71545.93,71315.19,71382.6,1.02452
2026-03-04 10:35:00,71353.1,71406.4,71296.89,71328.9,0.01726
2026-03-04 10:40:00,71356.39,71446.0,71311.04,71348.86,1.50032
2026-03-04 10:45:00,71241.08,71289.52,71221.53,71289.52,0.35304
2026-03-04 10:50:00,71399.99,71453.5,71250.0,71369.23,9.39756
2026-03-04 10:55:00,71292.7,71322.0,71292.7,71322.0,0.44192
2026-03-04 11:00:00,71369.6,71420.39,71369.6,71410.13,0.00246
2026-03-04 11:05:00,71303.87,71320.91,71258.05,71258.05,0.0087
2026-03-04 11:10:00,71322.8,71456.18,71322.8,71418.78,0.00169
2026-03-04 11:15:00,71444.0,71483.0,71412.89,71439.77,0.00492
2026-03-04 11:20:00,71490.56,71490.56,71322.8,71322.8,0.00282
2026-03-04 11:25:00,71250.0,71250.0,71230.5,71230.5,0.00841
2026-03-04 11:30:00,71230.5,71262.17,71135.88,71135.88,0.10283
2026-03-04 11:35:00,71123.11,71123.11,70903.56,70944.12,0.01292
2026-03-04 11:40:00,71074.44,71145.96,71074.44,71145.96,0.00771
2026-03-04 11:45:00,71080.0,71103.29,71062.22,71100.8,0.06646
2026-03-04 11:50:00,71002.14,71188.36,71002.14,71188.36,0.0357
2026-03-04 11:55:00,71207.07,71207.07,71119.46,71119.46,0.11459
2026-03-04 12:00:00,71112.35,71132.73,70956.71,70956.71,0.07682
2026-03-04 12:05:00,71038.7,71038.7,70849.05,70912.37,0.45852
2026-03-04 12:10:00,70918.96,70971.37,70896.51,70896.51,0.04265
2026-03-04 12:15:00,70892.18,70904.27,70707.49,70785.5,0.49373
2026-03-04 12:20:00,70787.5,70787.5,70698.91,70708.66,0.22486
2026-03-04 12:25:00,70644.77,70644.77,70637.71,70637.71,0.00112
2026-03-04 12:30:00,70627.63,70722.08,70585.01,70722.08,0.32378
2026-03-04 12:35:00,70810.58,70826.7,70664.7,70826.7,0.28504
2026-03-04 12:40:00,70911.92,71028.76,70898.13,70991.85,0.29747
2026-03-04 12:45:00,70972.81,71123.69,70893.2,71123.69,0.20819
2026-03-04 12:50:00,71135.88,71181.18,71088.61,71126.0,0.23603
2026-03-04 12:55:00,71198.43,71344.17,71196.02,71344.17,0.06537
2026-03-04 13:00:00,71307.62,71388.25,71307.62,71388.25,0.09721
2026-03-04 13:05:00,71329.79,71616.17,71329.79,71556.0,0.61012
2026-03-04 13:10:00,71543.39,71543.39,71317.14,71317.14,0.13909
2026-03-04 13:15:00,71299.35,71361.68,71271.15,71271.15,0.16036
2026-03-04 13:20:00,71322.55,71373.33,71266.35,71274.58,0.10487
2026-03-04 13:25:00,71288.8,71374.77,71288.8,71374.77,1.34615
2026-03-04 13:30:00,71301.26,71379.29,71301.26,71379.29,0.06302
2026-03-04 13:35:00,71359.2,71403.95,71345.17,71403.95,0.00761
2026-03-04 13:40:00,71428.12,71531.22,71428.12,71461.6,0.24347
2026-03-04 13:45:00,71452.38,71458.3,71433.15,71450.0,0.14905
2026-03-04 13:50:00,71356.04,71428.0,71347.15,71428.0,0.05258
2026-03-04 13:55:00,71435.57,71527.94,71435.57,71505.95,0.09077
2026-03-04 14:00:00,71486.67,71509.1,71419.18,71450.19,0.05833
2026-03-04 14:05:00,71430.54,71690.9,71430.54,71558.75,0.13683
2026-03-04 14:10:00,71555.09,71823.47,71555.09,71796.81,0.29445
2026-03-04 14:15:00,71899.61,72000.82,71650.92,71737.19,0.20363
2026-03-04 14:20:00,71637.35,71676.2,71612.75,71676.2,0.22833
2026-03-04 14:25:00,71600.67,71731.57,71593.6,71728.6,0.19395
2026-03-04 14:30:00,71708.23,72613.19,71695.8,72451.0,6.17949
2026-03-04 14:35:00,72410.36,72454.9,71744.19,71934.3,0.71036
2026-03-04 14:40:00,71883.08,72104.39,71442.78,71445.4,1.34953
2026-03-04 14:45:00,71409.09,71660.4,71303.71,71626.7,0.6717
2026-03-04 14:50:00,71642.11,71772.0,71598.0,71706.3,0.62051
2026-03-04 14:55:00,71668.6,71756.4,71558.3,71594.1,0.27314
2026-03-04 15:00:00,71636.7,72070.77,71636.7,71673.39,0.87451
2026-03-04 15:05:00,71687.48,72145.19,71687.48,72028.13,0.86693
2026-03-04 15:10:00,72055.79,72218.5,72019.0,72048.53,0.27239
2026-03-04 15:15:00,72089.1,72348.1,72089.1,72348.1,0.19245
2026-03-04 15:20:00,72393.8,72500.0,72196.11,72270.53,1.52005
2026-03-04 15:25:00,72312.71,73000.0,72273.01,72982.11,0.73312
2026-03-04 15:30:00,73000.2,73100.31,72760.25,72838.93,0.58795
2026-03-04 15:35:00,72823.52,72851.62,72683.45,72695.59,0.27307
2026-03-04 15:40:00,72756.39,72830.0,72609.2,72746.7,0.04109
2026-03-04 15:45:00,72717.05,72930.0,72717.05,72860.0,0.21671
2026-03-04 15:50:00,73019.0,73193.95,72984.68,73154.39,0.16651
2026-03-04 15:55:00,73070.2,73475.87,73044.84,73377.1,0.88315
2026-03-04 16:00:00,73382.72,73513.09,73175.34,73338.94,0.47459
2026-03-04 16:05:00,73289.41,73331.89,72894.66,72894.66,0.50569
2026-03-04 16:10:00,72939.03,73025.26,72775.06,72881.66,0.08289
2026-03-04 16:15:00,72868.14,73020.97,72830.45,72830.45,0.23839
2026-03-04 16:20:00,72815.2,72870.46,72558.36,72675.64,0.17886
2026-03-04 16:25:00,72775.09,73002.46,72775.09,73002.46,0.23568
2026-03-04 16:30:00,72929.27,73100.31,72929.27,73004.88,0.18835
2026-03-04 16:35:00,73144.62,73164.74,73088.5,73088.5,0.05559
2026-03-04 16:40:00,73248.28,73283.49,73187.07,73187.07,0.22505
2026-03-04 16:45:00,73100.0,73273.43,73100.0,73273.43,0.23293
2026-03-04 16:50:00,73249.01,73357.19,73203.27,73317.52,0.15565
2026-03-04 16:55:00,73286.8,73469.09,73200.0,73315.82,0.28453
2026-03-04 17:00:00,73278.37,73494.91,73278.37,73422.74,0.27723
2026-03-04 17:05:00,73386.72,73443.04,73326.93,73443.04,0.30309
2026-03-04 17:10:00,73442.24,73686.22,73442.24,73559.21,0.55539
2026-03-04 17:15:00,73605.64,73750.0,73305.17,73305.17,0.65429
2026-03-04 17:20:00,73282.55,73282.55,72999.4,72999.4,0.40363
2026-03-04 17:25:00,73083.48,73083.48,72998.29,73030.91,0.36526
2026-03-04 17:30:00,73076.6,73265.42,73076.6,73150.39,0.72284
2026-03-04 17:35:00,73230.19,73261.39,73150.39,73150.39,0.67709
2026-03-04 17:40:00,73150.39,73168.28,73069.7,73151.97,0.56371
2026-03-04 17:45:00,73139.18,73296.53,73124.6,73296.53,0.36879
2026-03-04 17:50:00,73300.91,73377.86,73250.18,73333.39,0.48779
2026-03-04 17:55:00,73306.69,73306.69,73210.75,73232.44,0.22148
2026-03-04 18:00:00,73216.77,73347.38,73207.29,73347.38,0.17653
2026-03-04 18:05:00,73392.7,73403.79,73298.5,73310.34,0.31701
2026-03-04 18:10:00,73286.3,73286.3,72935.87,73054.11,0.55777
2026-03-04 18:15:00,73061.56,73368.33,73061.56,73368.33,0.67095
2026-03-04 18:20:00,73382.71,73397.1,73333.24,73386.38,0.11959
2026-03-04 18:25:00,73353.07,73397.63,73353.07,73392.39,0.02773
2026-03-04 18:30:00,73449.05,73449.05,73228.66,73228.66,0.09578
2026-03-04 18:35:00,73189.41,73239.55,73159.07,73198.28,0.15807
2026-03-04 18:40:00,73261.43,73569.16,73261.43,73527.54,0.33352
2026-03-04 18:45:00,73511.9,73649.93,73428.2,73505.14,0.31181
2026-03-04 18:50:00,73541.16,73703.25,73509.01,73615.71,0.12475
2026-03-04 18:55:00,73578.66,73684.38,73505.17,73684.38,0.19439
2026-03-04 19:00:00,73684.38,73771.38,73625.0,73771.38,0.89044
2026-03-04 19:05:00,73699.94,73828.0,73659.07,73659.07,0.48744
2026-03-04 19:10:00,73659.07,74000.47,73656.0,73826.88,2.43398
2026-03-04 19:15:00,73872.48,73921.72,73740.52,73921.72,0.47387
2026-03-04 19:20:00,73932.68,74038.22,73635.59,73749.62,0.43594
2026-03-04 19:25:00,73719.75,73719.75,73539.01,73596.35,0.10278
2026-03-04 19:30:00,73577.97,73663.51,73550.86,73550.86,0.04145
2026-03-04 19:35:00,73597.05,73856.14,73597.05,73841.44,0.02021
2026-03-04 19:40:00,73801.09,73879.47,73701.34,73701.34,0.11329
2026-03-04 19:45:00,73722.67,73722.67,73647.4,73659.12,0.11128
2026-03-04 19:50:00,73621.75,73709.2,73603.75,73709.2,0.22985
2026-03-04 19:55:00,73709.2,73721.45,73709.2,73710.05,0.00308
2026-03-04 20:00:00,73675.62,73715.01,73626.53,73715.01,0.10005
2026-03-04 20:05:00,73586.59,73599.62,73315.4,73315.4,0.27103
2026-03-04 20:10:00,73350.09,73461.08,73350.09,73461.08,0.11944
2026-03-04 20:15:00,73510.33,73608.03,73510.33,73557.33,0.07904
2026-03-04 20:20:00,73411.61,73411.61,73282.55,73378.36,0.00112
2026-03-04 20:25:00,73424.86,73548.51,73404.25,73460.97,0.15983
2026-03-04 20:30:00,73445.35,73445.35,73377.91,73385.73,0.01732
2026-03-04 20:35:00,73477.67,73543.36,73385.73,73411.52,0.16046
2026-03-04 20:40:00,73441.29,73523.58,73415.25,73523.58,0.13063
2026-03-04 20:45:00,73493.84,73505.83,73454.53,73480.39,0.0053
2026-03-04 20:50:00,73360.39,73360.39,73236.78,73242.71,0.3183
2026-03-04 20:55:00,73266.95,73266.95,73047.49,73047.49,0.19268
2026-03-04 21:00:00,73014.09,73104.75,72890.0,73103.9,0.32544
2026-03-04 21:05:00,73067.66,73067.66,73010.58,73010.58,0.00268
2026-03-04 21:10:00,73061.4,73061.4,72983.36,73041.56,0.19127
2026-03-04 21:15:00,73040.39,73052.4,72997.45,72997.45,0.10434
2026-03-04 21:20:00,73066.83,73200.06,73061.98,73176.75,0.17323
2026-03-04 21:25:00,73182.35,73218.3,73126.26,73126.26,0.21215
2026-03-04 21:30:00,73115.15,73157.54,73115.15,73157.54,0.00084
2026-03-04 21:35:00,73107.84,73281.52,73107.84,73281.52,0.00212
2026-03-04 21:40:00,73304.25,73304.25,73224.98,73224.98,0.00992
2026-03-04 21:45:00,73271.48,73292.72,73256.77,73256.77,0.17958
2026-03-04 21:50:00,73228.85,73316.42,73228.85,73307.08,0.05717
2026-03-04 21:55:00,73226.34,73350.25,73226.34,73350.25,0.13744
2026-03-04 22:00:00,73355.24,73542.03,73355.24,73446.46,0.10393
2026-03-04 22:05:00,73446.46,73466.42,73372.39,73466.42,0.20407
2026-03-04 22:10:00,73396.43,73396.43,73386.35,73386.35,0.00049
2026-03-04 22:15:00,73256.87,73270.42,73256.87,73270.42,0.00212
2026-03-04 22:20:00,73203.59,73305.38,73203.59,73305.38,0.10162
2026-03-04 22:25:00,73333.02,73333.02,73252.74,73252.74,0.0893
2026-03-04 22:30:00,73233.76,73245.72,73188.64,73188.64,0.04206
2026-03-04 22:35:00,73156.14,73156.14,73059.67,73059.67,0.26635
2026-03-04 22:40:00,73081.48,73090.09,72900.0,72911.95,0.77926
2026-03-04 22:45:00,72845.48,72845.48,72727.56,72819.64,0.19443
2026-03-04 22:50:00,72815.73,72833.97,72688.45,72688.45,0.21279
2026-03-04 22:55:00,72636.05,72761.88,72636.05,72691.66,0.05791
2026-03-04 23:00:00,72726.03,72827.84,72663.66,72762.08,0.6535
2026-03-04 23:05:00,72697.65,72788.19,72660.79,72690.72,0.20214
2026-03-04 23:10:00,72704.78,72727.52,72686.8,72722.55,0.00152
2026-03-04 23:15:00,72722.82,72877.0,72722.82,72795.32,1.91693
2026-03-04 23:20:00,72721.15,72721.15,72515.68,72529.5,0.65691
2026-03-04 23:25:00,72599.36,72599.36,72595.7,72595.7,0.14531
2026-03-04 23:30:00,72533.28,72533.28,72339.57,72360.7,0.2125
2026-03-04 23:35:00,72395.34,72698.11,72395.34,72698.11,0.60714
2026-03-04 23:40:00,72679.92,72713.77,72665.17,72674.42,0.158
2026-03-04 23:45:00,72800.0,72814.95,72731.1,72731.1,0.01127
2026-03-04 23:50:00,72708.73,72708.73,72630.18,72638.2,0.1273
2026-03-04 23:55:00,72687.9,72753.24,72657.98,72747.38,0.02409
2026-03-05 00:00:00,72701.61,72845.48,72701.61,72845.48,0.00747
2026-03-05 00:05:00,72748.07,72754.16,72672.26,72754.16,0.03973
2026-03-05 00:10:00,72565.61,72689.66,72565.61,72689.66,0.04186
2026-03-05 00:15:00,72700.92,72892.47,72700.92,72892.47,0.09713
2026-03-05 00:20:00,72948.06,72948.06,72895.9,72931.59,0.10866
2026-03-05 00:25:00,72958.86,72958.86,72786.39,72846.94,0.04635
2026-03-05 00:30:00,72794.37,72835.14,72794.3,72794.3,0.12362
2026-03-05 00:35:00,72779.63,72860.9,72779.63,72823.0,0.20438
2026-03-05 00:40:00,72791.89,72998.04,72791.89,72882.92,0.14742
2026-03-05 00:45:00,72911.7,73000.0,72861.31,72890.73,0.09799
2026-03-05 00:50:00,72913.56,72913.56,72714.74,72773.06,0.05037
2026-03-05 00:55:00,72758.34,72852.18,72724.33,72784.98,0.0775
2026-03-05 01:00:00,72750.47,72804.03,72711.2,72721.46,0.2878
2026-03-05 01:05:00,72721.61,73050.0,72714.87,73045.08,0.18099
2026-03-05 01:10:00,73076.45,73282.55,72928.73,73171.62,0.64556
2026-03-05 01:15:00,73171.54,73174.44,73040.81,73040.81,0.20092
2026-03-05 01:20:00,72878.0,72910.49,72845.48,72850.93,0.04464
2026-03-05 01:25:00,72967.43,72982.22,72915.96,72973.0,0.14248
2026-03-05 01:30:00,72931.84,72931.84,72764.5,72764.5,0.09324
2026-03-05 01:35:00,72865.53,72865.53,72805.8,72812.19,0.09113
2026-03-05 01:40:00,72716.8,72716.8,72609.2,72609.2,0.00094
2026-03-05 01:45:00,72629.17,72651.14,72607.41,72607.41,0.12237
2026-03-05 01:50:00,72534.39,72537.34,72479.3,72537.34,0.18681
2026-03-05 01:55:00,72461.86,72461.86,72411.02,72457.03,0.11707
2026-03-05 02:00:00,72591.43,72697.91,72589.17,72650.18,0.15453
2026-03-05 02:05:00,72672.61,72845.48,72635.81,72761.02,0.21844
2026-03-05 02:10:00,72759.78,72874.58,72729.3,72791.1,0.13022
2026-03-05 02:15:00,72862.78,72874.8,72862.78,72869.3,0.03014
2026-03-05 02:20:00,72809.4,72835.68,72795.35,72795.52,0.00134
2026-03-05 02:25:00,72744.93,72744.93,72692.2,72692.2,0.00372
2026-03-05 02:30:00,72663.06,72663.06,72450.92,72450.92,0.28172
2026-03-05 02:35:00,72464.47,72491.08,72371.64,72371.64,0.34297
2026-03-05 02:40:00,72427.43,72427.43,72348.07,72376.17,0.08097
2026-03-05 02:45:00,72411.18,72508.1,72401.85,72480.69,0.07801
2026-03-05 02:50:00,72542.69,72582.5,72496.09,72496.09,0.30203
2026-03-05 02:55:00,72403.08,72518.7,72402.48,72518.7,0.08714
2026-03-05 03:00:00,72521.11,72655.6,72520.39,72654.71,0.16919
2026-03-05 03:05:00,72695.44,72729.79,72662.9,72662.9,0.06242
2026-03-05 03:10:00,72652.75,72652.75,72570.04,72624.83,0.10972
2026-03-05 03:15:00,72632.81,72652.9,72589.14,72589.14,0.22626
2026-03-05 03:20:00,72573.7,72648.38,72560.0,72560.0,0.12765
2026-03-05 03:25:00,72573.33,72578.1,72523.16,72536.67,0.10096
2026-03-05 03:30:00,72483.29,72496.97,72422.59,72422.59,0.24763
2026-03-05 03:35:00,72416.59,72438.87,72369.41,72369.41,0.17634
2026-03-05 03:40:00,72449.9,72451.34,72390.7,72390.7,0.07764
2026-03-05 03:45:00,72424.29,72424.29,72385.04,72415.86,0.04697
2026-03-05 03:50:00,72418.59,72454.93,72399.5,72412.07,0.3765
2026-03-05 03:55:00,72521.0,72545.7,72493.5,72493.5,0.05135
2026-03-05 04:00:00,72532.0,72532.0,72452.54,72485.16,0.05157
2026-03-05 04:05:00,72591.61,72648.5,72537.69,72584.01,0.00873
2026-03-05 04:10:00,72615.87,72685.77,72615.87,72658.3,0.00826
2026-03-05 04:15:00,72692.86,72692.86,72621.59,72621.59,0.00258
2026-03-05 04:20:00,72732.69,72760.46,72732.69,72760.46,0.00239
2026-03-05 04:25:00,72762.94,72826.08,72762.94,72790.82,0.13012
2026-03-05 04:30:00,72777.6,72777.6,72608.2,72660.92,0.63733
2026-03-05 04:35:00,72559.02,72801.87,72559.02,72783.44,0.96204
2026-03-05 04:40:00,72759.59,72948.06,72759.59,72948.06,0.25643
2026-03-05 04:45:00,72939.84,73057.54,72877.15,72877.15,0.30179
2026-03-05 04:50:00,72814.91,72814.91,72713.5,72713.5,0.01658
2026-03-05 04:55:00,72752.73,72891.7,72752.73,72807.77,0.35303
2026-03-05 05:00:00,72826.36,72868.77,72805.73,72805.73,0.08608
2026-03-05 05:05:00,72798.91,72798.91,72776.02,72776.02,0.04221
2026-03-05 05:10:00,72771.6,72823.3,72771.6,72823.3,0.44583
2026-03-05 05:15:00,72790.91,72790.91,72759.84,72761.46,0.04007
2026-03-05 05:20:00,72681.3,72681.3,72488.22,72488.22,0.1559
2026-03-05 05:25:00,72493.3,72517.95,72472.66,72517.95,0.17637
2026-03-05 05:30:00,72457.26,72526.97,72457.26,72498.87,0.2453
2026-03-05 05:35:00,72490.44,72540.8,72382.39,72479.04,0.46589
2026-03-05 05:40:00,72393.07,72394.79,72374.7,72394.79,0.08624
2026-03-05 05:45:00,72438.69,72438.69,72424.92,72424.92,0.04003
2026-03-05 05:50:00,72383.65,72453.0,72383.65,72429.56,0.07233
2026-03-05 05:55:00,72406.7,72437.71,72263.36,72388.33,0.17427
2026-03-05 06:00:00,72367.1,72401.23,72179.42,72351.58,0.7166
2026-03-05 06:05:00,72265.28,72265.28,72086.72,72117.68,0.04286
2026-03-05 06:10:00,72126.15,72190.25,72052.78,72165.79,0.05281
2026-03-05 06:15:00,72108.37,72315.0,72108.37,72315.0,0.05256
2026-03-05 06:20:00,72314.84,72533.9,72314.84,72458.85,0.19416
2026-03-05 06:25:00,72429.95,72456.61,72382.47,72382.47,0.18311
2026-03-05 06:30:00,72354.5,72417.7,72153.79,72417.7,0.62317
2026-03-05 06:35:00,72367.4,72509.5,72319.46,72509.5,0.15457
2026-03-05 06:40:00,72462.29,72462.29,72432.5,72449.22,0.04165
2026-03-05 06:45:00,72519.24,72570.19,72484.31,72507.9,0.31153
2026-03-05 06:50:00,72599.76,72639.49,72542.19,72595.48,0.15966
2026-03-05 06:55:00,72579.95,72579.95,72549.19,72549.19,0.04213
2026-03-05 07:00:00,72567.26,72642.4,72505.69,72505.69,0.04811
2026-03-05 07:05:00,72473.4,72509.55,72473.4,72496.76,0.0025
2026-03-05 07:10:00,72566.11,72651.52,72566.11,72651.52,0.0534
2026-03-05 07:15:00,72663.57,72663.57,72609.71,72632.22,0.1057
2026-03-05 07:20:00,72618.43,72618.43,72618.43,72618.43,0.04028
2026-03-05 07:25:00,72627.3,72628.83,72627.3,72628.83,0.00137
2026-03-05 07:30:00,72461.33,72461.33,72379.67,72379.67,0.21957
2026-03-05 07:35:00,72291.59,72291.59,72221.39,72221.39,0.12962
2026-03-05 07:40:00,72238.31,72238.31,72238.31,72238.31,0.00709
2026-03-05 07:45:00,72200.42,72209.75,72150.39,72150.39,0.11065
2026-03-05 07:50:00,72118.09,72118.09,71812.23,71865.1,0.52536
2026-03-05 07:55:00,71957.16,72056.07,71955.79,72056.07,0.04602
2026-03-05 08:00:00,72067.61,72083.85,71918.64,71918.64,0.12513
2026-03-05 08:05:00,71893.08,71971.53,71880.96,71904.05,0.19262
2026-03-05 08:10:00,71856.8,71858.28,71832.27,71832.27,0.13235
2026-03-05 08:15:00,71895.61,71986.52,71895.61,71986.52,0.21152
2026-03-05 08:20:00,71907.98,72027.08,71907.98,72027.08,0.11307
2026-03-05 08:25:00,71797.1,71797.1,71765.53,71765.53,0.00097
2026-03-05 08:30:00,71837.29,72148.84,71837.29,72148.84,0.12924
2026-03-05 08:35:00,72105.6,72105.6,72105.6,72105.6,0.00138
2026-03-05 08:40:00,72051.85,72204.18,72048.44,72204.18,0.00431
2026-03-05 08:45:00,72193.9,72243.29,72193.9,72243.29,0.20445
2026-03-05 08:50:00,72274.38,72342.47,72274.38,72342.47,0.04535
2026-03-05 08:55:00,72310.35,72340.04,72310.35,72340.04,0.0418
2026-03-05 09:00:00,72388.1,72411.02,72388.1,72411.02,0.00284
2026-03-05 09:05:00,72500.0,72601.34,72398.53,72601.34,0.28492
2026-03-05 09:10:00,72609.2,72666.67,72609.2,72630.05,0.03234
2026-03-05 09:15:00,72620.4,72667.7,72582.58,72582.58,0.00031
2026-03-05 09:20:00,72575.47,72741.47,72572.66,72572.66,0.49234
2026-03-05 09:25:00,72588.63,72667.6,72588.63,72667.6,0.09015
2026-03-05 09:30:00,72686.14,72686.14,72686.14,72686.14,0.00016
2026-03-05 09:35:00,72686.14,72856.11,72599.76,72599.76,0.01298
2026-03-05 09:40:00,72576.95,72576.95,72498.03,72498.03,0.04262
2026-03-05 09:45:00,72591.39,72591.39,72569.16,72569.16,0.00014
2026-03-05 09:50:00,72535.29,72535.29,72532.56,72532.56,0.00245
2026-03-05 09:55:00,72596.99,72596.99,72596.99,72596.99,8e-05
2026-03-05 10:00:00,72625.43,72628.21,72565.72,72565.72,0.00922
2026-03-05 10:05:00,72582.91,72747.92,72582.91,72747.92,0.16439
2026-03-05 10:10:00,72718.54,72753.8,72690.1,72737.72,0.17738
2026-03-05 10:15:00,72688.88,72800.9,72688.88,72790.32,0.06732
2026-03-05 10:20:00,72784.07,73000.0,72784.07,72948.1,0.36483
2026-03-05 10:25:00,73022.19,73384.36,73022.19,73165.9,0.6109
2026-03-05 10:30:00,73174.16,73519.24,73174.16,73506.9,0.3875
2026-03-05 10:35:00,73458.02,73468.44,73323.92,73323.92,0.04883
2026-03-05 10:40:00,73253.91,73334.3,73253.91,73334.3,1.32124
2026-03-05 10:45:00,73279.2,73354.48,73277.7,73354.48,1.36621
2026-03-05 10:50:00,73411.37,73493.12,73411.37,73451.11,0.28779
2026-03-05 10:55:00,73445.97,73565.0,73415.73,73415.73,0.20806
2026-03-05 11:00:00,73402.09,73440.97,73217.56,73217.56,0.17501
2026-03-05 11:05:00,73206.84,73206.84,73073.59,73136.97,0.26853
2026-03-05 11:10:00,73151.15,73214.37,73114.17,73197.58,0.04774
2026-03-05 11:15:00,73160.49,73160.52,73086.5,73086.5,0.10845
2026-03-05 11:20:00,73083.6,73132.1,72948.06,72948.06,0.01908
2026-03-05 11:25:00,73008.86,73008.86,73008.86,73008.86,0.00246
2026-03-05 11:30:00,73046.11,73078.09,72999.27,72999.27,0.00417
2026-03-05 11:35:00,73054.36,73054.36,72809.61,72809.61,0.01158
2026-03-05 11:40:00,72870.46,72870.46,72824.98,72824.98,0.0481
2026-03-05 11:45:00,72849.39,72857.81,72837.26,72857.81,0.16377
2026-03-05 11:50:00,72892.25,72892.25,72855.9,72855.9,0.05168
2026-03-05 11:55:00,72829.22,72861.78,72829.22,72861.78,0.06244
2026-03-05 12:00:00,72932.2,72935.59,72736.03,72779.95,0.13591
2026-03-05 12:05:00,72785.61,72932.24,72776.33,72919.48,0.08771
2026-03-05 12:10:00,72917.73,73029.52,72911.58,72986.22,0.21411
2026-03-05 12:15:00,72918.36,72918.36,72722.09,72722.09,0.05265
2026-03-05 12:20:00,72876.15,72893.96,72868.2,72893.96,0.0619
2026-03-05 12:25:00,72905.42,72905.42,72739.3,72754.46,0.06377
2026-03-05 12:30:00,72811.31,72821.61,72769.44,72769.44,0.09265
2026-03-05 12:35:00,72820.93,72820.93,72728.18,72728.18,0.00949
2026-03-05 12:40:00,72785.34,72938.35,72785.34,72938.35,0.01367
2026-03-05 12:45:00,72950.22,73043.35,72950.22,73037.1,0.16748
2026-03-05 12:50:00,72933.92,72933.92,72933.92,72933.92,0.04076
2026-03-05 12:55:00,72933.92,72933.92,72904.16,72904.16,0.04871
2026-03-05 13:00:00,72916.17,72933.96,72817.99,72817.99,0.0628
2026-03-05 13:05:00,72688.24,72743.85,72688.24,72693.97,0.00541
2026-03-05 13:10:00,72716.9,72716.9,72609.2,72705.94,0.15789
2026-03-05 13:15:00,72669.64,72669.78,72659.38,72669.78,0.26361
2026-03-05 13:20:00,72702.72,72702.72,72500.0,72500.0,0.16425
2026-03-05 13:25:00,72470.11,72512.91,72388.1,72512.91,0.14242
2026-03-05 13:30:00,72529.16,72529.16,72207.86,72371.0,0.22185
2026-03-05 13:35:00,72340.56,72362.76,72340.56,72362.76,0.07541
2026-03-05 13:40:00,72436.23,72526.92,72436.23,72514.5,0.14391
2026-03-05 13:45:00,72490.1,72674.92,72485.97,72674.92,1.12106
2026-03-05 13:50:00,72650.0,72703.55,72631.86,72631.86,0.08371
2026-03-05 13:55:00,72569.7,72569.7,72461.46,72461.47,0.25081
2026-03-05 14:00:00,72490.46,72550.66,72479.02,72550.66,0.06866
2026-03-05 14:05:00,72557.36,72592.17,72419.1,72533.82,0.22227
2026-03-05 14:10:00,72559.25,72625.06,72550.88,72625.06,0.00483
2026-03-05 14:15:00,72467.88,72474.03,72467.88,72474.03,0.07303
2026-03-05 14:20:00,72423.29,72549.6,72423.29,72549.6,0.1483
2026-03-05 14:25:00,72519.28,72544.7,72519.28,72544.7,0.04746
2026-03-05 14:30:00,72626.08,72827.72,72378.3,72744.4,0.35414
2026-03-05 14:35:00,72650.96,72738.8,72153.34,72202.8,0.23331
2026-03-05 14:40:00,72207.3,72349.72,71975.06,71983.09,0.25739
2026-03-05 14:45:00,72018.5,72310.04,72018.5,72204.17,0.27152
2026-03-05 14:50:00,72177.73,72549.51,72177.73,72520.95,0.22106
2026-03-05 14:55:00,72494.2,72731.07,72449.16,72640.77,0.21456
2026-03-05 15:00:00,72701.32,72701.32,72250.0,72250.0,0.10385
2026-03-05 15:05:00,72226.47,72308.05,71779.72,71885.49,0.38
2026-03-05 15:10:00,71893.48,71913.09,71626.99,71822.98,0.49965
2026-03-05 15:15:00,71791.53,71832.03,71531.6,71649.0,0.74807
2026-03-05 15:20:00,71715.64,71808.95,71510.64,71527.67,0.2362
2026-03-05 15:25:00,71505.86,71505.86,71248.94,71279.53,0.59836
2026-03-05 15:30:00,71276.35,71452.7,71192.9,71300.6,0.29074
2026-03-05 15:35:00,71293.5,71450.01,71293.5,71413.36,0.04945
2026-03-05 15:40:00,71652.57,71657.1,71419.82,71438.95,0.22024
2026-03-05 15:45:00,71473.98,71473.98,71285.84,71377.18,0.18223
2026-03-05 15:50:00,71380.09,71717.8,71380.09,71694.89,0.18833
2026-03-05 15:55:00,71685.36,71685.36,71449.3,71510.56,0.14577
2026-03-05 16:00:00,71574.74,71574.74,71326.98,71326.98,0.53
2026-03-05 16:05:00,71312.05,71321.41,70840.49,70879.04,0.29911
2026-03-05 16:10:00,70821.39,71089.01,70800.0,71000.7,0.80465
2026-03-05 16:15:00,71026.82,71066.22,70848.03,70870.71,0.28437
2026-03-05 16:20:00,70888.05,71061.2,70888.05,71015.39,0.13885
2026-03-05 16:25:00,71090.3,71090.3,71014.37,71014.37,0.20293
2026-03-05 16:30:00,71014.79,71199.74,70985.42,71199.74,0.4269
2026-03-05 16:35:00,71137.0,71417.68,71137.0,71417.68,0.44658
2026-03-05 16:40:00,71451.67,71622.21,71320.21,71405.2,0.11106
2026-03-05 16:45:00,71361.14,71391.67,71288.89,71296.72,0.06026
2026-03-05 16:50:00,71335.55,71370.28,71235.96,71255.58,0.17822
2026-03-05 16:55:00,71322.31,71325.56,71277.46,71277.46,0.07457
2026-03-05 17:00:00,71337.0,71567.86,71293.54,71552.86,0.29186
2026-03-05 17:05:00,71549.39,71558.26,71123.11,71123.11,0.38092
2026-03-05 17:10:00,71062.95,71215.29,71021.71,71129.1,0.12811
2026-03-05 17:15:00,71165.62,71165.62,71000.0,71038.33,0.28989
2026-03-05 17:20:00,70995.32,71069.78,70899.76,70985.87,0.21676
2026-03-05 17:25:00,71095.64,71095.64,71095.64,71095.64,0.04
2026-03-05 17:30:00,70811.67,70816.34,70728.22,70780.97,0.21065
2026-03-05 17:35:00,70756.04,70917.04,70756.04,70882.31,0.12959
2026-03-05 17:40:00,70822.09,70890.29,70822.09,70890.29,0.05209
2026-03-05 17:45:00,70890.29,70890.29,70684.94,70695.98,0.06832
2026-03-05 17:50:00,70666.67,70936.52,70644.77,70869.68,0.15439
2026-03-05 17:55:00,70714.12,70753.11,70697.55,70697.55,0.0878
2026-03-05 18:00:00,70678.34,70852.25,70678.34,70814.48,0.15265
2026-03-05 18:05:00,70777.78,71006.2,70777.78,70945.29,0.22649
2026-03-05 18:10:00,70990.82,71046.98,70942.98,71019.11,0.1082
2026-03-05 18:15:00,71013.27,71048.1,71001.92,71001.92,0.32991
2026-03-05 18:20:00,70938.43,71010.2,70797.73,70864.45,0.2523
2026-03-05 18:25:00,70842.96,70851.86,70825.24,70844.02,0.21904
2026-03-05 18:30:00,70841.78,70982.56,70841.78,70982.56,0.05127
2026-03-05 18:35:00,70973.52,71060.39,70920.09,70920.09,0.23339
2026-03-05 18:40:00,70891.8,71123.07,70891.8,70932.66,0.38527
2026-03-05 18:45:00,70904.73,70997.13,70901.27,70901.27,0.17343
2026-03-05 18:50:00,70931.75,70931.75,70796.29,70907.34,0.3819
2026-03-05 18:55:00,70939.71,71002.33,70939.71,71002.33,0.18548
2026-03-05 19:00:00,71012.12,71209.4,71012.12,71144.27,0.17099
2026-03-05 19:05:00,71151.85,71274.88,71134.76,71268.0,0.31691
2026-03-05 19:10:00,71236.95,71401.6,71218.67,71401.6,0.19968
2026-03-05 19:15:00,71354.3,71362.71,71267.36,71284.12,0.42247
2026-03-05 19:20:00,71297.85,71320.56,71259.53,71259.53,0.23791
2026-03-05 19:25:00,71234.22,71234.22,71058.33,71126.65,0.23887
2026-03-05 19:30:00,71034.47,71050.28,70956.54,71050.0,0.35784
2026-03-05 19:35:00,71045.35,71056.5,70958.57,70982.2,0.09122
2026-03-05 19:40:00,71075.0,71143.63,70996.32,70996.32,0.11198
2026-03-05 19:45:00,71041.74,71089.13,71041.74,71073.97,0.08404
2026-03-05 19:50:00,70998.61,70998.61,70980.02,70980.02,0.08654
2026-03-05 19:55:00,70871.42,70966.98,70871.42,70962.59,0.05282
2026-03-05 20:00:00,70961.42,71036.11,70857.15,71036.11,0.32502
2026-03-05 20:05:00,71043.28,71043.28,70907.79,70934.99,0.01456
2026-03-05 20:10:00,71088.08,71109.85,71045.0,71069.19,0.08556
2026-03-05 20:15:00,71122.41,71192.11,71069.19,71192.11,0.05888
2026-03-05 20:20:00,71192.11,71233.29,71192.11,71233.29,0.00223
2026-03-05 20:25:00,71126.98,71160.19,71126.98,71160.19,0.0756
2026-03-05 20:30:00,71233.41,71333.03,71233.41,71333.03,0.0866
2026-03-05 20:35:00,71345.09,71373.4,71345.09,71373.4,0.08748
2026-03-05 20:40:00,71222.27,71222.27,71152.25,71152.25,0.15958
2026-03-05 20:45:00,71137.74,71137.74,71137.74,71137.74,0.0693
2026-03-05 20:50:00,71185.98,71185.98,71109.07,71109.07,0.06769
2026-03-05 20:55:00,71250.89,71250.89,71249.8,71249.8,0.04583
2026-03-05 21:00:00,71272.25,71350.07,71268.52,71341.93,0.00871
2026-03-05 21:05:00,71329.6,71343.44,71296.77,71296.77,0.01456
2026-03-05 21:10:00,71309.06,71319.46,71284.28,71319.46,0.04216
2026-03-05 21:15:00,71311.7,71500.0,71311.7,71497.67,0.17331
2026-03-05 21:20:00,71482.28,71502.47,71421.8,71421.8,0.22615
2026-03-05 21:25:00,71506.48,71507.02,71447.74,71447.74,0.1045
2026-03-05 21:30:00,71549.85,71549.85,71507.49,71507.49,0.08222
2026-03-05 21:35:00,71393.75,71393.75,71101.14,71101.14,0.26399
2026-03-05 21:40:00,71101.14,71101.14,71101.14,71101.14,0.0
2026-03-05 21:45:00,71237.58,71237.58,71237.58,71237.58,0.0007
2026-03-05 21:50:00,71319.2,71319.2,71032.14,71062.54,0.15794
2026-03-05 21:55:00,71062.21,71167.24,71062.21,71136.0,0.09128
2026-03-05 22:00:00,71166.34,71192.39,71157.43,71192.39,0.04216
2026-03-05 22:05:00,71120.13,71251.46,71120.13,71184.87,0.04181
2026-03-05 22:10:00,71112.84,71161.5,71108.22,71161.5,0.0965
2026-03-05 22:15:00,71177.56,71179.33,71155.34,71172.4,0.09622
2026-03-05 22:20:00,71238.01,71270.6,71236.77,71270.6,0.02106
2026-03-05 22:25:00,71285.51,71285.51,71076.28,71103.42,0.01562
2026-03-05 22:30:00,71175.4,71202.9,71175.4,71202.9,0.00467
2026-03-05 22:35:00,71201.57,71201.57,71181.04,71181.04,0.06105
2026-03-05 22:40:00,71188.09,71340.16,71188.09,71264.92,0.07747
2026-03-05 22:45:00,71277.77,71287.8,71248.18,71248.18,0.06039
2026-03-05 22:50:00,71242.31,71254.91,71242.31,71254.91,0.00022
2026-03-05 22:55:00,71284.27,71320.91,71204.3,71236.5,0.10852
2026-03-05 23:00:00,71216.38,71277.96,71189.58,71234.26,0.09582
2026-03-05 23:05:00,71237.31,71248.34,71202.12,71241.43,0.0036
2026-03-05 23:10:00,71237.28,71237.28,71191.76,71201.06,0.01168
2026-03-05 23:15:00,71216.98,71216.98,71167.65,71172.22,0.0017
2026-03-05 23:20:00,71225.25,71228.17,71185.89,71213.89,0.0482
2026-03-05 23:25:00,71202.26,71309.18,71202.26,71282.89,0.04291
2026-03-05 23:30:00,71192.55,71192.55,70914.73,70914.73,0.06634
2026-03-05 23:35:00,70937.69,70988.56,70937.63,70988.56,0.04554
2026-03-05 23:40:00,70903.01,70923.19,70885.05,70885.05,0.22171
2026-03-05 23:45:00,70925.45,70943.39,70854.5,70854.5,0.12338
2026-03-05 23:50:00,70852.13,70864.73,70847.65,70854.64,0.23337
2026-03-05 23:55:00,70833.84,70863.06,70778.4,70858.6,0.25874
2026-03-06 00:00:00,70894.73,70899.5,70847.87,70887.25,0.06179
2026-03-06 00:05:00,70908.23,70995.33,70842.94,70923.47,0.14162
2026-03-06 00:10:00,70870.51,71048.98,70870.51,71048.98,0.14245
2026-03-06 00:15:00,71026.88,71026.88,70915.99,71008.42,0.11332
2026-03-06 00:20:00,71016.6,71016.6,70942.18,70965.19,0.05455
2026-03-06 00:25:00,70903.02,70930.66,70900.17,70906.97,0.00455
2026-03-06 00:30:00,70922.39,70970.59,70917.48,70940.92,0.04873
2026-03-06 00:35:00,70950.45,70950.45,70883.88,70946.42,0.13778
2026-03-06 00:40:00,70929.78,70976.63,70912.53,70914.72,0.20977
2026-03-06 00:45:00,70923.42,70985.53,70882.37,70948.09,0.04951
2026-03-06 00:50:00,70932.3,70936.84,70851.87,70933.65,0.08273
2026-03-06 00:55:00,70923.7,70966.46,70905.48,70966.46,0.00191
2026-03-06 01:00:00,70959.23,70967.53,70905.44,70967.53,0.0038
2026-03-06 01:05:00,70934.51,70983.01,70888.51,70902.8,0.1799
2026-03-06 01:10:00,70900.53,70906.27,70780.2,70805.6,0.09661
2026-03-06 01:15:00,70760.4,70899.89,70760.4,70898.65,0.00115
2026-03-06 01:20:00,70873.53,70879.89,70873.53,70879.89,0.04485
2026-03-06 01:25:00,70786.47,70786.47,70408.42,70472.1,1.68936
2026-03-06 01:30:00,70465.69,70820.1,70465.69,70820.1,0.16771
2026-03-06 01:35:00,71000.0,71010.11,70932.36,70937.87,0.05046
2026-03-06 01:40:00,71089.32,71153.37,71089.32,71142.89,0.15576
2026-03-06 01:45:00,71193.04,71233.88,71108.7,71172.08,0.00405
2026-03-06 01:50:00,71239.53,71255.3,71181.69,71181.69,0.10279
2026-03-06 01:55:00,71267.0,71276.03,71267.0,71276.03,0.00561
2026-03-06 02:00:00,71256.2,71274.6,71188.15,71188.15,0.00119
2026-03-06 02:05:00,71232.0,71310.28,71212.93,71279.91,0.00207
2026-03-06 02:10:00,71255.89,71390.0,71224.17,71328.65,0.00141
2026-03-06 02:15:00,71333.48,71336.16,71168.98,71168.98,0.16434
2026-03-06 02:20:00,71102.42,71191.6,71040.17,71191.6,0.16767
2026-03-06 02:25:00,71243.99,71397.25,71230.91,71336.74,0.68733
2026-03-06 02:30:00,71321.26,71321.26,71225.45,71229.43,0.04437
2026-03-06 02:35:00,71186.67,71244.05,71163.5,71244.05,0.04238
2026-03-06 02:40:00,71256.0,71326.52,71238.23,71326.52,0.10835
2026-03-06 02:45:00,71320.26,71320.26,71285.29,71285.29,0.04485
2026-03-06 02:50:00,71262.06,71262.6,71249.89,71262.6,0.00326
2026-03-06 02:55:00,71219.69,71225.32,71219.69,71225.32,0.07021
