timestamp,open,high,low,close,volume
2026-03-09 14:05:00,69102.19,69102.19,68753.87,68776.96,0.08704
2026-03-09 14:10:00,68737.84,68856.2,68724.94,68856.2,0.08723
2026-03-09 14:15:00,69085.08,69218.36,69051.36,69072.91,0.15584
2026-03-09 14:20:00,69066.95,69201.67,69010.93,69107.34,0.03222
2026-03-09 14:25:00,69248.73,69248.73,69049.75,69136.91,0.08828
2026-03-09 14:30:00,69283.94,69320.7,69126.12,69128.36,0.06052
2026-03-09 14:35:00,69216.95,69420.0,69216.95,69348.62,0.04929
2026-03-09 14:40:00,69392.18,69471.92,69331.33,69341.76,0.27319
2026-03-09 14:45:00,69399.54,69399.54,69207.86,69207.86,0.24213
2026-03-09 14:50:00,69235.3,69235.3,69235.3,69235.3,0.00105
2026-03-09 14:55:00,69211.61,69211.61,69131.78,69147.49,0.06778
2026-03-09 15:00:00,69218.44,69230.59,69153.31,69153.31,0.00428
2026-03-09 15:05:00,69235.39,69274.33,69027.29,69027.29,0.31706
2026-03-09 15:10:00,69051.71,69158.26,69017.64,69135.44,0.06191
2026-03-09 15:15:00,69223.07,69223.07,69000.0,69000.0,0.05207
2026-03-09 15:20:00,69065.28,69138.11,69049.44,69108.27,0.04166
2026-03-09 15:25:00,69117.95,69155.79,69050.96,69050.96,0.03218
2026-03-09 15:30:00,69055.84,69055.84,68900.0,68993.9,0.09166
2026-03-09 15:35:00,68810.0,68883.99,68750.0,68784.16,0.26077
2026-03-09 15:40:00,68807.91,68814.06,68747.97,68753.61,0.05977
2026-03-09 15:45:00,68882.72,68882.72,68855.82,68873.89,0.01788
2026-03-09 15:50:00,68850.47,68893.73,68794.64,68893.73,0.48507
2026-03-09 15:55:00,68913.53,69055.35,68913.53,69024.16,0.03198
2026-03-09 16:00:00,68851.03,68998.39,68817.54,68941.41,0.06734
2026-03-09 16:05:00,68978.08,69025.38,68869.84,68869.84,0.06195
2026-03-09 16:10:00,68843.13,68843.13,68750.29,68820.64,0.01666
2026-03-09 16:15:00,68804.18,68812.14,68800.0,68812.14,0.86198
2026-03-09 16:20:00,68850.8,68915.49,68850.8,68915.49,0.01918
2026-03-09 16:25:00,68867.35,69005.78,68867.35,69005.78,0.05089
2026-03-09 16:30:00,68993.57,68993.57,68680.34,68738.1,0.02624
2026-03-09 16:35:00,68807.99,68807.99,68807.99,68807.99,0.00768
2026-03-09 16:40:00,69024.91,69125.0,69024.91,69113.29,0.1007
2026-03-09 16:45:00,69014.46,69042.33,68982.4,68989.8,0.00477
2026-03-09 16:50:00,69141.46,69189.68,69141.46,69189.68,0.18399
2026-03-09 16:55:00,68967.11,68967.11,68964.9,68964.9,0.04216
2026-03-09 17:00:00,68993.9,68993.9,68913.01,68949.14,0.00896
2026-03-09 17:05:00,68979.1,69049.09,68979.1,69023.83,0.00291
2026-03-09 17:10:00,69061.83,69073.55,68982.55,68982.55,0.01337
2026-03-09 17:15:00,68982.55,68982.55,68982.55,68982.55,0.0
2026-03-09 17:20:00,68890.2,68890.2,68737.84,68737.84,0.0488
2026-03-09 17:25:00,68744.67,68744.68,68616.99,68616.99,0.0632
2026-03-09 17:30:00,68615.6,68738.31,68589.74,68673.05,0.09888
2026-03-09 17:35:00,68720.04,68720.04,68431.0,68431.0,0.13199
2026-03-09 17:40:00,68375.07,68424.72,68258.5,68414.71,0.04523
2026-03-09 17:45:00,68446.45,68506.27,68421.54,68467.96,0.06537
2026-03-09 17:50:00,68521.01,68627.14,68521.01,68627.14,0.0094
2026-03-09 17:55:00,68624.92,68655.14,68592.01,68653.67,0.05133
2026-03-09 18:00:00,68579.8,68598.91,68487.79,68491.64,0.01733
2026-03-09 18:05:00,68413.64,68458.56,68240.84,68358.7,0.14431
2026-03-09 18:10:00,68409.21,68485.3,68409.21,68463.93,0.01443
2026-03-09 18:15:00,68451.98,68632.36,68451.98,68632.36,0.05943
2026-03-09 18:20:00,68603.69,68603.69,68580.22,68580.23,0.01023
2026-03-09 18:25:00,68577.79,68577.79,68555.64,68555.64,0.06437
2026-03-09 18:30:00,68622.93,68680.5,68572.7,68680.5,0.32203
2026-03-09 18:35:00,68631.75,68631.75,68510.41,68510.41,0.01613
2026-03-09 18:40:00,68510.41,68510.41,68510.41,68510.41,0.0
2026-03-09 18:45:00,68478.04,68478.04,68478.04,68478.04,0.0001
2026-03-09 18:50:00,68423.07,68423.07,68423.07,68423.07,0.00103
2026-03-09 18:55:00,68400.13,68400.13,68343.08,68343.08,0.01531
2026-03-09 19:00:00,68461.89,68487.53,68461.89,68487.53,0.00175
2026-03-09 19:05:00,68455.82,68510.71,68455.82,68484.24,0.0031
2026-03-09 19:10:00,68500.19,68500.19,68433.3,68433.3,0.01013
2026-03-09 19:15:00,68425.48,68787.78,68425.48,68787.78,0.09593
2026-03-09 19:20:00,68803.76,69043.48,68729.51,68951.85,0.06815
2026-03-09 19:25:00,69114.73,69360.0,69114.73,69190.89,0.114
2026-03-09 19:30:00,69381.93,69519.89,69260.33,69303.01,0.23476
2026-03-09 19:35:00,69242.41,69250.34,69005.73,69058.52,0.0662
2026-03-09 19:40:00,68964.17,68964.17,68869.22,68900.87,0.039
2026-03-09 19:45:00,68900.87,68900.87,68900.87,68900.87,0.0
2026-03-09 19:50:00,68900.87,68900.87,68900.87,68900.87,0.0
2026-03-09 19:55:00,68935.98,69007.67,68935.98,69007.67,0.0486
2026-03-09 20:00:00,69006.03,69155.86,68973.33,69006.89,0.05537
2026-03-09 20:05:00,69043.95,69082.17,68962.34,69082.17,0.01208
2026-03-09 20:10:00,68931.31,69032.73,68931.31,69006.39,0.09264
2026-03-09 20:15:00,69004.64,69052.53,68993.55,69052.53,0.05729
2026-03-09 20:20:00,68968.3,68976.48,68968.3,68976.48,0.00011
2026-03-09 20:25:00,68956.93,68956.93,68956.93,68956.93,0.00058
2026-03-09 20:30:00,68905.82,68933.66,68814.49,68814.49,0.02179
2026-03-09 20:35:00,68864.72,68895.91,68864.72,68895.91,0.05252
2026-03-09 20:40:00,68895.22,68925.6,68895.22,68925.6,0.07361
2026-03-09 20:45:00,68853.18,68853.18,68821.14,68821.14,0.01714
2026-03-09 20:50:00,68768.4,68780.26,68768.4,68780.26,0.00125
2026-03-09 20:55:00,69011.98,69011.98,69011.98,69011.98,0.00035
2026-03-09 21:00:00,69084.75,69115.41,69072.05,69079.83,0.05106
2026-03-09 21:05:00,69079.96,69090.6,69050.39,69050.39,0.04954
2026-03-09 21:10:00,69022.28,69097.17,69008.86,69043.97,0.04153
2026-03-09 21:15:00,69063.8,69085.42,69020.52,69020.52,0.00054
2026-03-09 21:20:00,68949.36,68949.36,68852.07,68852.07,0.11311
2026-03-09 21:25:00,68899.46,68900.82,68899.46,68900.82,0.08
2026-03-09 21:30:00,68828.48,68892.24,68828.48,68890.73,0.02219
2026-03-09 21:35:00,68925.53,68925.53,68925.53,68925.53,0.00019
2026-03-09 21:40:00,68753.22,69005.7,68680.34,68958.61,0.15462
2026-03-09 21:45:00,68959.3,68959.3,68905.7,68929.88,0.07697
2026-03-09 21:50:00,68968.34,68995.0,68968.34,68995.0,0.00159
2026-03-09 21:55:00,68975.61,68990.92,68975.61,68983.64,0.05559
2026-03-09 22:00:00,68959.94,69071.91,68935.35,68938.28,0.03012
2026-03-09 22:05:00,68804.85,68854.57,68804.85,68820.27,0.00194
2026-03-09 22:10:00,68744.1,68744.1,68711.43,68711.43,0.00155
2026-03-09 22:15:00,68798.08,68798.08,68798.08,68798.08,0.00014
2026-03-09 22:20:00,68770.24,68770.24,68770.24,68770.24,0.00209
2026-03-09 22:25:00,68849.91,68849.91,68849.91,68849.91,0.00066
2026-03-09 22:30:00,68867.39,68874.79,68817.39,68817.39,0.00172
2026-03-09 22:35:00,68826.71,68826.71,68615.6,68623.69,0.1864
2026-03-09 22:40:00,68674.95,68739.22,68656.19,68739.22,0.14087
2026-03-09 22:45:00,68717.17,68717.17,68681.4,68681.4,0.09652
2026-03-09 22:50:00,68719.9,68719.9,68603.66,68634.0,0.02923
2026-03-09 22:55:00,68634.0,68634.0,68634.0,68634.0,0.0
2026-03-09 23:00:00,68638.98,68644.1,68584.35,68624.92,0.05864
2026-03-09 23:05:00,68593.41,68691.48,68586.08,68691.48,0.00085
2026-03-09 23:10:00,68691.0,68716.59,68674.13,68680.8,0.00285
2026-03-09 23:15:00,68657.24,68657.24,68565.23,68565.23,0.00156
2026-03-09 23:20:00,68559.31,68615.95,68527.83,68615.95,0.04982
2026-03-09 23:25:00,68608.56,68608.56,68608.56,68608.56,0.04
2026-03-09 23:30:00,68575.73,68594.14,68575.73,68589.0,0.0702
2026-03-09 23:35:00,68589.0,68589.0,68589.0,68589.0,0.0
2026-03-09 23:40:00,68566.57,68580.5,68539.71,68539.71,0.12333
2026-03-09 23:45:00,68500.0,68500.0,68488.4,68489.41,0.1414
2026-03-09 23:50:00,68470.68,68470.68,68439.65,68453.15,0.00758
2026-03-09 23:55:00,68435.52,68435.52,68374.92,68374.92,0.01092
2026-03-10 00:00:00,68404.53,68492.14,68404.53,68469.92,0.09889
2026-03-10 00:05:00,68448.15,68482.52,68432.27,68482.52,0.10589
2026-03-10 00:10:00,68437.89,68473.55,68421.66,68421.66,0.05443
2026-03-10 00:15:00,68407.75,68654.64,68407.75,68654.64,0.12818
2026-03-10 00:20:00,68654.64,68654.64,68654.64,68654.64,0.0
2026-03-10 00:25:00,68744.95,69020.24,68744.95,69020.24,0.15615
2026-03-10 00:30:00,68927.58,69038.06,68901.91,69038.06,0.15689
2026-03-10 00:35:00,69066.04,69207.55,68966.12,69163.14,0.51718
2026-03-10 00:40:00,69197.71,69197.71,69151.78,69157.19,0.08855
2026-03-10 00:45:00,69157.19,69303.15,69139.45,69217.44,0.32591
2026-03-10 00:50:00,69185.77,69185.77,69140.92,69140.92,0.00018
2026-03-10 00:55:00,69090.64,69093.68,69045.25,69093.68,0.04034
2026-03-10 01:00:00,69107.3,69242.99,69100.42,69100.42,0.0023
2026-03-10 01:05:00,69107.38,69186.65,69107.38,69160.09,0.00397
2026-03-10 01:10:00,69177.66,69177.66,69117.77,69117.77,0.02233
2026-03-10 01:15:00,69100.03,69100.03,68915.13,68918.82,0.0028
2026-03-10 01:20:00,68897.35,68916.0,68897.35,68916.0,0.00728
2026-03-10 01:25:00,69010.74,69017.42,69010.74,69017.42,0.00874
2026-03-10 01:30:00,68986.28,69004.52,68980.34,68986.2,0.14816
2026-03-10 01:35:00,68797.69,68822.1,68797.69,68822.1,0.05037
2026-03-10 01:40:00,68886.07,68983.23,68886.07,68982.72,0.02208
2026-03-10 01:45:00,68974.54,69008.64,68974.54,69008.63,0.14347
2026-03-10 01:50:00,69283.4,69299.36,69283.4,69299.36,0.00152
2026-03-10 01:55:00,69253.31,69353.46,69253.31,69327.16,0.41706
2026-03-10 02:00:00,69279.25,69356.89,69180.21,69180.21,0.18948
2026-03-10 02:05:00,69157.82,69188.67,69132.34,69145.2,0.00829
2026-03-10 02:10:00,69182.59,69245.68,69168.37,69245.68,0.02484
2026-03-10 02:15:00,69251.29,69251.29,69181.29,69181.29,0.04451
2026-03-10 02:20:00,69310.73,69310.73,69310.73,69310.73,0.01947
2026-03-10 02:25:00,69190.94,69275.53,69190.94,69275.53,0.06418
2026-03-10 02:30:00,69415.49,70022.6,69415.49,70004.24,0.44407
2026-03-10 02:35:00,70017.32,70185.2,69951.29,69951.29,1.08519
2026-03-10 02:40:00,70043.08,70448.95,70043.08,70322.64,0.18519
2026-03-10 02:45:00,70333.41,70569.36,70290.59,70569.36,2.43162
2026-03-10 02:50:00,70527.9,70527.9,70362.55,70362.55,0.28113
2026-03-10 02:55:00,70362.61,70368.55,70255.99,70261.29,0.05941
2026-03-10 03:00:00,70249.66,70308.4,70066.72,70066.72,0.02408
2026-03-10 03:05:00,70072.85,70172.5,70072.85,70171.55,0.03288
2026-03-10 03:10:00,70212.71,70232.98,70200.09,70200.09,0.00409
2026-03-10 03:15:00,70175.2,70231.34,70172.72,70231.34,0.09166
2026-03-10 03:20:00,70174.9,70194.03,70174.9,70194.03,0.00037
2026-03-10 03:25:00,70171.16,70174.66,70132.92,70174.66,0.02046
2026-03-10 03:30:00,70108.61,70122.56,70078.21,70122.56,0.0163
2026-03-10 03:35:00,70069.71,70069.71,70035.42,70061.64,0.40648
2026-03-10 03:40:00,70025.21,70025.21,69858.1,69858.1,0.00274
2026-03-10 03:45:00,69800.67,69800.67,69441.45,69555.9,0.16598
2026-03-10 03:50:00,69408.43,69457.41,69408.43,69457.41,0.00275
2026-03-10 03:55:00,69528.62,69594.36,69457.41,69539.25,0.22121
2026-03-10 04:00:00,69453.26,69618.1,69453.26,69611.42,0.00326
2026-03-10 04:05:00,69615.66,69656.82,69544.75,69582.9,0.03266
2026-03-10 04:10:00,69662.6,69759.49,69662.6,69745.47,0.00567
2026-03-10 04:15:00,69710.57,69710.57,69596.4,69618.5,0.10072
2026-03-10 04:20:00,69640.74,69785.72,69640.74,69728.6,0.04212
2026-03-10 04:25:00,69782.83,69782.83,69782.83,69782.83,0.00768
2026-03-10 04:30:00,69836.03,69858.1,69836.03,69858.1,0.00042
2026-03-10 04:35:00,69932.22,69981.31,69932.22,69968.57,0.04089
2026-03-10 04:40:00,69958.75,69993.46,69958.75,69968.7,0.05205
2026-03-10 04:45:00,69953.26,69953.26,69871.34,69912.6,0.01943
2026-03-10 04:50:00,69934.85,69934.85,69858.26,69911.58,0.01488
2026-03-10 04:55:00,69990.0,70144.4,69990.0,70028.47,0.00746
2026-03-10 05:00:00,70057.47,70241.08,70027.16,70241.08,0.00778
2026-03-10 05:05:00,70177.41,70238.35,70177.41,70194.6,0.00758
2026-03-10 05:10:00,70243.14,70337.2,70177.3,70224.17,0.02561
2026-03-10 05:15:00,70133.21,70309.6,70133.21,70309.6,0.01903
2026-03-10 05:20:00,70158.16,70165.44,70158.16,70165.44,0.00287
2026-03-10 05:25:00,70100.63,70100.63,70029.03,70029.03,0.01826
2026-03-10 05:30:00,70069.9,70134.33,70069.9,70112.69,0.04032
2026-03-10 05:35:00,70112.49,70112.49,69979.06,69979.06,0.00238
2026-03-10 05:40:00,69974.56,69974.56,69930.73,69930.73,0.00026
2026-03-10 05:45:00,69930.73,69930.73,69930.73,69930.73,0.0
2026-03-10 05:50:00,69924.48,69960.2,69924.48,69960.2,0.00078
2026-03-10 05:55:00,69959.23,69959.23,69959.23,69959.23,0.00071
2026-03-10 06:00:00,69941.06,69941.06,69941.06,69941.06,0.00057
2026-03-10 06:05:00,69900.82,69900.82,69878.16,69890.53,0.00527
2026-03-10 06:10:00,69928.49,69928.49,69858.1,69859.77,0.0143
2026-03-10 06:15:00,69841.71,69841.71,69799.13,69804.31,0.0021
2026-03-10 06:20:00,69813.95,69813.95,69759.49,69772.28,0.00979
2026-03-10 06:25:00,70020.74,70112.32,70020.74,70104.09,0.04463
2026-03-10 06:30:00,70120.8,70138.3,70041.95,70041.95,0.04048
2026-03-10 06:35:00,70041.95,70041.95,70041.95,70041.95,0.0
2026-03-10 06:40:00,70041.95,70041.95,70041.95,70041.95,0.0
2026-03-10 06:45:00,69960.81,69972.69,69932.19,69962.3,0.06328
2026-03-10 06:50:00,70035.52,70035.52,69956.07,69956.07,0.01559
2026-03-10 06:55:00,69881.55,69983.4,69881.55,69983.4,0.04749
2026-03-10 07:00:00,69938.89,69938.89,69839.76,69850.9,0.07777
2026-03-10 07:05:00,69875.93,70277.25,69875.93,70150.62,0.53207
2026-03-10 07:10:00,70154.05,70439.26,70154.05,70273.47,0.10145
2026-03-10 07:15:00,70323.64,70394.08,70322.37,70394.08,0.03147
2026-03-10 07:20:00,70380.2,70523.9,70331.28,70523.9,0.09968
2026-03-10 07:25:00,70343.03,70365.77,70340.04,70340.04,0.0071
2026-03-10 07:30:00,70340.04,70340.04,70323.02,70323.02,0.00927
2026-03-10 07:35:00,70312.42,70312.42,70312.42,70312.42,0.0042
2026-03-10 07:40:00,70364.25,70389.69,70335.13,70335.13,0.03343
2026-03-10 07:45:00,70348.6,70402.3,70348.6,70402.3,0.00755
2026-03-10 07:50:00,70490.4,70490.4,70408.0,70408.0,0.00032
2026-03-10 07:55:00,70373.22,70373.22,70341.76,70341.76,0.00855
2026-03-10 08:00:00,70495.0,70508.64,70476.02,70482.89,0.00764
2026-03-10 08:05:00,70545.47,70889.81,70414.2,70846.94,1.18968
2026-03-10 08:10:00,70862.89,70915.9,70793.76,70915.9,0.06403
2026-03-10 08:15:00,70906.97,70958.25,70742.45,70802.19,0.02539
2026-03-10 08:20:00,70955.9,70984.63,70875.0,70875.0,0.01502
2026-03-10 08:25:00,70822.26,70850.95,70822.26,70850.94,0.01481
2026-03-10 08:30:00,70936.04,71007.9,70902.84,71007.9,0.10018
2026-03-10 08:35:00,70962.3,71080.57,70945.3,70951.7,0.13579
2026-03-10 08:40:00,71031.3,71129.08,70987.8,70987.8,0.03505
2026-03-10 08:45:00,70888.24,70888.24,70781.37,70781.37,0.06035
2026-03-10 08:50:00,70765.69,70765.69,70698.91,70698.91,0.01876
2026-03-10 08:55:00,70691.26,70691.26,70661.41,70662.28,0.08556
2026-03-10 09:00:00,70676.65,70676.65,70676.65,70676.65,0.0099
2026-03-10 09:05:00,70753.33,70814.99,70753.33,70753.33,0.00541
2026-03-10 09:10:00,70694.0,70867.5,70694.0,70824.36,0.04099
2026-03-10 09:15:00,70762.08,70881.96,70762.08,70881.96,0.05041
2026-03-10 09:20:00,70875.0,71222.0,70875.0,71179.94,0.29916
2026-03-10 09:25:00,71210.2,71293.39,71069.58,71248.2,0.43234
2026-03-10 09:30:00,71199.3,71294.05,71138.5,71138.5,0.02711
2026-03-10 09:35:00,71199.0,71204.93,71140.12,71140.12,0.02137
2026-03-10 09:40:00,71159.71,71159.71,71063.8,71092.66,0.01723
2026-03-10 09:45:00,70965.15,70977.2,70937.86,70977.2,0.05369
2026-03-10 09:50:00,70977.2,70977.2,70977.2,70977.2,0.0
2026-03-10 09:55:00,71031.4,71074.18,71031.4,71074.18,0.00758
2026-03-10 10:00:00,71029.05,71029.05,71029.05,71029.05,0.00014
2026-03-10 10:05:00,71007.3,71007.3,70942.4,70942.4,0.00048
2026-03-10 10:10:00,70928.95,70933.49,70915.77,70915.77,0.01494
2026-03-10 10:15:00,70857.14,70857.14,70720.79,70818.79,0.29317
2026-03-10 10:20:00,70821.79,70821.79,70763.0,70763.0,0.05291
2026-03-10 10:25:00,70759.91,70776.0,70754.5,70754.5,0.05581
2026-03-10 10:30:00,70801.0,70929.8,70794.89,70902.18,0.04544
2026-03-10 10:35:00,70864.92,70864.92,70698.91,70698.91,0.01424
2026-03-10 10:40:00,70736.1,70736.1,70736.1,70736.1,0.00017
2026-03-10 10:45:00,70735.9,70735.9,70735.9,70735.9,0.00017
2026-03-10 10:50:00,70735.9,70875.96,70656.0,70865.39,1.69201
2026-03-10 10:55:00,70775.33,70775.33,70755.1,70755.7,0.00824
2026-03-10 11:00:00,70722.7,70839.2,70644.77,70839.2,0.01186
2026-03-10 11:05:00,70793.6,70892.1,70714.02,70775.21,0.10271
2026-03-10 11:10:00,70719.36,70719.36,70652.83,70652.83,0.00038
2026-03-10 11:15:00,70628.22,70674.0,70624.96,70674.0,0.00037
2026-03-10 11:20:00,70609.36,70769.84,70600.2,70723.3,0.06308
2026-03-10 11:25:00,70742.14,70742.14,70632.0,70637.9,0.01641
2026-03-10 11:30:00,70599.19,70646.2,70599.19,70644.8,0.00899
2026-03-10 11:35:00,70640.0,70640.0,70630.0,70630.0,0.004
2026-03-10 11:40:00,70572.09,70574.77,70572.09,70573.2,0.00703
2026-03-10 11:45:00,70573.7,70665.53,70573.7,70621.0,0.00632
2026-03-10 11:50:00,70645.9,70665.4,70645.9,70646.41,0.00854
2026-03-10 11:55:00,70647.02,70647.02,70600.52,70600.52,0.06289
2026-03-10 12:00:00,70614.29,70614.29,70493.42,70527.62,0.15755
2026-03-10 12:05:00,70493.24,70520.3,70436.03,70436.03,0.49722
2026-03-10 12:10:00,70411.19,70442.02,70391.96,70442.02,0.47756
2026-03-10 12:15:00,70444.9,70450.72,70444.9,70450.72,0.00054
2026-03-10 12:20:00,70495.35,70543.9,70487.8,70543.9,0.45104
2026-03-10 12:25:00,70492.59,70493.2,70418.5,70418.5,0.20121
2026-03-10 12:30:00,70390.86,70401.49,70332.6,70401.49,0.22126
2026-03-10 12:35:00,70463.54,70463.54,70437.88,70437.88,0.22558
2026-03-10 12:40:00,70406.58,70406.58,70406.58,70406.58,0.0003
2026-03-10 12:45:00,70496.9,70517.26,70496.9,70517.26,0.003
2026-03-10 12:50:00,70522.32,70592.03,70522.32,70592.03,0.71045
2026-03-10 12:55:00,70530.7,70530.7,70489.36,70491.6,0.00434
2026-03-10 13:00:00,70525.6,70626.59,70525.6,70615.9,0.5468
2026-03-10 13:05:00,70607.7,70738.99,70607.7,70738.99,0.51558
2026-03-10 13:10:00,70741.12,70741.12,70715.32,70715.32,0.05761
2026-03-10 13:15:00,70811.67,70827.93,70756.73,70785.52,0.12569
2026-03-10 13:20:00,70722.72,70850.3,70700.0,70842.68,0.0732
2026-03-10 13:25:00,70882.54,70882.54,70835.23,70835.23,0.36928
2026-03-10 13:30:00,70911.7,70916.5,70247.65,70247.65,0.22231
2026-03-10 13:35:00,70229.57,70229.57,69759.49,69780.4,0.49386
2026-03-10 13:40:00,69781.95,70022.78,69762.86,69930.4,1.36016
2026-03-10 13:45:00,69905.7,70149.4,69845.0,70133.2,0.68177
2026-03-10 13:50:00,70135.66,70271.5,70131.59,70224.0,0.45717
2026-03-10 13:55:00,70104.22,70170.47,69927.86,69927.86,1.10393
2026-03-10 14:00:00,69943.43,69947.41,69617.78,69827.0,0.20534
2026-03-10 14:05:00,70034.6,70153.66,69500.0,69621.5,0.14349
2026-03-10 14:10:00,69634.1,69658.3,69427.26,69536.42,0.79653
2026-03-10 14:15:00,69502.3,69606.92,69292.31,69606.92,0.6073
2026-03-10 14:20:00,69660.38,69799.13,69660.38,69765.03,0.29353
2026-03-10 14:25:00,69858.1,69905.94,69792.48,69827.39,0.26726
2026-03-10 14:30:00,69945.66,70023.63,69816.95,69984.02,0.15423
2026-03-10 14:35:00,69947.33,70153.66,69940.52,70153.66,0.28365
2026-03-10 14:40:00,70180.5,70469.63,70180.5,70467.82,0.64937
2026-03-10 14:45:00,70476.7,70650.3,70402.1,70614.08,0.90623
2026-03-10 14:50:00,70698.91,71153.37,70615.2,71022.68,0.75935
2026-03-10 14:55:00,71161.7,71520.0,71161.7,71412.2,1.56811
2026-03-10 15:00:00,71474.22,71774.18,71352.14,71774.18,1.93681
2026-03-10 15:05:00,71705.03,71705.03,71153.37,71277.1,0.37017
2026-03-10 15:10:00,71135.88,71310.16,71123.11,71168.49,0.14319
2026-03-10 15:15:00,71041.67,71223.78,71000.0,71192.4,0.26595
2026-03-10 15:20:00,71207.64,71250.18,71134.65,71250.18,0.11388
2026-03-10 15:25:00,71280.02,71437.22,71226.1,71325.12,0.20711
2026-03-10 15:30:00,71463.34,71610.6,71255.7,71255.7,0.19172
2026-03-10 15:35:00,71302.19,71368.94,71123.11,71123.11,0.1179
2026-03-10 15:40:00,71041.68,71168.31,70978.41,71168.31,0.15995
2026-03-10 15:45:00,71114.09,71127.4,71062.99,71074.92,0.03712
2026-03-10 15:50:00,71107.08,71161.9,70923.51,70937.25,0.02961
2026-03-10 15:55:00,70991.4,71366.62,70991.4,71366.62,0.36245
2026-03-10 16:00:00,71333.3,71422.22,71194.74,71305.96,0.05345
2026-03-10 16:05:00,71208.11,71218.61,70968.8,71146.62,1.01661
2026-03-10 16:10:00,71152.37,71235.88,71047.31,71123.35,0.16246
2026-03-10 16:15:00,71141.0,71398.11,71141.0,71398.11,0.25749
2026-03-10 16:20:00,71400.0,71549.85,71394.06,71549.85,0.04768
2026-03-10 16:25:00,71528.9,71658.61,71357.42,71376.07,0.48246
2026-03-10 16:30:00,71361.67,71402.2,71323.68,71337.02,0.05003
2026-03-10 16:35:00,71427.85,71427.85,71307.83,71307.83,0.08115
2026-03-10 16:40:00,71250.08,71293.9,71233.88,71240.09,0.00423
2026-03-10 16:45:00,71314.51,71323.95,71156.1,71284.55,0.04141
2026-03-10 16:50:00,71233.14,71233.14,71216.06,71217.74,0.00048
2026-03-10 16:55:00,71283.47,71283.47,71211.52,71211.52,0.10109
2026-03-10 17:00:00,71266.33,71270.27,71249.95,71249.95,0.07145
2026-03-10 17:05:00,71276.23,71400.24,71272.44,71349.42,0.02218
2026-03-10 17:10:00,71323.25,71356.61,71220.89,71220.89,0.02856
2026-03-10 17:15:00,71295.3,71295.3,71220.89,71220.89,0.02763
2026-03-10 17:20:00,71240.56,71324.66,71211.44,71281.3,0.16188
2026-03-10 17:25:00,71252.72,71252.72,71025.76,71048.33,0.10838
2026-03-10 17:30:00,71055.92,71177.72,71055.92,71132.9,0.35007
2026-03-10 17:35:00,70900.0,70900.0,70624.4,70642.3,0.10882
2026-03-10 17:40:00,70688.5,70730.49,70559.67,70730.49,0.061
2026-03-10 17:45:00,70666.44,70828.3,70666.44,70827.81,0.32653
2026-03-10 17:50:00,70812.99,70921.71,70812.99,70921.71,0.50297
2026-03-10 17:55:00,70806.55,70890.66,70806.55,70890.66,0.02816
2026-03-10 18:00:00,70854.03,70892.45,70826.87,70890.73,0.02393
2026-03-10 18:05:00,70856.6,70856.6,70714.74,70718.52,0.0495
2026-03-10 18:10:00,70719.8,70816.83,70391.96,70391.96,0.29919
2026-03-10 18:15:00,70488.28,70568.75,70198.84,70254.28,0.11524
2026-03-10 18:20:00,70316.7,70316.7,70153.66,70153.66,0.01255
2026-03-10 18:25:00,70398.14,70416.77,70383.64,70416.77,0.43839
2026-03-10 18:30:00,70330.7,70408.38,70257.92,70322.16,0.13901
2026-03-10 18:35:00,70332.3,70332.3,70112.32,70112.32,0.00463
2026-03-10 18:40:00,70027.87,70096.85,70000.0,70051.2,0.1098
2026-03-10 18:45:00,69974.73,70141.33,69974.73,70125.86,0.01458
2026-03-10 18:50:00,70179.61,70197.85,70014.08,70067.94,0.01891
2026-03-10 18:55:00,70072.47,70072.47,69945.35,69945.35,0.0491
2026-03-10 19:00:00,70055.24,70090.25,70048.82,70081.49,0.0099
2026-03-10 19:05:00,69976.33,70135.48,69938.15,70135.48,0.02598
2026-03-10 19:10:00,70072.81,70091.5,69935.12,69935.12,0.1415
2026-03-10 19:15:00,70088.37,70266.0,70088.37,70266.0,0.22342
2026-03-10 19:20:00,70140.47,70140.47,70008.62,70008.62,0.02646
2026-03-10 19:25:00,70069.47,70069.47,69979.77,69979.77,0.08575
2026-03-10 19:30:00,69953.49,69953.5,69858.1,69858.1,0.09012
2026-03-10 19:35:00,69800.67,69895.15,69759.49,69895.15,0.14991
2026-03-10 19:40:00,69952.79,70087.96,69952.79,70029.24,0.02052
2026-03-10 19:45:00,70019.03,70019.03,70019.03,70019.03,0.00214
2026-03-10 19:50:00,70006.36,70051.14,70006.36,70051.14,0.04764
2026-03-10 19:55:00,69972.84,70061.03,69972.84,70061.03,0.00903
2026-03-10 20:00:00,70024.36,70153.82,70024.36,70153.82,0.04855
2026-03-10 20:05:00,70183.42,70247.65,70109.75,70109.75,0.02748
2026-03-10 20:10:00,70096.23,70105.5,70034.13,70105.5,0.20635
2026-03-10 20:15:00,70038.9,70090.0,70015.37,70090.0,0.05078
2026-03-10 20:20:00,70167.96,70270.06,70167.96,70200.12,0.12068
2026-03-10 20:25:00,70227.74,70227.74,70214.88,70216.65,0.00639
2026-03-10 20:30:00,70266.95,70292.29,70225.5,70245.62,0.09531
2026-03-10 20:35:00,70256.89,70305.77,70256.89,70305.77,0.02933
2026-03-10 20:40:00,70305.04,70317.41,70225.92,70293.38,0.22451
2026-03-10 20:45:00,70269.21,70316.15,70269.21,70274.14,0.01219
2026-03-10 20:50:00,70289.01,70308.59,70258.02,70294.3,0.07449
2026-03-10 20:55:00,70277.12,70277.12,70277.12,70277.12,0.00071
2026-03-10 21:00:00,70236.36,70328.5,70236.36,70328.5,0.01091
2026-03-10 21:05:00,70381.49,70416.67,70307.53,70307.53,0.39865
2026-03-10 21:10:00,70251.73,70251.73,70090.31,70127.76,0.04541
2026-03-10 21:15:00,70140.86,70170.97,70034.47,70045.89,0.09832
2026-03-10 21:20:00,70041.47,70053.84,69980.33,70053.84,0.29233
2026-03-10 21:25:00,70034.75,70051.26,69950.2,69950.2,0.01712
2026-03-10 21:30:00,69993.18,70047.26,69977.67,70011.86,0.01706
2026-03-10 21:35:00,70026.03,70026.03,69759.5,69801.98,0.21178
2026-03-10 21:40:00,69781.14,69781.14,69617.78,69748.09,0.72225
2026-03-10 21:45:00,69673.8,69683.68,69559.98,69683.68,0.17586
2026-03-10 21:50:00,69605.75,69759.25,69605.75,69759.25,0.26713
2026-03-10 21:55:00,69751.64,69810.36,69750.0,69791.69,0.07132
2026-03-10 22:00:00,69828.28,69878.08,69791.1,69791.1,0.04754
2026-03-10 22:05:00,69765.85,69765.85,69617.48,69652.83,0.05698
2026-03-10 22:10:00,69575.95,69648.23,69479.49,69596.94,0.23307
2026-03-10 22:15:00,69597.79,69597.79,69471.79,69505.14,0.24983
2026-03-10 22:20:00,69487.03,69659.59,69484.61,69659.59,0.03137
2026-03-10 22:25:00,69695.0,69730.53,69642.12,69642.12,0.03999
2026-03-10 22:30:00,69608.42,69661.89,69555.53,69563.37,0.04078
2026-03-10 22:35:00,69548.62,69599.54,69492.42,69599.54,0.3902
2026-03-10 22:40:00,69658.9,69687.67,69658.9,69666.06,0.01292
2026-03-10 22:45:00,69623.73,69728.09,69599.28,69728.09,0.0239
2026-03-10 22:50:00,69770.42,69770.42,69706.58,69706.58,0.00952
2026-03-10 22:55:00,69698.76,69698.76,69698.76,69698.76,3e-05
2026-03-10 23:00:00,69778.52,69824.45,69728.11,69728.11,0.02817
2026-03-10 23:05:00,69786.78,69786.78,69737.09,69737.09,0.00492
2026-03-10 23:10:00,69795.86,69836.62,69791.78,69828.84,0.00487
2026-03-10 23:15:00,69811.89,69843.37,69811.89,69836.09,0.00137
2026-03-10 23:20:00,69744.78,69797.11,69744.78,69797.11,0.00845
2026-03-10 23:25:00,69796.02,69802.18,69763.65,69802.18,0.00555
2026-03-10 23:30:00,69799.68,69910.06,69790.45,69869.28,0.20326
2026-03-10 23:35:00,69882.42,69951.85,69880.72,69914.64,0.01411
2026-03-10 23:40:00,69903.82,69925.09,69891.67,69925.09,0.00974
2026-03-10 23:45:00,69906.07,69961.14,69889.64,69926.08,0.01686
2026-03-10 23:50:00,69926.08,69926.08,69856.36,69856.36,0.00351
2026-03-10 23:55:00,69892.25,69937.15,69892.25,69937.15,0.02746
2026-03-11 00:00:00,69900.7,69900.7,69821.65,69845.14,0.06057
2026-03-11 00:05:00,69802.14,70000.0,69779.66,70000.0,0.05762
2026-03-11 00:10:00,69923.72,70064.4,69903.17,70064.09,0.03509
2026-03-11 00:15:00,70055.14,70055.14,69918.71,70009.86,0.0247
2026-03-11 00:20:00,70017.03,70078.29,70015.52,70078.29,0.0626
2026-03-11 00:25:00,70037.69,70153.66,70037.69,70069.9,0.04372
2026-03-11 00:30:00,69983.81,69983.81,69884.62,69884.62,0.00791
2026-03-11 00:35:00,69980.64,69980.64,69893.23,69919.49,0.00042
2026-03-11 00:40:00,69884.45,69884.45,69809.55,69809.55,0.06162
2026-03-11 00:45:00,69867.35,70005.8,69867.35,69997.58,0.06743
2026-03-11 00:50:00,70086.89,70108.06,70057.69,70096.93,0.00145
2026-03-11 00:55:00,70105.93,70105.93,70025.82,70025.82,0.00774
2026-03-11 01:00:00,70071.95,70116.07,69977.2,70004.41,0.00141
2026-03-11 01:05:00,70046.34,70100.89,70035.9,70061.03,0.01293
2026-03-11 01:10:00,70109.9,70142.48,69997.0,70125.75,0.06372
2026-03-11 01:15:00,70009.22,70108.26,70009.22,70108.26,0.05544
2026-03-11 01:20:00,70058.11,70058.11,70017.22,70054.5,0.01705
2026-03-11 01:25:00,70005.27,70053.34,69984.37,70033.09,0.04136
2026-03-11 01:30:00,70033.09,70033.09,70033.09,70033.09,0.0
2026-03-11 01:35:00,69978.0,69978.0,69893.23,69904.17,0.00936
2026-03-11 01:40:00,69904.45,69943.29,69899.9,69921.81,0.00401
2026-03-11 01:45:00,69923.44,69923.44,69923.44,69923.44,0.00407
2026-03-11 01:50:00,69923.44,69923.44,69923.44,69923.44,0.0
2026-03-11 01:55:00,70089.56,70136.78,70080.55,70082.03,0.01791
2026-03-11 02:00:00,70059.06,70059.06,70059.06,70059.06,0.00017
2026-03-11 02:05:00,70062.93,70100.0,70049.5,70049.5,0.10657
2026-03-11 02:10:00,70059.17,70059.17,70003.78,70003.78,0.00903
2026-03-11 02:15:00,70055.43,70055.43,70055.43,70055.43,0.00014
2026-03-11 02:20:00,69954.58,69988.86,69936.23,69988.86,0.02987
2026-03-11 02:25:00,69987.44,69987.44,69970.27,69979.25,0.01595
2026-03-11 02:30:00,69959.04,69972.18,69807.09,69807.09,0.02626
2026-03-11 02:35:00,69821.92,69821.92,69662.56,69738.69,0.15788
2026-03-11 02:40:00,69735.72,69772.46,69681.71,69681.71,0.11673
2026-03-11 02:45:00,69694.07,69710.62,69694.07,69710.62,0.00723
2026-03-11 02:50:00,69701.24,69757.4,69681.71,69757.4,0.00014
2026-03-11 02:55:00,69768.03,69816.2,69768.03,69803.8,0.13947
2026-03-11 03:00:00,69864.58,69921.09,69764.25,69764.25,0.04266
2026-03-11 03:05:00,69712.89,69730.39,69709.36,69709.36,0.14259
2026-03-11 03:10:00,69697.89,69707.2,69676.44,69695.33,0.00645
2026-03-11 03:15:00,69681.86,69709.69,69668.14,69709.69,0.05743
2026-03-11 03:20:00,69587.46,69587.46,69552.7,69552.7,0.0081
2026-03-11 03:25:00,69530.25,69547.31,69530.25,69547.31,0.16028
2026-03-11 03:30:00,69605.09,69605.09,69605.09,69605.09,0.00717
2026-03-11 03:35:00,69599.78,69599.78,69599.78,69599.78,3e-05
2026-03-11 03:40:00,69607.59,69613.17,69543.83,69555.19,0.11639
2026-03-11 03:45:00,69598.69,69598.69,69500.42,69563.37,0.10689
2026-03-11 03:50:00,69614.89,69632.92,69595.42,69595.42,0.05345
2026-03-11 03:55:00,69565.66,69565.66,69553.72,69553.72,0.01046
2026-03-11 04:00:00,69568.9,69598.36,69535.99,69562.57,0.00907
2026-03-11 04:05:00,69541.81,69555.14,69535.97,69539.34,0.01523
2026-03-11 04:10:00,69555.14,69618.43,69555.14,69618.43,0.00084
2026-03-11 04:15:00,69681.87,69681.87,69675.75,69675.75,0.00315
2026-03-11 04:20:00,69675.75,69675.75,69675.75,69675.75,0.0
2026-03-11 04:25:00,69800.0,69994.57,69800.0,69994.57,0.08868
2026-03-11 04:30:00,69980.22,69980.22,69938.55,69938.55,0.00856
2026-03-11 04:35:00,70009.0,70009.0,69946.96,69974.49,0.08012
2026-03-11 04:40:00,69974.16,70039.22,69974.16,69995.75,0.00041
2026-03-11 04:45:00,69996.87,70050.0,69996.87,70050.0,0.00064
2026-03-11 04:50:00,70078.29,70247.65,70078.29,70213.99,0.00593
2026-03-11 04:55:00,70163.07,70163.07,70145.39,70150.45,0.00264
2026-03-11 05:00:00,70164.4,70196.59,70116.29,70116.29,0.04977
2026-03-11 05:05:00,70032.05,70032.05,70016.21,70016.21,0.09506
2026-03-11 05:10:00,70013.52,70013.52,70013.52,70013.52,4e-05
2026-03-11 05:15:00,69994.25,69994.25,69994.25,69994.25,6e-05
2026-03-11 05:20:00,69968.97,69968.97,69968.97,69968.97,0.00063
2026-03-11 05:25:00,69968.97,69968.97,69968.97,69968.97,0.0
2026-03-11 05:30:00,69935.87,69935.87,69897.95,69897.95,0.00048
2026-03-11 05:35:00,69975.2,69975.2,69799.13,69800.96,0.01453
2026-03-11 05:40:00,69781.3,69781.3,69441.45,69441.45,0.01966
2026-03-11 05:45:00,69527.17,69555.21,69525.77,69555.21,0.22978
2026-03-11 05:50:00,69579.94,69579.94,69579.94,69579.94,0.00031
2026-03-11 05:55:00,69574.28,69574.28,69574.28,69574.28,7e-05
2026-03-11 06:00:00,69512.71,69675.89,69512.71,69675.89,0.72655
2026-03-11 06:05:00,69583.72,69684.67,69583.72,69684.67,0.00106
2026-03-11 06:10:00,69650.2,69728.31,69625.0,69728.31,0.00606
2026-03-11 06:15:00,69705.29,69782.15,69686.58,69742.08,0.03847
2026-03-11 06:20:00,69822.67,69828.96,69777.48,69777.48,0.07229
2026-03-11 06:25:00,69777.48,69777.48,69777.48,69777.48,0.0
2026-03-11 06:30:00,69858.1,69927.81,69858.1,69927.81,0.00096
2026-03-11 06:35:00,69927.81,69927.81,69927.81,69927.81,0.0
2026-03-11 06:40:00,69913.58,69913.58,69839.4,69839.4,0.00048
2026-03-11 06:45:00,69839.4,69839.4,69839.4,69839.4,0.0
2026-03-11 06:50:00,69794.7,69974.73,69794.7,69969.28,0.24865
2026-03-11 06:55:00,69969.28,69969.28,69969.28,69969.28,0.0
2026-03-11 07:00:00,69975.12,70044.89,69925.48,69944.52,0.00076
2026-03-11 07:05:00,69895.46,69943.25,69895.46,69928.87,0.00365
2026-03-11 07:10:00,69936.61,69936.61,69886.14,69886.14,0.00339
2026-03-11 07:15:00,69855.11,69855.11,69855.11,69855.11,8e-05
2026-03-11 07:20:00,69841.0,69841.0,69795.38,69795.38,0.01932
2026-03-11 07:25:00,69795.38,69795.38,69795.38,69795.38,0.0
2026-03-11 07:30:00,69772.01,69772.01,69662.7,69662.7,0.00051
2026-03-11 07:35:00,69630.56,69630.56,69559.98,69559.98,0.02344
2026-03-11 07:40:00,69580.17,69592.21,69550.39,69550.55,0.08987
2026-03-11 07:45:00,69601.34,69601.34,69601.34,69601.34,0.00733
2026-03-11 07:50:00,69715.2,69715.2,69715.2,69715.2,0.00072
2026-03-11 07:55:00,69676.92,69676.92,69676.92,69676.92,0.00215
2026-03-11 08:00:00,69737.08,69754.02,69707.76,69754.02,0.0021
2026-03-11 08:05:00,69716.28,69716.28,69668.26,69668.26,0.00035
2026-03-11 08:10:00,69623.2,69623.2,69623.2,69623.2,0.048
2026-03-11 08:15:00,69616.03,69622.63,69616.03,69622.63,0.00646
2026-03-11 08:20:00,69622.63,69622.63,69622.63,69622.63,0.0
2026-03-11 08:25:00,69622.63,69622.63,69622.63,69622.63,0.0
2026-03-11 08:30:00,69517.6,69545.19,69517.6,69545.19,0.00493
2026-03-11 08:35:00,69530.66,69705.28,69530.66,69705.28,0.04007
2026-03-11 08:40:00,69705.28,69705.28,69705.28,69705.28,0.0
2026-03-11 08:45:00,69693.78,69693.78,69693.78,69693.78,0.00215
2026-03-11 08:50:00,69590.94,69590.94,69590.94,69590.94,6e-05
2026-03-11 08:55:00,69641.26,69641.26,69641.26,69641.26,0.04
2026-03-11 09:00:00,69607.85,69607.86,69607.85,69607.86,0.00144
2026-03-11 09:05:00,69615.51,69644.56,69607.86,69644.56,0.00292
2026-03-11 09:10:00,69579.02,69579.02,69579.02,69579.02,0.00215
2026-03-11 09:15:00,69581.94,69599.01,69581.94,69599.01,0.01517
2026-03-11 09:20:00,69609.72,69609.72,69599.0,69599.0,0.11657
2026-03-11 09:25:00,69603.95,69639.09,69574.85,69574.85,0.17224
2026-03-11 09:30:00,69518.81,69518.81,69518.81,69518.81,0.00779
2026-03-11 09:35:00,69527.38,69532.12,69408.43,69408.43,0.1209
2026-03-11 09:40:00,69571.53,69598.36,69571.53,69598.36,0.01264
2026-03-11 09:45:00,69615.38,69648.0,69615.38,69648.0,0.08755
2026-03-11 09:50:00,69655.51,69655.51,69654.74,69655.12,0.05435
2026-03-11 09:55:00,69655.12,69655.12,69655.12,69655.12,0.0
2026-03-11 10:00:00,69452.67,69498.4,69437.09,69498.4,0.00041
2026-03-11 10:05:00,69474.98,69474.98,69421.0,69421.0,0.04275
2026-03-11 10:10:00,69435.57,69484.93,69435.57,69484.93,0.01222
2026-03-11 10:15:00,69484.93,69484.93,69484.93,69484.93,0.0
2026-03-11 10:20:00,69484.93,69484.93,69484.93,69484.93,0.0
2026-03-11 10:25:00,69464.59,69464.59,69464.59,69464.59,7e-05
2026-03-11 10:30:00,69478.31,69478.31,69478.31,69478.31,0.00042
2026-03-11 10:35:00,69520.34,69520.34,69520.34,69520.34,0.00144
2026-03-11 10:40:00,69649.9,69655.76,69641.07,69655.76,0.07109
2026-03-11 10:45:00,69630.04,69630.04,69618.58,69618.58,0.00507
2026-03-11 10:50:00,69630.91,69630.91,69630.91,69630.91,0.00017
2026-03-11 10:55:00,69624.31,69624.31,69624.31,69624.31,0.00717
2026-03-11 11:00:00,69563.03,69600.69,69563.03,69600.69,0.02149
2026-03-11 11:05:00,69623.39,69654.57,69590.48,69642.2,0.00192
2026-03-11 11:10:00,69694.54,69694.54,69590.69,69618.49,0.00168
2026-03-11 11:15:00,69618.49,69618.49,69618.49,69618.49,0.0
2026-03-11 11:20:00,69618.49,69618.49,69618.49,69618.49,0.0
2026-03-11 11:25:00,69500.0,69500.0,69500.0,69500.0,0.18216
2026-03-11 11:30:00,69548.9,69548.9,69548.9,69548.9,9e-05
2026-03-11 11:35:00,69525.7,69562.88,69525.7,69562.88,0.00037
2026-03-11 11:40:00,69470.44,69470.44,69470.44,69470.44,2e-05
2026-03-11 11:45:00,69470.44,69470.44,69470.44,69470.44,0.0
2026-03-11 11:50:00,69376.64,69419.87,69353.46,69361.98,0.00985
2026-03-11 11:55:00,69272.46,69272.46,69171.45,69171.45,0.06011
2026-03-11 12:00:00,69185.7,69227.35,69114.73,69143.42,0.02493
2026-03-11 12:05:00,69083.22,69117.72,68976.27,68976.27,0.02017
2026-03-11 12:10:00,69055.82,69243.7,69055.82,69170.0,0.01178
2026-03-11 12:15:00,69201.0,69222.71,69201.0,69222.71,0.00031
2026-03-11 12:20:00,69328.64,69391.48,69328.64,69391.48,0.00144
2026-03-11 12:25:00,69408.43,69454.1,69373.89,69439.59,0.00332
2026-03-11 12:30:00,69485.94,69750.82,69318.86,69318.86,0.03013
2026-03-11 12:35:00,69267.17,69295.97,69267.17,69290.43,0.02302
2026-03-11 12:40:00,69350.34,69355.8,69293.77,69350.27,0.00409
2026-03-11 12:45:00,69171.45,69171.45,69171.45,69171.45,0.00077
2026-03-11 12:50:00,69291.1,69310.64,69286.97,69286.97,0.00411
2026-03-11 12:55:00,69368.15,69368.15,69343.47,69362.95,0.00162
2026-03-11 13:00:00,69364.28,69384.41,69294.89,69370.31,0.00473
2026-03-11 13:05:00,69420.7,69527.96,69420.7,69439.36,0.01091
2026-03-11 13:10:00,69478.42,69935.5,69478.42,69930.06,0.01304
2026-03-11 13:15:00,69903.78,70051.89,69846.07,69954.98,0.04483
2026-03-11 13:20:00,70112.32,70379.02,70112.32,70267.13,0.41141
2026-03-11 13:25:00,70267.13,70267.13,70267.13,70267.13,0.0
2026-03-11 13:30:00,70269.9,70746.72,70269.9,70746.72,0.42297
2026-03-11 13:35:00,70759.19,71048.28,70567.46,70999.83,0.65147
2026-03-11 13:40:00,71010.8,71094.72,70466.94,70466.94,0.07089
2026-03-11 13:45:00,70488.29,70508.36,70153.66,70153.66,0.02142
2026-03-11 13:50:00,70291.58,70291.58,69974.73,70069.03,0.23441
2026-03-11 13:55:00,70038.2,70195.82,69799.13,70171.45,0.05216
2026-03-11 14:00:00,70229.86,70759.19,70229.86,70401.56,0.66554
2026-03-11 14:05:00,70424.16,70459.8,70208.98,70263.65,0.15028
2026-03-11 14:10:00,70253.19,70265.48,69995.85,70251.09,0.15214
2026-03-11 14:15:00,70218.5,70475.15,70214.51,70457.95,0.05295
2026-03-11 14:20:00,70512.67,70558.19,70413.47,70417.58,0.16693
2026-03-11 14:25:00,70417.58,70644.77,70347.25,70644.77,0.14228
2026-03-11 14:30:00,70698.91,70727.49,70529.18,70534.54,0.01641
2026-03-11 14:35:00,70620.9,70998.79,70612.29,70954.8,0.11
2026-03-11 14:40:00,70833.0,70846.68,70576.19,70576.19,0.01105
2026-03-11 14:45:00,70823.3,70823.3,70703.88,70796.17,0.01596
2026-03-11 14:50:00,70788.72,70803.11,70656.6,70705.47,0.00598
2026-03-11 14:55:00,70748.7,70764.98,70688.4,70764.98,0.01158
2026-03-11 15:00:00,70617.78,70771.9,70372.8,70384.33,0.07347
2026-03-11 15:05:00,70494.48,70494.48,70277.25,70339.24,0.00453
2026-03-11 15:10:00,70241.45,70241.45,70241.45,70241.45,0.0
2026-03-11 15:15:00,70170.66,70170.66,70170.66,70170.66,0.0
2026-03-11 15:20:00,70130.4,70130.4,70130.4,70130.4,0.0
2026-03-11 15:25:00,70290.52,70290.52,70290.52,70290.52,0.0
2026-03-11 15:30:00,70221.11,70221.11,70221.11,70221.11,0.0039
2026-03-11 15:35:00,69898.39,69898.39,69898.39,69898.39,0.0
2026-03-11 15:40:00,70151.6,70151.6,70151.6,70151.6,0.0
2026-03-11 15:45:00,70063.45,70063.45,69991.3,70016.09,0.10598
2026-03-11 15:50:00,69932.53,69932.53,69932.53,69932.53,0.0
2026-03-11 15:55:00,70252.5,70252.5,70252.5,70252.5,0.0
2026-03-11 16:00:00,70270.7,70270.7,70270.7,70270.7,0.0
2026-03-11 16:05:00,70249.95,70249.95,70249.95,70249.95,0.0
2026-03-11 16:10:00,70353.75,70353.75,70353.75,70353.75,0.0
2026-03-11 16:15:00,70462.83,70462.83,70462.83,70462.83,0.0
2026-03-11 16:20:00,70421.23,70421.23,70421.23,70421.23,0.0
2026-03-11 16:25:00,70399.51,70399.51,70399.51,70399.51,0.0
2026-03-11 16:30:00,70477.47,70477.47,70477.47,70477.47,0.0
2026-03-11 16:35:00,70733.99,70733.99,70733.99,70733.99,0.0
2026-03-11 16:40:00,70694.25,70694.25,70694.25,70694.25,0.0
2026-03-11 16:45:00,70780.82,70780.82,70780.82,70780.82,0.0
2026-03-11 16:50:00,70666.64,70666.64,70666.64,70666.64,0.0
2026-03-11 16:55:00,70560.0,70560.0,70560.0,70560.0,0.0
2026-03-11 17:00:00,70577.72,70577.72,70577.72,70577.72,0.0
2026-03-11 17:05:00,70899.48,70899.48,70899.48,70899.48,0.0
2026-03-11 17:10:00,70875.89,70875.89,70875.89,70875.89,0.0
2026-03-11 17:15:00,70866.11,70866.11,70866.11,70866.11,0.0
2026-03-11 17:20:00,71006.19,71006.19,71006.19,71006.19,0.0
2026-03-11 17:25:00,71131.72,71131.72,71131.72,71131.72,0.0
2026-03-11 17:30:00,71281.61,71281.61,71281.61,71281.61,0.0
2026-03-11 17:35:00,71012.4,71012.4,71012.4,71012.4,0.0
2026-03-11 17:40:00,70665.39,70665.39,70665.39,70665.39,0.0
2026-03-11 17:45:00,70665.39,70665.39,70665.39,70665.39,0.0
2026-03-11 17:50:00,70839.92,70839.92,70839.92,70839.92,0.0
2026-03-11 17:55:00,70788.03,70788.03,70788.03,70788.03,0.0
2026-03-11 18:00:00,70773.5,70773.5,70773.5,70773.5,0.0
2026-03-11 18:05:00,70898.4,70898.4,70898.4,70898.4,0.0
2026-03-11 18:10:00,70723.76,70723.76,70723.76,70723.76,0.0
2026-03-11 18:15:00,70786.66,70786.66,70786.66,70786.66,0.0
2026-03-11 18:20:00,70713.14,70713.14,70713.14,70713.14,0.0
2026-03-11 18:25:00,70741.69,70741.69,70741.69,70741.69,0.0
2026-03-11 18:30:00,70641.5,70641.5,70641.5,70641.5,0.0
2026-03-11 18:35:00,70707.56,70707.56,70707.56,70707.56,0.0
2026-03-11 18:40:00,70440.21,70440.21,70440.2,70440.2,0.01022
2026-03-11 18:45:00,70439.81,70439.81,70439.81,70439.81,0.0
2026-03-11 18:50:00,70596.76,70596.76,70596.76,70596.76,0.0
2026-03-11 18:55:00,70691.15,70691.15,70691.15,70691.15,0.0
2026-03-11 19:00:00,70638.01,70638.01,70638.01,70638.01,0.0
2026-03-11 19:05:00,70497.81,70497.81,70497.81,70497.81,0.0
2026-03-11 19:10:00,70507.14,70507.14,70507.14,70507.14,0.0
2026-03-11 19:15:00,70478.95,70478.95,70478.95,70478.95,0.0
2026-03-11 19:20:00,70441.36,70441.36,70441.36,70441.36,0.0
2026-03-11 19:25:00,70561.01,70561.01,70561.01,70561.01,0.0
2026-03-11 19:30:00,70554.99,70554.99,70554.99,70554.99,0.0
2026-03-11 19:35:00,70574.83,70574.83,70574.83,70574.83,0.0
2026-03-11 19:40:00,70735.78,70735.78,70735.78,70735.78,0.0
2026-03-11 19:45:00,70634.7,70634.7,70634.7,70634.7,0.0
2026-03-11 19:50:00,70622.7,70622.7,70622.7,70622.7,0.0
2026-03-11 19:55:00,70664.5,70664.5,70661.54,70661.54,0.00469
2026-03-11 20:00:00,70574.89,70574.89,70574.89,70574.89,0.0
2026-03-11 20:05:00,70537.4,70537.4,70537.4,70537.4,0.0
2026-03-11 20:10:00,70535.45,70535.45,70535.45,70535.45,0.0
2026-03-11 20:15:00,70458.39,70458.39,70458.39,70458.39,0.0
2026-03-11 20:20:00,70512.75,70512.75,70512.75,70512.75,0.0
2026-03-11 20:25:00,70512.84,70512.84,70512.84,70512.84,0.0
2026-03-11 20:30:00,70456.15,70456.15,70456.15,70456.15,0.0
2026-03-11 20:35:00,70505.11,70505.11,70505.11,70505.11,0.0
2026-03-11 20:40:00,70478.46,70478.46,70478.46,70478.46,0.0
2026-03-11 20:45:00,70503.8,70503.8,70503.8,70503.8,0.0
2026-03-11 20:50:00,70579.5,70579.5,70579.5,70579.5,0.0
2026-03-11 20:55:00,70501.13,70501.13,70501.13,70501.13,0.0
2026-03-11 21:00:00,70641.48,70641.48,70641.48,70641.48,0.0
2026-03-11 21:05:00,70661.76,70661.76,70661.76,70661.76,0.0
2026-03-11 21:10:00,70712.09,70712.09,70712.09,70712.09,0.0
2026-03-11 21:15:00,70549.58,70549.58,70549.58,70549.58,0.0
2026-03-11 21:20:00,70521.36,70521.36,70521.36,70521.36,0.0
2026-03-11 21:25:00,70586.19,70586.19,70586.19,70586.19,0.0
2026-03-11 21:30:00,70558.6,70558.6,70558.6,70558.6,0.0
2026-03-11 21:35:00,70642.48,70642.48,70642.48,70642.48,0.0007
2026-03-11 21:40:00,70661.29,70661.29,70661.29,70661.29,0.0
2026-03-11 21:45:00,70615.27,70615.27,70615.27,70615.27,0.0
2026-03-11 21:50:00,70635.42,70635.42,70635.42,70635.42,0.0
2026-03-11 21:55:00,70748.95,70770.18,70748.95,70770.18,0.02822
2026-03-11 22:00:00,70708.25,70708.25,70708.25,70708.25,0.00742
2026-03-11 22:05:00,70748.17,70748.17,70748.17,70748.17,0.0
2026-03-11 22:10:00,70676.63,70676.63,70676.63,70676.63,0.0
2026-03-11 22:15:00,70912.34,70912.34,70912.34,70912.34,0.0
2026-03-11 22:20:00,70739.42,70739.42,70739.42,70739.42,0.0
2026-03-11 22:25:00,70577.79,70577.79,70577.79,70577.79,0.0
2026-03-11 22:30:00,70500.0,70500.0,70500.0,70500.0,0.0
2026-03-11 22:35:00,70400.9,70400.9,70400.9,70400.9,0.0
2026-03-11 22:40:00,70310.57,70310.57,70310.57,70310.57,0.0
2026-03-11 22:45:00,70342.28,70342.28,70342.28,70342.28,0.0
2026-03-11 22:50:00,70412.94,70412.94,70412.94,70412.94,0.0
2026-03-11 22:55:00,70372.61,70372.61,70372.61,70372.61,0.0
2026-03-11 23:00:00,70342.42,70342.42,70342.42,70342.42,0.0
2026-03-11 23:05:00,70423.57,70423.57,70423.57,70423.57,0.0
2026-03-11 23:10:00,70438.38,70438.38,70438.38,70438.38,0.0
2026-03-11 23:15:00,70476.75,70476.75,70476.75,70476.75,0.0
2026-03-11 23:20:00,70386.66,70386.66,70386.66,70386.66,0.0
2026-03-11 23:25:00,70357.97,70357.97,70357.97,70357.97,0.0
2026-03-11 23:30:00,70394.15,70394.15,70394.15,70394.15,0.0
2026-03-11 23:35:00,70336.4,70336.4,70336.4,70336.4,0.0
2026-03-11 23:40:00,70335.68,70335.68,70335.68,70335.68,0.0
2026-03-11 23:45:00,70247.65,70247.65,70247.65,70247.65,0.0
2026-03-11 23:50:00,70153.66,70153.66,70153.66,70153.66,0.0
2026-03-11 23:55:00,70181.6,70181.6,70181.6,70181.6,0.0
2026-03-12 00:00:00,70192.65,70192.65,70192.65,70192.65,0.0
2026-03-12 00:05:00,70178.37,70178.37,70178.37,70178.37,0.0
2026-03-12 00:10:00,70234.56,70234.56,70234.56,70234.56,0.0
2026-03-12 00:15:00,70308.2,70308.2,70308.2,70308.2,0.0
2026-03-12 00:20:00,70215.2,70215.2,70215.2,70215.2,0.0
2026-03-12 00:25:00,70238.3,70238.3,70238.3,70238.3,0.0
2026-03-12 00:30:00,70252.29,70252.29,70252.29,70252.29,0.0
2026-03-12 00:35:00,70201.5,70201.5,70201.5,70201.5,0.0
2026-03-12 00:40:00,70170.23,70170.23,70170.23,70170.23,0.0
2026-03-12 00:45:00,70170.23,70170.23,70170.23,70170.23,0.0
2026-03-12 00:50:00,70244.45,70244.45,70244.45,70244.45,0.0
2026-03-12 00:55:00,70216.72,70216.72,70216.72,70216.72,0.0
2026-03-12 01:00:00,70213.58,70213.58,70213.58,70213.58,0.0
2026-03-12 01:05:00,69977.96,69977.96,69977.96,69977.96,0.0
2026-03-12 01:10:00,69936.2,69936.2,69936.2,69936.2,0.0
2026-03-12 01:15:00,69905.28,69905.28,69905.28,69905.28,0.0
2026-03-12 01:20:00,69971.5,69971.5,69971.5,69971.5,0.0
2026-03-12 01:25:00,69972.35,69972.35,69972.35,69972.35,0.0
2026-03-12 01:30:00,69908.86,69908.86,69908.86,69908.86,0.0
2026-03-12 01:35:00,69861.69,69861.69,69861.69,69861.69,0.0
2026-03-12 01:40:00,69818.15,69818.15,69818.15,69818.15,0.0
2026-03-12 01:45:00,69994.84,69994.84,69994.84,69994.84,0.0
2026-03-12 01:50:00,69852.71,69852.71,69852.71,69852.71,0.0
2026-03-12 01:55:00,69771.01,69771.01,69771.01,69771.01,0.0
2026-03-12 02:00:00,69833.68,69833.68,69833.68,69833.68,0.0
2026-03-12 02:05:00,69835.98,69835.98,69835.98,69835.98,0.0
2026-03-12 02:10:00,69856.38,69856.38,69856.38,69856.38,0.0
2026-03-12 02:15:00,69814.98,69814.98,69814.98,69814.98,0.0
2026-03-12 02:20:00,69620.87,69620.87,69620.87,69620.87,0.00014
2026-03-12 02:25:00,69588.31,69588.31,69588.31,69588.31,0.0
2026-03-12 02:30:00,69648.47,69648.47,69648.47,69648.47,0.0
2026-03-12 02:35:00,69535.34,69535.34,69535.34,69535.34,0.0
2026-03-12 02:40:00,69439.13,69439.13,69439.13,69439.13,0.0
2026-03-12 02:45:00,69426.97,69426.97,69426.97,69426.97,0.0
2026-03-12 02:50:00,69440.47,69440.47,69440.47,69440.47,0.0
2026-03-12 02:55:00,69247.24,69247.24,69247.24,69247.24,0.0
2026-03-12 03:00:00,69344.56,69344.56,69344.56,69344.56,0.0
2026-03-12 03:05:00,69325.36,69325.36,69325.36,69325.36,0.0
2026-03-12 03:10:00,69374.44,69374.44,69374.44,69374.44,4e-05
2026-03-12 03:15:00,69333.2,69333.2,69333.2,69333.2,0.0
2026-03-12 03:20:00,69389.39,69389.39,69389.39,69389.39,0.0
2026-03-12 03:25:00,69452.85,69452.85,69452.85,69452.85,0.0
2026-03-12 03:30:00,69436.05,69436.05,69436.05,69436.05,0.0
2026-03-12 03:35:00,69539.96,69539.96,69539.96,69539.96,0.0
2026-03-12 03:40:00,69538.59,69538.59,69538.59,69538.59,0.0
2026-03-12 03:45:00,69541.99,69541.99,69541.99,69541.99,0.0
2026-03-12 03:50:00,69303.32,69303.32,69303.32,69303.32,0.0
2026-03-12 03:55:00,69409.02,69409.02,69409.02,69409.02,0.0
2026-03-12 04:00:00,69409.02,69409.02,69409.02,69409.02,0.0
2026-03-12 04:05:00,69555.93,69555.93,69555.93,69555.93,0.0
2026-03-12 04:10:00,69640.84,69640.84,69640.84,69640.84,0.0
2026-03-12 04:15:00,69623.79,69623.79,69623.79,69623.79,0.0
2026-03-12 04:20:00,69586.37,69586.37,69586.37,69586.37,0.0
2026-03-12 04:25:00,69513.71,69513.71,69513.71,69513.71,0.0
2026-03-12 04:30:00,69470.67,69470.67,69470.67,69470.67,0.0
2026-03-12 04:35:00,69414.61,69414.61,69414.61,69414.61,0.0
2026-03-12 04:40:00,69407.85,69407.85,69407.85,69407.85,0.0
2026-03-12 04:45:00,69422.28,69422.28,69422.28,69422.28,0.0
2026-03-12 04:50:00,69341.42,69341.42,69341.42,69341.42,0.0
2026-03-12 04:55:00,69362.34,69362.34,69362.34,69362.34,0.0
2026-03-12 05:00:00,69362.34,69362.34,69362.34,69362.34,0.0
2026-03-12 05:05:00,69396.0,69396.0,69396.0,69396.0,0.0
2026-03-12 05:10:00,69444.18,69444.18,69444.18,69444.18,0.0
2026-03-12 05:15:00,69456.42,69456.42,69456.42,69456.42,0.0
2026-03-12 05:20:00,69392.29,69392.29,69392.29,69392.29,0.0
2026-03-12 05:25:00,69222.5,69222.5,69222.5,69222.5,0.0
2026-03-12 05:30:00,69282.79,69282.79,69282.79,69282.79,0.0
2026-03-12 05:35:00,69282.79,69282.79,69282.79,69282.79,0.0
2026-03-12 05:40:00,69349.88,69349.88,69349.88,69349.88,0.0
2026-03-12 05:45:00,69349.88,69349.88,69349.88,69349.88,0.0
2026-03-12 05:50:00,69438.42,69438.42,69438.42,69438.42,0.0
2026-03-12 05:55:00,69434.38,69434.38,69434.38,69434.38,0.0
2026-03-12 06:00:00,69442.97,69442.97,69442.97,69442.97,0.0
2026-03-12 06:05:00,69437.92,69437.92,69437.92,69437.92,0.0
2026-03-12 06:10:00,69448.95,69448.95,69448.95,69448.95,0.0
2026-03-12 06:15:00,69454.61,69454.61,69454.61,69454.61,0.0
2026-03-12 06:20:00,69468.14,69468.14,69468.14,69468.14,0.0
2026-03-12 06:25:00,69476.98,69476.98,69476.98,69476.98,0.0
2026-03-12 06:30:00,69493.98,69493.98,69493.98,69493.98,0.0
2026-03-12 06:35:00,69493.98,69493.98,69493.98,69493.98,0.0
2026-03-12 06:40:00,69460.64,69460.64,69460.64,69460.64,0.0
2026-03-12 06:45:00,69460.64,69460.64,69460.64,69460.64,0.0
2026-03-12 06:50:00,69450.72,69450.72,69450.72,69450.72,0.0
2026-03-12 06:55:00,69450.72,69450.72,69450.72,69450.72,0.0
2026-03-12 07:00:00,69510.22,69510.22,69510.22,69510.22,0.0
2026-03-12 07:05:00,69513.65,69513.65,69513.65,69513.65,0.0
2026-03-12 07:10:00,69452.55,69452.55,69452.55,69452.55,3e-05
2026-03-12 07:15:00,69451.97,69451.97,69451.97,69451.97,0.0
2026-03-12 07:20:00,69547.15,69547.15,69547.15,69547.15,0.0
2026-03-12 07:25:00,69587.72,69587.72,69587.72,69587.72,0.0
2026-03-12 07:30:00,69603.71,69603.71,69603.71,69603.71,0.0
2026-03-12 07:35:00,69667.79,69667.79,69667.79,69667.79,0.0
2026-03-12 07:40:00,69694.95,69694.95,69694.95,69694.95,0.0
2026-03-12 07:45:00,69714.58,69714.58,69714.58,69714.58,0.0
2026-03-12 07:50:00,69795.06,69795.06,69795.06,69795.06,0.0
2026-03-12 07:55:00,69795.06,69795.06,69795.06,69795.06,0.0
2026-03-12 08:00:00,69795.06,69795.06,69795.06,69795.06,0.0
2026-03-12 08:05:00,69858.1,69858.1,69858.1,69858.1,0.0
2026-03-12 08:10:00,69773.78,69773.78,69773.78,69773.78,0.0
2026-03-12 08:15:00,69773.78,69773.78,69773.78,69773.78,0.0
2026-03-12 08:20:00,70029.65,70029.65,70029.65,70029.65,0.0
2026-03-12 08:25:00,69947.44,69947.44,69947.44,69947.44,0.0
2026-03-12 08:30:00,69795.42,69795.42,69795.42,69795.42,0.0
2026-03-12 08:35:00,69844.59,69844.59,69844.59,69844.59,0.0
2026-03-12 08:40:00,69844.59,69844.59,69844.59,69844.59,0.0
2026-03-12 08:45:00,69804.33,69804.33,69804.33,69804.33,0.0
2026-03-12 08:50:00,69813.77,69813.77,69813.77,69813.77,0.0
2026-03-12 08:55:00,69853.21,69853.21,69853.21,69853.21,0.0
2026-03-12 09:00:00,69853.21,69853.21,69853.21,69853.21,0.0
2026-03-12 09:05:00,69853.21,69853.21,69853.21,69853.21,0.0
2026-03-12 09:10:00,69830.46,69830.46,69830.46,69830.46,0.0
2026-03-12 09:15:00,69812.38,69812.38,69812.38,69812.38,0.0
2026-03-12 09:20:00,69692.37,69692.37,69692.37,69692.37,0.0
2026-03-12 09:25:00,69606.68,69606.68,69606.68,69606.68,0.0
2026-03-12 09:30:00,69711.85,69711.85,69711.85,69711.85,0.0
2026-03-12 09:35:00,69711.85,69711.85,69711.85,69711.85,0.0
2026-03-12 09:40:00,69851.43,69851.43,69851.43,69851.43,0.0
2026-03-12 09:45:00,70277.5,70277.5,70277.5,70277.5,0.0
2026-03-12 09:50:00,69942.0,69942.0,69942.0,69942.0,0.0
2026-03-12 09:55:00,69942.0,69942.0,69942.0,69942.0,0.0
2026-03-12 10:00:00,69968.53,69968.53,69968.53,69968.53,0.0
2026-03-12 10:05:00,70032.53,70032.53,70032.53,70032.53,0.0
2026-03-12 10:10:00,70032.53,70032.53,70032.53,70032.53,0.0
2026-03-12 10:15:00,69974.86,69974.86,69974.86,69974.86,0.0
2026-03-12 10:20:00,69974.86,69974.86,69974.86,69974.86,0.0
2026-03-12 10:25:00,70082.49,70082.49,70082.49,70082.49,0.0
2026-03-12 10:30:00,70109.77,70109.77,70109.77,70109.77,0.0
2026-03-12 10:35:00,70173.67,70173.67,70173.67,70173.67,0.0
2026-03-12 10:40:00,70285.83,70285.83,70285.83,70285.83,0.0
2026-03-12 10:45:00,70376.43,70376.43,70376.43,70376.43,0.0
2026-03-12 10:50:00,70382.1,70382.1,70382.1,70382.1,0.002
2026-03-12 10:55:00,70431.54,70431.54,70431.54,70431.54,0.0
2026-03-12 11:00:00,70441.05,70441.05,70441.05,70441.05,0.0
2026-03-12 11:05:00,70491.23,70492.0,70491.23,70492.0,0.07082
2026-03-12 11:10:00,70379.29,70379.29,70379.29,70379.29,0.0
2026-03-12 11:15:00,70421.81,70421.81,70421.81,70421.81,0.0
2026-03-12 11:20:00,70421.81,70421.81,70421.81,70421.81,0.0
2026-03-12 11:25:00,70592.33,70592.33,70592.33,70592.33,0.0
2026-03-12 11:30:00,70414.17,70414.17,70414.17,70414.17,0.0
2026-03-12 11:35:00,70486.21,70486.21,70486.21,70486.21,0.0
2026-03-12 11:40:00,70658.4,70658.4,70658.4,70658.4,0.0
2026-03-12 11:45:00,70680.8,70680.8,70680.8,70680.8,0.0
2026-03-12 11:50:00,70607.61,70607.61,70607.61,70607.61,0.0
2026-03-12 11:55:00,70474.31,70474.31,70474.31,70474.31,0.0
2026-03-12 12:00:00,70434.02,70434.02,70434.02,70434.02,0.0
2026-03-12 12:05:00,70356.05,70356.05,70356.05,70356.05,0.0
2026-03-12 12:10:00,70311.52,70311.52,70311.52,70311.52,0.0
2026-03-12 12:15:00,70364.66,70364.66,70364.66,70364.66,0.0
2026-03-12 12:20:00,70430.63,70430.63,70430.63,70430.63,0.0
2026-03-12 12:25:00,70461.67,70461.67,70461.67,70461.67,0.0
2026-03-12 12:30:00,70422.86,70422.86,70422.86,70422.86,0.0
2026-03-12 12:35:00,70326.0,70326.0,70326.0,70326.0,0.0
2026-03-12 12:40:00,70326.0,70326.0,70326.0,70326.0,0.0
2026-03-12 12:45:00,70364.9,70364.9,70364.9,70364.9,0.0
2026-03-12 12:50:00,70475.3,70475.3,70475.3,70475.3,0.0
2026-03-12 12:55:00,70400.0,70400.0,70400.0,70400.0,0.0
2026-03-12 13:00:00,70400.0,70400.0,70400.0,70400.0,0.0
2026-03-12 13:05:00,70425.23,70425.23,70425.23,70425.23,0.0
2026-03-12 13:10:00,70439.17,70439.17,70439.17,70439.17,3e-05
2026-03-12 13:15:00,70417.7,70417.7,70417.7,70417.7,0.0
2026-03-12 13:20:00,70248.55,70248.55,70248.55,70248.55,0.0
2026-03-12 13:25:00,70091.62,70091.62,70091.62,70091.62,0.0
2026-03-12 13:30:00,70082.06,70082.06,70082.06,70082.06,0.0
2026-03-12 13:35:00,70376.3,70391.93,70376.3,70391.93,0.0007
2026-03-12 13:40:00,70270.54,70270.54,70270.54,70270.54,0.0
2026-03-12 13:45:00,70197.85,70197.85,70197.85,70197.85,0.0
2026-03-12 13:50:00,70055.81,70055.81,70055.81,70055.81,0.00012
2026-03-12 13:55:00,69939.58,69939.58,69939.58,69939.58,0.0
2026-03-12 14:00:00,69988.79,69988.79,69988.79,69988.79,0.01351
2026-03-12 14:05:00,70237.37,70237.37,70237.37,70237.37,0.0
2026-03-12 14:10:00,70228.78,70228.78,70228.78,70228.78,0.0
2026-03-12 14:15:00,70434.02,70456.78,70434.02,70456.78,0.00012
2026-03-12 14:20:00,70163.07,70163.07,70163.07,70163.07,0.0
2026-03-12 14:25:00,70000.0,70000.0,70000.0,70000.0,0.0
2026-03-12 14:30:00,69962.67,69962.67,69962.67,69962.67,0.0
2026-03-12 14:35:00,69748.75,69748.75,69748.75,69748.75,0.0
2026-03-12 14:40:00,69613.42,69613.42,69613.42,69613.42,0.0
2026-03-12 14:45:00,69459.51,69459.51,69459.51,69459.51,0.0
2026-03-12 14:50:00,69408.43,69408.43,69408.43,69408.43,0.0
2026-03-12 14:55:00,69408.43,69408.43,69408.43,69408.43,0.0
2026-03-12 15:00:00,69414.45,69414.45,69414.45,69414.45,0.0
2026-03-12 15:05:00,69759.48,69759.48,69759.48,69759.48,0.0
2026-03-12 15:10:00,69695.97,69695.97,69695.97,69695.97,0.0
2026-03-12 15:15:00,69717.28,69717.28,69717.28,69717.28,0.0
2026-03-12 15:20:00,69870.31,69870.31,69870.31,69870.31,0.0
2026-03-12 15:25:00,69989.4,69989.4,69989.4,69989.4,0.0
2026-03-12 15:30:00,70391.96,70391.96,70391.96,70391.96,0.0
2026-03-12 15:35:00,70296.03,70296.03,70296.03,70296.03,0.0
2026-03-12 15:40:00,70498.23,70498.23,70498.23,70498.23,0.0
2026-03-12 15:45:00,70406.8,70406.8,70406.8,70406.8,0.0
2026-03-12 15:50:00,70437.25,70437.25,70437.25,70437.25,0.0
2026-03-12 15:55:00,70343.47,70343.47,70343.47,70343.47,0.0
2026-03-12 16:00:00,70343.47,70343.47,70343.47,70343.47,0.0
2026-03-12 16:05:00,70415.1,70415.1,70415.1,70415.1,0.0
2026-03-12 16:10:00,69963.47,69963.47,69963.47,69963.47,0.0
2026-03-12 16:15:00,70143.86,70143.86,70143.86,70143.86,0.0
2026-03-12 16:20:00,70287.69,70287.69,70287.69,70287.69,0.0
2026-03-12 16:25:00,70515.15,70515.15,70515.15,70515.15,0.0
2026-03-12 16:30:00,70112.32,70112.32,70112.32,70112.32,0.0
2026-03-12 16:35:00,70280.73,70280.73,70280.73,70280.73,0.0
2026-03-12 16:40:00,70352.25,70352.25,70352.25,70352.25,0.0
2026-03-12 16:45:00,70385.53,70385.53,70385.53,70385.53,0.0
2026-03-12 16:50:00,70506.15,70506.15,70506.15,70506.15,0.0
2026-03-12 16:55:00,70419.22,70419.22,70419.22,70419.22,0.0
2026-03-12 17:00:00,70394.69,70394.69,70394.69,70394.69,0.0
2026-03-12 17:05:00,70458.23,70458.23,70458.23,70458.23,0.0
2026-03-12 17:10:00,70445.96,70445.96,70445.96,70445.96,0.0
2026-03-12 17:15:00,70492.59,70492.59,70492.59,70492.59,0.0
2026-03-12 17:20:00,70317.84,70317.84,70317.84,70317.84,0.0
2026-03-12 17:25:00,70429.41,70429.41,70429.41,70429.41,0.0
2026-03-12 17:30:00,70324.61,70324.61,70324.61,70324.61,0.0
2026-03-12 17:35:00,70370.91,70370.91,70370.91,70370.91,0.0
2026-03-12 17:40:00,70360.35,70360.35,70360.35,70360.35,0.0
2026-03-12 17:45:00,70360.35,70360.35,70360.35,70360.35,0.0
2026-03-12 17:50:00,70360.35,70360.35,70360.35,70360.35,0.0
2026-03-12 17:55:00,70425.89,70425.89,70425.89,70425.89,0.0
2026-03-12 18:00:00,70056.3,70056.3,70056.3,70056.3,0.0
2026-03-12 18:05:00,70138.02,70138.02,70138.02,70138.02,0.00071
2026-03-12 18:10:00,70261.07,70261.07,70261.07,70261.07,0.0
2026-03-12 18:15:00,70219.19,70219.19,70219.19,70219.19,0.0
2026-03-12 18:20:00,70160.96,70160.96,70160.96,70160.96,0.0
2026-03-12 18:25:00,70035.51,70035.51,70035.51,70035.51,0.0
2026-03-12 18:30:00,70070.1,70070.1,70070.1,70070.1,0.0
2026-03-12 18:35:00,70010.86,70010.86,70010.86,70010.86,0.0
2026-03-12 18:40:00,70027.33,70027.33,70027.33,70027.33,0.0
2026-03-12 18:45:00,69938.54,69938.54,69938.54,69938.54,0.0
2026-03-12 18:50:00,69830.27,69830.27,69830.27,69830.27,0.0
2026-03-12 18:55:00,69922.84,69922.84,69922.84,69922.84,0.0
2026-03-12 19:00:00,69800.67,69800.67,69791.42,69791.42,0.00639
2026-03-12 19:05:00,69892.1,69892.1,69892.1,69892.1,0.0
2026-03-12 19:10:00,69926.62,69926.62,69926.62,69926.62,0.0
2026-03-12 19:15:00,69914.85,69914.85,69914.85,69914.85,0.0
2026-03-12 19:20:00,70087.13,70087.13,70087.13,70087.13,0.0
2026-03-12 19:25:00,70170.41,70170.41,70170.41,70170.41,0.0
2026-03-12 19:30:00,70150.23,70150.23,70150.23,70150.23,0.0
2026-03-12 19:35:00,70313.23,70319.47,70297.86,70297.86,0.10773
2026-03-12 19:40:00,70319.23,70319.23,70319.23,70319.23,0.0
2026-03-12 19:45:00,70306.11,70306.11,70306.11,70306.11,0.0
2026-03-12 19:50:00,70444.67,70444.67,70444.67,70444.67,0.00022
2026-03-12 19:55:00,70424.69,70424.69,70424.69,70424.69,0.0
2026-03-12 20:00:00,70485.82,70485.82,70485.82,70485.82,0.0
2026-03-12 20:05:00,70484.2,70484.2,70484.2,70484.2,0.0
2026-03-12 20:10:00,70499.32,70499.32,70499.32,70499.32,0.0
2026-03-12 20:15:00,70379.99,70379.99,70379.99,70379.99,0.0
2026-03-12 20:20:00,70290.29,70290.29,70290.29,70290.29,0.0
2026-03-12 20:25:00,70291.31,70291.31,70291.31,70291.31,0.0
2026-03-12 20:30:00,70347.38,70347.38,70347.38,70347.38,0.0
2026-03-12 20:35:00,70347.38,70347.38,70347.38,70347.38,0.0
2026-03-12 20:40:00,70347.38,70347.38,70347.38,70347.38,0.0
2026-03-12 20:45:00,70172.26,70172.26,70172.26,70172.26,0.0
2026-03-12 20:50:00,70251.17,70251.17,70251.17,70251.17,0.0
2026-03-12 20:55:00,70232.26,70232.26,70232.26,70232.26,0.0
2026-03-12 21:00:00,70169.71,70169.71,70169.71,70169.71,0.0
2026-03-12 21:05:00,70322.03,70322.03,70322.03,70322.03,0.0
2026-03-12 21:10:00,70341.36,70341.36,70341.36,70341.36,0.0
2026-03-12 21:15:00,70405.86,70405.86,70405.86,70405.86,0.0
2026-03-12 21:20:00,70374.09,70374.09,70374.09,70374.09,0.0
2026-03-12 21:25:00,70300.56,70300.56,70300.56,70300.56,0.0
2026-03-12 21:30:00,70282.98,70282.98,70282.98,70282.98,0.0
2026-03-12 21:35:00,70212.2,70212.2,70212.2,70212.2,0.0
2026-03-12 21:40:00,70256.0,70256.0,70256.0,70256.0,0.0
2026-03-12 21:45:00,70192.62,70192.62,70192.62,70192.62,0.0
2026-03-12 21:50:00,70341.75,70341.75,70341.75,70341.75,0.0
2026-03-12 21:55:00,70316.78,70316.78,70316.78,70316.78,0.0
2026-03-12 22:00:00,70301.03,70301.03,70301.03,70301.03,0.0
2026-03-12 22:05:00,70245.54,70245.54,70245.54,70245.54,0.0
2026-03-12 22:10:00,70259.56,70259.56,70259.56,70259.56,0.0
2026-03-12 22:15:00,70223.23,70223.23,70223.23,70223.23,0.0
2026-03-12 22:20:00,70163.33,70163.33,70163.33,70163.33,0.0
2026-03-12 22:25:00,70138.0,70138.0,70138.0,70138.0,0.0
2026-03-12 22:30:00,70138.0,70138.0,70138.0,70138.0,0.0
2026-03-12 22:35:00,70112.32,70112.32,70112.32,70112.32,0.0
2026-03-12 22:40:00,70113.5,70113.5,70113.5,70113.5,0.0
2026-03-12 22:45:00,70070.29,70070.29,70070.29,70070.29,0.0
2026-03-12 22:50:00,70040.72,70040.72,70040.72,70040.72,0.0
2026-03-12 22:55:00,70059.03,70059.03,70059.03,70059.03,0.0
2026-03-12 23:00:00,70206.73,70206.73,70206.73,70206.73,0.0
2026-03-12 23:05:00,70338.08,70338.08,70338.08,70338.08,0.0
2026-03-12 23:10:00,70403.34,70403.34,70403.34,70403.34,0.0
2026-03-12 23:15:00,70466.94,70466.94,70466.94,70466.94,0.0
2026-03-12 23:20:00,70583.87,70583.87,70583.87,70583.87,0.0
2026-03-12 23:25:00,70565.18,70565.18,70565.18,70565.18,0.0
2026-03-12 23:30:00,70545.34,70545.34,70545.34,70545.34,0.00496
2026-03-12 23:35:00,70568.59,70568.59,70568.59,70568.59,0.0
2026-03-12 23:40:00,70535.26,70535.26,70535.26,70535.26,0.0
2026-03-12 23:45:00,70619.89,70619.89,70619.89,70619.89,0.0
2026-03-12 23:50:00,70547.5,70547.5,70547.5,70547.5,0.0
2026-03-12 23:55:00,70561.51,70561.51,70561.51,70561.51,0.0
2026-03-13 00:00:00,70489.42,70489.42,70489.42,70489.42,0.0
2026-03-13 00:05:00,70466.03,70466.03,70466.03,70466.03,0.0
2026-03-13 00:10:00,70606.65,70606.65,70606.65,70606.65,0.0
2026-03-13 00:15:00,71054.62,71054.62,71054.62,71054.62,0.0
2026-03-13 00:20:00,71234.86,71234.86,71234.86,71234.86,0.0
2026-03-13 00:25:00,71576.5,71576.5,71576.5,71576.5,0.0
2026-03-13 00:30:00,71385.86,71385.86,71385.86,71385.86,0.0
2026-03-13 00:35:00,71949.07,71949.07,71949.07,71949.07,0.0
2026-03-13 00:40:00,71728.4,71728.4,71728.4,71728.4,0.0
2026-03-13 00:45:00,71512.54,71512.54,71512.54,71512.54,0.0
2026-03-13 00:50:00,71333.72,71333.72,71333.72,71333.72,0.00411
2026-03-13 00:55:00,71235.2,71235.2,71235.2,71235.2,0.0
2026-03-13 01:00:00,71457.1,71457.1,71455.37,71455.37,0.00298
2026-03-13 01:05:00,71533.04,71533.04,71533.04,71533.04,0.0
2026-03-13 01:10:00,71629.77,71629.77,71629.77,71629.77,0.0
2026-03-13 01:15:00,71597.98,71597.98,71597.98,71597.98,0.0
2026-03-13 01:20:00,71700.03,71700.03,71700.03,71700.03,0.0
2026-03-09 14:05:00,69102.19,69102.19,68753.87,68776.96,0.08704
2026-03-09 14:10:00,68737.84,68856.2,68724.94,68856.2,0.08723
2026-03-09 14:15:00,69085.08,69218.36,69051.36,69072.91,0.15584
2026-03-09 14:20:00,69066.95,69201.67,69010.93,69107.34,0.03222
2026-03-09 14:25:00,69248.73,69248.73,69049.75,69136.91,0.08828
2026-03-09 14:30:00,69283.94,69320.7,69126.12,69128.36,0.06052
2026-03-09 14:35:00,69216.95,69420.0,69216.95,69348.62,0.04929
2026-03-09 14:40:00,69392.18,69471.92,69331.33,69341.76,0.27319
2026-03-09 14:45:00,69399.54,69399.54,69207.86,69207.86,0.24213
2026-03-09 14:50:00,69235.3,69235.3,69235.3,69235.3,0.00105
2026-03-09 14:55:00,69211.61,69211.61,69131.78,69147.49,0.06778
2026-03-09 15:00:00,69218.44,69230.59,69153.31,69153.31,0.00428
2026-03-09 15:05:00,69235.39,69274.33,69027.29,69027.29,0.31706
2026-03-09 15:10:00,69051.71,69158.26,69017.64,69135.44,0.06191
2026-03-09 15:15:00,69223.07,69223.07,69000.0,69000.0,0.05207
2026-03-09 15:20:00,69065.28,69138.11,69049.44,69108.27,0.04166
2026-03-09 15:25:00,69117.95,69155.79,69050.96,69050.96,0.03218
2026-03-09 15:30:00,69055.84,69055.84,68900.0,68993.9,0.09166
2026-03-09 15:35:00,68810.0,68883.99,68750.0,68784.16,0.26077
2026-03-09 15:40:00,68807.91,68814.06,68747.97,68753.61,0.05977
2026-03-09 15:45:00,68882.72,68882.72,68855.82,68873.89,0.01788
2026-03-09 15:50:00,68850.47,68893.73,68794.64,68893.73,0.48507
2026-03-09 15:55:00,68913.53,69055.35,68913.53,69024.16,0.03198
2026-03-09 16:00:00,68851.03,68998.39,68817.54,68941.41,0.06734
2026-03-09 16:05:00,68978.08,69025.38,68869.84,68869.84,0.06195
2026-03-09 16:10:00,68843.13,68843.13,68750.29,68820.64,0.01666
2026-03-09 16:15:00,68804.18,68812.14,68800.0,68812.14,0.86198
2026-03-09 16:20:00,68850.8,68915.49,68850.8,68915.49,0.01918
2026-03-09 16:25:00,68867.35,69005.78,68867.35,69005.78,0.05089
2026-03-09 16:30:00,68993.57,68993.57,68680.34,68738.1,0.02624
2026-03-09 16:35:00,68807.99,68807.99,68807.99,68807.99,0.00768
2026-03-09 16:40:00,69024.91,69125.0,69024.91,69113.29,0.1007
2026-03-09 16:45:00,69014.46,69042.33,68982.4,68989.8,0.00477
2026-03-09 16:50:00,69141.46,69189.68,69141.46,69189.68,0.18399
2026-03-09 16:55:00,68967.11,68967.11,68964.9,68964.9,0.04216
2026-03-09 17:00:00,68993.9,68993.9,68913.01,68949.14,0.00896
2026-03-09 17:05:00,68979.1,69049.09,68979.1,69023.83,0.00291
2026-03-09 17:10:00,69061.83,69073.55,68982.55,68982.55,0.01337
2026-03-09 17:15:00,68982.55,68982.55,68982.55,68982.55,0.0
2026-03-09 17:20:00,68890.2,68890.2,68737.84,68737.84,0.0488
2026-03-09 17:25:00,68744.67,68744.68,68616.99,68616.99,0.0632
2026-03-09 17:30:00,68615.6,68738.31,68589.74,68673.05,0.09888
2026-03-09 17:35:00,68720.04,68720.04,68431.0,68431.0,0.13199
2026-03-09 17:40:00,68375.07,68424.72,68258.5,68414.71,0.04523
2026-03-09 17:45:00,68446.45,68506.27,68421.54,68467.96,0.06537
2026-03-09 17:50:00,68521.01,68627.14,68521.01,68627.14,0.0094
2026-03-09 17:55:00,68624.92,68655.14,68592.01,68653.67,0.05133
2026-03-09 18:00:00,68579.8,68598.91,68487.79,68491.64,0.01733
2026-03-09 18:05:00,68413.64,68458.56,68240.84,68358.7,0.14431
2026-03-09 18:10:00,68409.21,68485.3,68409.21,68463.93,0.01443
2026-03-09 18:15:00,68451.98,68632.36,68451.98,68632.36,0.05943
2026-03-09 18:20:00,68603.69,68603.69,68580.22,68580.23,0.01023
2026-03-09 18:25:00,68577.79,68577.79,68555.64,68555.64,0.06437
2026-03-09 18:30:00,68622.93,68680.5,68572.7,68680.5,0.32203
2026-03-09 18:35:00,68631.75,68631.75,68510.41,68510.41,0.01613
2026-03-09 18:40:00,68510.41,68510.41,68510.41,68510.41,0.0
2026-03-09 18:45:00,68478.04,68478.04,68478.04,68478.04,0.0001
2026-03-09 18:50:00,68423.07,68423.07,68423.07,68423.07,0.00103
2026-03-09 18:55:00,68400.13,68400.13,68343.08,68343.08,0.01531
2026-03-09 19:00:00,68461.89,68487.53,68461.89,68487.53,0.00175
2026-03-09 19:05:00,68455.82,68510.71,68455.82,68484.24,0.0031
2026-03-09 19:10:00,68500.19,68500.19,68433.3,68433.3,0.01013
2026-03-09 19:15:00,68425.48,68787.78,68425.48,68787.78,0.09593
2026-03-09 19:20:00,68803.76,69043.48,68729.51,68951.85,0.06815
2026-03-09 19:25:00,69114.73,69360.0,69114.73,69190.89,0.114
2026-03-09 19:30:00,69381.93,69519.89,69260.33,69303.01,0.23476
2026-03-09 19:35:00,69242.41,69250.34,69005.73,69058.52,0.0662
2026-03-09 19:40:00,68964.17,68964.17,68869.22,68900.87,0.039
2026-03-09 19:45:00,68900.87,68900.87,68900.87,68900.87,0.0
2026-03-09 19:50:00,68900.87,68900.87,68900.87,68900.87,0.0
2026-03-09 19:55:00,68935.98,69007.67,68935.98,69007.67,0.0486
2026-03-09 20:00:00,69006.03,69155.86,68973.33,69006.89,0.05537
2026-03-09 20:05:00,69043.95,69082.17,68962.34,69082.17,0.01208
2026-03-09 20:10:00,68931.31,69032.73,68931.31,69006.39,0.09264
2026-03-09 20:15:00,69004.64,69052.53,68993.55,69052.53,0.05729
2026-03-09 20:20:00,68968.3,68976.48,68968.3,68976.48,0.00011
2026-03-09 20:25:00,68956.93,68956.93,68956.93,68956.93,0.00058
2026-03-09 20:30:00,68905.82,68933.66,68814.49,68814.49,0.02179
2026-03-09 20:35:00,68864.72,68895.91,68864.72,68895.91,0.05252
2026-03-09 20:40:00,68895.22,68925.6,68895.22,68925.6,0.07361
2026-03-09 20:45:00,68853.18,68853.18,68821.14,68821.14,0.01714
2026-03-09 20:50:00,68768.4,68780.26,68768.4,68780.26,0.00125
2026-03-09 20:55:00,69011.98,69011.98,69011.98,69011.98,0.00035
2026-03-09 21:00:00,69084.75,69115.41,69072.05,69079.83,0.05106
2026-03-09 21:05:00,69079.96,69090.6,69050.39,69050.39,0.04954
2026-03-09 21:10:00,69022.28,69097.17,69008.86,69043.97,0.04153
2026-03-09 21:15:00,69063.8,69085.42,69020.52,69020.52,0.00054
2026-03-09 21:20:00,68949.36,68949.36,68852.07,68852.07,0.11311
2026-03-09 21:25:00,68899.46,68900.82,68899.46,68900.82,0.08
2026-03-09 21:30:00,68828.48,68892.24,68828.48,68890.73,0.02219
2026-03-09 21:35:00,68925.53,68925.53,68925.53,68925.53,0.00019
2026-03-09 21:40:00,68753.22,69005.7,68680.34,68958.61,0.15462
2026-03-09 21:45:00,68959.3,68959.3,68905.7,68929.88,0.07697
2026-03-09 21:50:00,68968.34,68995.0,68968.34,68995.0,0.00159
2026-03-09 21:55:00,68975.61,68990.92,68975.61,68983.64,0.05559
2026-03-09 22:00:00,68959.94,69071.91,68935.35,68938.28,0.03012
2026-03-09 22:05:00,68804.85,68854.57,68804.85,68820.27,0.00194
2026-03-09 22:10:00,68744.1,68744.1,68711.43,68711.43,0.00155
2026-03-09 22:15:00,68798.08,68798.08,68798.08,68798.08,0.00014
2026-03-09 22:20:00,68770.24,68770.24,68770.24,68770.24,0.00209
2026-03-09 22:25:00,68849.91,68849.91,68849.91,68849.91,0.00066
2026-03-09 22:30:00,68867.39,68874.79,68817.39,68817.39,0.00172
2026-03-09 22:35:00,68826.71,68826.71,68615.6,68623.69,0.1864
2026-03-09 22:40:00,68674.95,68739.22,68656.19,68739.22,0.14087
2026-03-09 22:45:00,68717.17,68717.17,68681.4,68681.4,0.09652
2026-03-09 22:50:00,68719.9,68719.9,68603.66,68634.0,0.02923
2026-03-09 22:55:00,68634.0,68634.0,68634.0,68634.0,0.0
2026-03-09 23:00:00,68638.98,68644.1,68584.35,68624.92,0.05864
2026-03-09 23:05:00,68593.41,68691.48,68586.08,68691.48,0.00085
2026-03-09 23:10:00,68691.0,68716.59,68674.13,68680.8,0.00285
2026-03-09 23:15:00,68657.24,68657.24,68565.23,68565.23,0.00156
2026-03-09 23:20:00,68559.31,68615.95,68527.83,68615.95,0.04982
2026-03-09 23:25:00,68608.56,68608.56,68608.56,68608.56,0.04
2026-03-09 23:30:00,68575.73,68594.14,68575.73,68589.0,0.0702
2026-03-09 23:35:00,68589.0,68589.0,68589.0,68589.0,0.0
2026-03-09 23:40:00,68566.57,68580.5,68539.71,68539.71,0.12333
2026-03-09 23:45:00,68500.0,68500.0,68488.4,68489.41,0.1414
2026-03-09 23:50:00,68470.68,68470.68,68439.65,68453.15,0.00758
2026-03-09 23:55:00,68435.52,68435.52,68374.92,68374.92,0.01092
2026-03-10 00:00:00,68404.53,68492.14,68404.53,68469.92,0.09889
2026-03-10 00:05:00,68448.15,68482.52,68432.27,68482.52,0.10589
2026-03-10 00:10:00,68437.89,68473.55,68421.66,68421.66,0.05443
2026-03-10 00:15:00,68407.75,68654.64,68407.75,68654.64,0.12818
2026-03-10 00:20:00,68654.64,68654.64,68654.64,68654.64,0.0
2026-03-10 00:25:00,68744.95,69020.24,68744.95,69020.24,0.15615
2026-03-10 00:30:00,68927.58,69038.06,68901.91,69038.06,0.15689
2026-03-10 00:35:00,69066.04,69207.55,68966.12,69163.14,0.51718
2026-03-10 00:40:00,69197.71,69197.71,69151.78,69157.19,0.08855
2026-03-10 00:45:00,69157.19,69303.15,69139.45,69217.44,0.32591
2026-03-10 00:50:00,69185.77,69185.77,69140.92,69140.92,0.00018
2026-03-10 00:55:00,69090.64,69093.68,69045.25,69093.68,0.04034
2026-03-10 01:00:00,69107.3,69242.99,69100.42,69100.42,0.0023
2026-03-10 01:05:00,69107.38,69186.65,69107.38,69160.09,0.00397
2026-03-10 01:10:00,69177.66,69177.66,69117.77,69117.77,0.02233
2026-03-10 01:15:00,69100.03,69100.03,68915.13,68918.82,0.0028
2026-03-10 01:20:00,68897.35,68916.0,68897.35,68916.0,0.00728
2026-03-10 01:25:00,69010.74,69017.42,69010.74,69017.42,0.00874
2026-03-10 01:30:00,68986.28,69004.52,68980.34,68986.2,0.14816
2026-03-10 01:35:00,68797.69,68822.1,68797.69,68822.1,0.05037
2026-03-10 01:40:00,68886.07,68983.23,68886.07,68982.72,0.02208
2026-03-10 01:45:00,68974.54,69008.64,68974.54,69008.63,0.14347
2026-03-10 01:50:00,69283.4,69299.36,69283.4,69299.36,0.00152
2026-03-10 01:55:00,69253.31,69353.46,69253.31,69327.16,0.41706
2026-03-10 02:00:00,69279.25,69356.89,69180.21,69180.21,0.18948
2026-03-10 02:05:00,69157.82,69188.67,69132.34,69145.2,0.00829
2026-03-10 02:10:00,69182.59,69245.68,69168.37,69245.68,0.02484
2026-03-10 02:15:00,69251.29,69251.29,69181.29,69181.29,0.04451
2026-03-10 02:20:00,69310.73,69310.73,69310.73,69310.73,0.01947
2026-03-10 02:25:00,69190.94,69275.53,69190.94,69275.53,0.06418
2026-03-10 02:30:00,69415.49,70022.6,69415.49,70004.24,0.44407
2026-03-10 02:35:00,70017.32,70185.2,69951.29,69951.29,1.08519
2026-03-10 02:40:00,70043.08,70448.95,70043.08,70322.64,0.18519
2026-03-10 02:45:00,70333.41,70569.36,70290.59,70569.36,2.43162
2026-03-10 02:50:00,70527.9,70527.9,70362.55,70362.55,0.28113
2026-03-10 02:55:00,70362.61,70368.55,70255.99,70261.29,0.05941
2026-03-10 03:00:00,70249.66,70308.4,70066.72,70066.72,0.02408
2026-03-10 03:05:00,70072.85,70172.5,70072.85,70171.55,0.03288
2026-03-10 03:10:00,70212.71,70232.98,70200.09,70200.09,0.00409
2026-03-10 03:15:00,70175.2,70231.34,70172.72,70231.34,0.09166
2026-03-10 03:20:00,70174.9,70194.03,70174.9,70194.03,0.00037
2026-03-10 03:25:00,70171.16,70174.66,70132.92,70174.66,0.02046
2026-03-10 03:30:00,70108.61,70122.56,70078.21,70122.56,0.0163
2026-03-10 03:35:00,70069.71,70069.71,70035.42,70061.64,0.40648
2026-03-10 03:40:00,70025.21,70025.21,69858.1,69858.1,0.00274
2026-03-10 03:45:00,69800.67,69800.67,69441.45,69555.9,0.16598
2026-03-10 03:50:00,69408.43,69457.41,69408.43,69457.41,0.00275
2026-03-10 03:55:00,69528.62,69594.36,69457.41,69539.25,0.22121
2026-03-10 04:00:00,69453.26,69618.1,69453.26,69611.42,0.00326
2026-03-10 04:05:00,69615.66,69656.82,69544.75,69582.9,0.03266
2026-03-10 04:10:00,69662.6,69759.49,69662.6,69745.47,0.00567
2026-03-10 04:15:00,69710.57,69710.57,69596.4,69618.5,0.10072
2026-03-10 04:20:00,69640.74,69785.72,69640.74,69728.6,0.04212
2026-03-10 04:25:00,69782.83,69782.83,69782.83,69782.83,0.00768
2026-03-10 04:30:00,69836.03,69858.1,69836.03,69858.1,0.00042
2026-03-10 04:35:00,69932.22,69981.31,69932.22,69968.57,0.04089
2026-03-10 04:40:00,69958.75,69993.46,69958.75,69968.7,0.05205
2026-03-10 04:45:00,69953.26,69953.26,69871.34,69912.6,0.01943
2026-03-10 04:50:00,69934.85,69934.85,69858.26,69911.58,0.01488
2026-03-10 04:55:00,69990.0,70144.4,69990.0,70028.47,0.00746
2026-03-10 05:00:00,70057.47,70241.08,70027.16,70241.08,0.00778
2026-03-10 05:05:00,70177.41,70238.35,70177.41,70194.6,0.00758
2026-03-10 05:10:00,70243.14,70337.2,70177.3,70224.17,0.02561
2026-03-10 05:15:00,70133.21,70309.6,70133.21,70309.6,0.01903
2026-03-10 05:20:00,70158.16,70165.44,70158.16,70165.44,0.00287
2026-03-10 05:25:00,70100.63,70100.63,70029.03,70029.03,0.01826
2026-03-10 05:30:00,70069.9,70134.33,70069.9,70112.69,0.04032
2026-03-10 05:35:00,70112.49,70112.49,69979.06,69979.06,0.00238
2026-03-10 05:40:00,69974.56,69974.56,69930.73,69930.73,0.00026
2026-03-10 05:45:00,69930.73,69930.73,69930.73,69930.73,0.0
2026-03-10 05:50:00,69924.48,69960.2,69924.48,69960.2,0.00078
2026-03-10 05:55:00,69959.23,69959.23,69959.23,69959.23,0.00071
2026-03-10 06:00:00,69941.06,69941.06,69941.06,69941.06,0.00057
2026-03-10 06:05:00,69900.82,69900.82,69878.16,69890.53,0.00527
2026-03-10 06:10:00,69928.49,69928.49,69858.1,69859.77,0.0143
2026-03-10 06:15:00,69841.71,69841.71,69799.13,69804.31,0.0021
2026-03-10 06:20:00,69813.95,69813.95,69759.49,69772.28,0.00979
2026-03-10 06:25:00,70020.74,70112.32,70020.74,70104.09,0.04463
2026-03-10 06:30:00,70120.8,70138.3,70041.95,70041.95,0.04048
2026-03-10 06:35:00,70041.95,70041.95,70041.95,70041.95,0.0
2026-03-10 06:40:00,70041.95,70041.95,70041.95,70041.95,0.0
2026-03-10 06:45:00,69960.81,69972.69,69932.19,69962.3,0.06328
2026-03-10 06:50:00,70035.52,70035.52,69956.07,69956.07,0.01559
2026-03-10 06:55:00,69881.55,69983.4,69881.55,69983.4,0.04749
2026-03-10 07:00:00,69938.89,69938.89,69839.76,69850.9,0.07777
2026-03-10 07:05:00,69875.93,70277.25,69875.93,70150.62,0.53207
2026-03-10 07:10:00,70154.05,70439.26,70154.05,70273.47,0.10145
2026-03-10 07:15:00,70323.64,70394.08,70322.37,70394.08,0.03147
2026-03-10 07:20:00,70380.2,70523.9,70331.28,70523.9,0.09968
2026-03-10 07:25:00,70343.03,70365.77,70340.04,70340.04,0.0071
2026-03-10 07:30:00,70340.04,70340.04,70323.02,70323.02,0.00927
2026-03-10 07:35:00,70312.42,70312.42,70312.42,70312.42,0.0042
2026-03-10 07:40:00,70364.25,70389.69,70335.13,70335.13,0.03343
2026-03-10 07:45:00,70348.6,70402.3,70348.6,70402.3,0.00755
2026-03-10 07:50:00,70490.4,70490.4,70408.0,70408.0,0.00032
2026-03-10 07:55:00,70373.22,70373.22,70341.76,70341.76,0.00855
2026-03-10 08:00:00,70495.0,70508.64,70476.02,70482.89,0.00764
2026-03-10 08:05:00,70545.47,70889.81,70414.2,70846.94,1.18968
2026-03-10 08:10:00,70862.89,70915.9,70793.76,70915.9,0.06403
2026-03-10 08:15:00,70906.97,70958.25,70742.45,70802.19,0.02539
2026-03-10 08:20:00,70955.9,70984.63,70875.0,70875.0,0.01502
2026-03-10 08:25:00,70822.26,70850.95,70822.26,70850.94,0.01481
2026-03-10 08:30:00,70936.04,71007.9,70902.84,71007.9,0.10018
2026-03-10 08:35:00,70962.3,71080.57,70945.3,70951.7,0.13579
2026-03-10 08:40:00,71031.3,71129.08,70987.8,70987.8,0.03505
2026-03-10 08:45:00,70888.24,70888.24,70781.37,70781.37,0.06035
2026-03-10 08:50:00,70765.69,70765.69,70698.91,70698.91,0.01876
2026-03-10 08:55:00,70691.26,70691.26,70661.41,70662.28,0.08556
2026-03-10 09:00:00,70676.65,70676.65,70676.65,70676.65,0.0099
2026-03-10 09:05:00,70753.33,70814.99,70753.33,70753.33,0.00541
2026-03-10 09:10:00,70694.0,70867.5,70694.0,70824.36,0.04099
2026-03-10 09:15:00,70762.08,70881.96,70762.08,70881.96,0.05041
2026-03-10 09:20:00,70875.0,71222.0,70875.0,71179.94,0.29916
2026-03-10 09:25:00,71210.2,71293.39,71069.58,71248.2,0.43234
2026-03-10 09:30:00,71199.3,71294.05,71138.5,71138.5,0.02711
2026-03-10 09:35:00,71199.0,71204.93,71140.12,71140.12,0.02137
2026-03-10 09:40:00,71159.71,71159.71,71063.8,71092.66,0.01723
2026-03-10 09:45:00,70965.15,70977.2,70937.86,70977.2,0.05369
2026-03-10 09:50:00,70977.2,70977.2,70977.2,70977.2,0.0
2026-03-10 09:55:00,71031.4,71074.18,71031.4,71074.18,0.00758
2026-03-10 10:00:00,71029.05,71029.05,71029.05,71029.05,0.00014
2026-03-10 10:05:00,71007.3,71007.3,70942.4,70942.4,0.00048
2026-03-10 10:10:00,70928.95,70933.49,70915.77,70915.77,0.01494
2026-03-10 10:15:00,70857.14,70857.14,70720.79,70818.79,0.29317
2026-03-10 10:20:00,70821.79,70821.79,70763.0,70763.0,0.05291
2026-03-10 10:25:00,70759.91,70776.0,70754.5,70754.5,0.05581
2026-03-10 10:30:00,70801.0,70929.8,70794.89,70902.18,0.04544
2026-03-10 10:35:00,70864.92,70864.92,70698.91,70698.91,0.01424
2026-03-10 10:40:00,70736.1,70736.1,70736.1,70736.1,0.00017
2026-03-10 10:45:00,70735.9,70735.9,70735.9,70735.9,0.00017
2026-03-10 10:50:00,70735.9,70875.96,70656.0,70865.39,1.69201
2026-03-10 10:55:00,70775.33,70775.33,70755.1,70755.7,0.00824
2026-03-10 11:00:00,70722.7,70839.2,70644.77,70839.2,0.01186
2026-03-10 11:05:00,70793.6,70892.1,70714.02,70775.21,0.10271
2026-03-10 11:10:00,70719.36,70719.36,70652.83,70652.83,0.00038
2026-03-10 11:15:00,70628.22,70674.0,70624.96,70674.0,0.00037
2026-03-10 11:20:00,70609.36,70769.84,70600.2,70723.3,0.06308
2026-03-10 11:25:00,70742.14,70742.14,70632.0,70637.9,0.01641
2026-03-10 11:30:00,70599.19,70646.2,70599.19,70644.8,0.00899
2026-03-10 11:35:00,70640.0,70640.0,70630.0,70630.0,0.004
2026-03-10 11:40:00,70572.09,70574.77,70572.09,70573.2,0.00703
2026-03-10 11:45:00,70573.7,70665.53,70573.7,70621.0,0.00632
2026-03-10 11:50:00,70645.9,70665.4,70645.9,70646.41,0.00854
2026-03-10 11:55:00,70647.02,70647.02,70600.52,70600.52,0.06289
2026-03-10 12:00:00,70614.29,70614.29,70493.42,70527.62,0.15755
2026-03-10 12:05:00,70493.24,70520.3,70436.03,70436.03,0.49722
2026-03-10 12:10:00,70411.19,70442.02,70391.96,70442.02,0.47756
2026-03-10 12:15:00,70444.9,70450.72,70444.9,70450.72,0.00054
2026-03-10 12:20:00,70495.35,70543.9,70487.8,70543.9,0.45104
2026-03-10 12:25:00,70492.59,70493.2,70418.5,70418.5,0.20121
2026-03-10 12:30:00,70390.86,70401.49,70332.6,70401.49,0.22126
2026-03-10 12:35:00,70463.54,70463.54,70437.88,70437.88,0.22558
2026-03-10 12:40:00,70406.58,70406.58,70406.58,70406.58,0.0003
2026-03-10 12:45:00,70496.9,70517.26,70496.9,70517.26,0.003
2026-03-10 12:50:00,70522.32,70592.03,70522.32,70592.03,0.71045
2026-03-10 12:55:00,70530.7,70530.7,70489.36,70491.6,0.00434
2026-03-10 13:00:00,70525.6,70626.59,70525.6,70615.9,0.5468
2026-03-10 13:05:00,70607.7,70738.99,70607.7,70738.99,0.51558
2026-03-10 13:10:00,70741.12,70741.12,70715.32,70715.32,0.05761
2026-03-10 13:15:00,70811.67,70827.93,70756.73,70785.52,0.12569
2026-03-10 13:20:00,70722.72,70850.3,70700.0,70842.68,0.0732
2026-03-10 13:25:00,70882.54,70882.54,70835.23,70835.23,0.36928
2026-03-10 13:30:00,70911.7,70916.5,70247.65,70247.65,0.22231
2026-03-10 13:35:00,70229.57,70229.57,69759.49,69780.4,0.49386
2026-03-10 13:40:00,69781.95,70022.78,69762.86,69930.4,1.36016
2026-03-10 13:45:00,69905.7,70149.4,69845.0,70133.2,0.68177
2026-03-10 13:50:00,70135.66,70271.5,70131.59,70224.0,0.45717
2026-03-10 13:55:00,70104.22,70170.47,69927.86,69927.86,1.10393
2026-03-10 14:00:00,69943.43,69947.41,69617.78,69827.0,0.20534
2026-03-10 14:05:00,70034.6,70153.66,69500.0,69621.5,0.14349
2026-03-10 14:10:00,69634.1,69658.3,69427.26,69536.42,0.79653
2026-03-10 14:15:00,69502.3,69606.92,69292.31,69606.92,0.6073
2026-03-10 14:20:00,69660.38,69799.13,69660.38,69765.03,0.29353
2026-03-10 14:25:00,69858.1,69905.94,69792.48,69827.39,0.26726
2026-03-10 14:30:00,69945.66,70023.63,69816.95,69984.02,0.15423
2026-03-10 14:35:00,69947.33,70153.66,69940.52,70153.66,0.28365
2026-03-10 14:40:00,70180.5,70469.63,70180.5,70467.82,0.64937
2026-03-10 14:45:00,70476.7,70650.3,70402.1,70614.08,0.90623
2026-03-10 14:50:00,70698.91,71153.37,70615.2,71022.68,0.75935
2026-03-10 14:55:00,71161.7,71520.0,71161.7,71412.2,1.56811
2026-03-10 15:00:00,71474.22,71774.18,71352.14,71774.18,1.93681
2026-03-10 15:05:00,71705.03,71705.03,71153.37,71277.1,0.37017
2026-03-10 15:10:00,71135.88,71310.16,71123.11,71168.49,0.14319
2026-03-10 15:15:00,71041.67,71223.78,71000.0,71192.4,0.26595
2026-03-10 15:20:00,71207.64,71250.18,71134.65,71250.18,0.11388
2026-03-10 15:25:00,71280.02,71437.22,71226.1,71325.12,0.20711
2026-03-10 15:30:00,71463.34,71610.6,71255.7,71255.7,0.19172
2026-03-10 15:35:00,71302.19,71368.94,71123.11,71123.11,0.1179
2026-03-10 15:40:00,71041.68,71168.31,70978.41,71168.31,0.15995
2026-03-10 15:45:00,71114.09,71127.4,71062.99,71074.92,0.03712
2026-03-10 15:50:00,71107.08,71161.9,70923.51,70937.25,0.02961
2026-03-10 15:55:00,70991.4,71366.62,70991.4,71366.62,0.36245
2026-03-10 16:00:00,71333.3,71422.22,71194.74,71305.96,0.05345
2026-03-10 16:05:00,71208.11,71218.61,70968.8,71146.62,1.01661
2026-03-10 16:10:00,71152.37,71235.88,71047.31,71123.35,0.16246
2026-03-10 16:15:00,71141.0,71398.11,71141.0,71398.11,0.25749
2026-03-10 16:20:00,71400.0,71549.85,71394.06,71549.85,0.04768
2026-03-10 16:25:00,71528.9,71658.61,71357.42,71376.07,0.48246
2026-03-10 16:30:00,71361.67,71402.2,71323.68,71337.02,0.05003
2026-03-10 16:35:00,71427.85,71427.85,71307.83,71307.83,0.08115
2026-03-10 16:40:00,71250.08,71293.9,71233.88,71240.09,0.00423
2026-03-10 16:45:00,71314.51,71323.95,71156.1,71284.55,0.04141
2026-03-10 16:50:00,71233.14,71233.14,71216.06,71217.74,0.00048
2026-03-10 16:55:00,71283.47,71283.47,71211.52,71211.52,0.10109
2026-03-10 17:00:00,71266.33,71270.27,71249.95,71249.95,0.07145
2026-03-10 17:05:00,71276.23,71400.24,71272.44,71349.42,0.02218
2026-03-10 17:10:00,71323.25,71356.61,71220.89,71220.89,0.02856
2026-03-10 17:15:00,71295.3,71295.3,71220.89,71220.89,0.02763
2026-03-10 17:20:00,71240.56,71324.66,71211.44,71281.3,0.16188
2026-03-10 17:25:00,71252.72,71252.72,71025.76,71048.33,0.10838
2026-03-10 17:30:00,71055.92,71177.72,71055.92,71132.9,0.35007
2026-03-10 17:35:00,70900.0,70900.0,70624.4,70642.3,0.10882
2026-03-10 17:40:00,70688.5,70730.49,70559.67,70730.49,0.061
2026-03-10 17:45:00,70666.44,70828.3,70666.44,70827.81,0.32653
2026-03-10 17:50:00,70812.99,70921.71,70812.99,70921.71,0.50297
2026-03-10 17:55:00,70806.55,70890.66,70806.55,70890.66,0.02816
2026-03-10 18:00:00,70854.03,70892.45,70826.87,70890.73,0.02393
2026-03-10 18:05:00,70856.6,70856.6,70714.74,70718.52,0.0495
2026-03-10 18:10:00,70719.8,70816.83,70391.96,70391.96,0.29919
2026-03-10 18:15:00,70488.28,70568.75,70198.84,70254.28,0.11524
2026-03-10 18:20:00,70316.7,70316.7,70153.66,70153.66,0.01255
2026-03-10 18:25:00,70398.14,70416.77,70383.64,70416.77,0.43839
2026-03-10 18:30:00,70330.7,70408.38,70257.92,70322.16,0.13901
2026-03-10 18:35:00,70332.3,70332.3,70112.32,70112.32,0.00463
2026-03-10 18:40:00,70027.87,70096.85,70000.0,70051.2,0.1098
2026-03-10 18:45:00,69974.73,70141.33,69974.73,70125.86,0.01458
2026-03-10 18:50:00,70179.61,70197.85,70014.08,70067.94,0.01891
2026-03-10 18:55:00,70072.47,70072.47,69945.35,69945.35,0.0491
2026-03-10 19:00:00,70055.24,70090.25,70048.82,70081.49,0.0099
2026-03-10 19:05:00,69976.33,70135.48,69938.15,70135.48,0.02598
2026-03-10 19:10:00,70072.81,70091.5,69935.12,69935.12,0.1415
2026-03-10 19:15:00,70088.37,70266.0,70088.37,70266.0,0.22342
2026-03-10 19:20:00,70140.47,70140.47,70008.62,70008.62,0.02646
2026-03-10 19:25:00,70069.47,70069.47,69979.77,69979.77,0.08575
2026-03-10 19:30:00,69953.49,69953.5,69858.1,69858.1,0.09012
2026-03-10 19:35:00,69800.67,69895.15,69759.49,69895.15,0.14991
2026-03-10 19:40:00,69952.79,70087.96,69952.79,70029.24,0.02052
2026-03-10 19:45:00,70019.03,70019.03,70019.03,70019.03,0.00214
2026-03-10 19:50:00,70006.36,70051.14,70006.36,70051.14,0.04764
2026-03-10 19:55:00,69972.84,70061.03,69972.84,70061.03,0.00903
2026-03-10 20:00:00,70024.36,70153.82,70024.36,70153.82,0.04855
2026-03-10 20:05:00,70183.42,70247.65,70109.75,70109.75,0.02748
2026-03-10 20:10:00,70096.23,70105.5,70034.13,70105.5,0.20635
2026-03-10 20:15:00,70038.9,70090.0,70015.37,70090.0,0.05078
2026-03-10 20:20:00,70167.96,70270.06,70167.96,70200.12,0.12068
2026-03-10 20:25:00,70227.74,70227.74,70214.88,70216.65,0.00639
2026-03-10 20:30:00,70266.95,70292.29,70225.5,70245.62,0.09531
2026-03-10 20:35:00,70256.89,70305.77,70256.89,70305.77,0.02933
2026-03-10 20:40:00,70305.04,70317.41,70225.92,70293.38,0.22451
2026-03-10 20:45:00,70269.21,70316.15,70269.21,70274.14,0.01219
2026-03-10 20:50:00,70289.01,70308.59,70258.02,70294.3,0.07449
2026-03-10 20:55:00,70277.12,70277.12,70277.12,70277.12,0.00071
2026-03-10 21:00:00,70236.36,70328.5,70236.36,70328.5,0.01091
2026-03-10 21:05:00,70381.49,70416.67,70307.53,70307.53,0.39865
2026-03-10 21:10:00,70251.73,70251.73,70090.31,70127.76,0.04541
2026-03-10 21:15:00,70140.86,70170.97,70034.47,70045.89,0.09832
2026-03-10 21:20:00,70041.47,70053.84,69980.33,70053.84,0.29233
2026-03-10 21:25:00,70034.75,70051.26,69950.2,69950.2,0.01712
2026-03-10 21:30:00,69993.18,70047.26,69977.67,70011.86,0.01706
2026-03-10 21:35:00,70026.03,70026.03,69759.5,69801.98,0.21178
2026-03-10 21:40:00,69781.14,69781.14,69617.78,69748.09,0.72225
2026-03-10 21:45:00,69673.8,69683.68,69559.98,69683.68,0.17586
2026-03-10 21:50:00,69605.75,69759.25,69605.75,69759.25,0.26713
2026-03-10 21:55:00,69751.64,69810.36,69750.0,69791.69,0.07132
2026-03-10 22:00:00,69828.28,69878.08,69791.1,69791.1,0.04754
2026-03-10 22:05:00,69765.85,69765.85,69617.48,69652.83,0.05698
2026-03-10 22:10:00,69575.95,69648.23,69479.49,69596.94,0.23307
2026-03-10 22:15:00,69597.79,69597.79,69471.79,69505.14,0.24983
2026-03-10 22:20:00,69487.03,69659.59,69484.61,69659.59,0.03137
2026-03-10 22:25:00,69695.0,69730.53,69642.12,69642.12,0.03999
2026-03-10 22:30:00,69608.42,69661.89,69555.53,69563.37,0.04078
2026-03-10 22:35:00,69548.62,69599.54,69492.42,69599.54,0.3902
2026-03-10 22:40:00,69658.9,69687.67,69658.9,69666.06,0.01292
2026-03-10 22:45:00,69623.73,69728.09,69599.28,69728.09,0.0239
2026-03-10 22:50:00,69770.42,69770.42,69706.58,69706.58,0.00952
2026-03-10 22:55:00,69698.76,69698.76,69698.76,69698.76,3e-05
2026-03-10 23:00:00,69778.52,69824.45,69728.11,69728.11,0.02817
2026-03-10 23:05:00,69786.78,69786.78,69737.09,69737.09,0.00492
2026-03-10 23:10:00,69795.86,69836.62,69791.78,69828.84,0.00487
2026-03-10 23:15:00,69811.89,69843.37,69811.89,69836.09,0.00137
2026-03-10 23:20:00,69744.78,69797.11,69744.78,69797.11,0.00845
2026-03-10 23:25:00,69796.02,69802.18,69763.65,69802.18,0.00555
2026-03-10 23:30:00,69799.68,69910.06,69790.45,69869.28,0.20326
2026-03-10 23:35:00,69882.42,69951.85,69880.72,69914.64,0.01411
2026-03-10 23:40:00,69903.82,69925.09,69891.67,69925.09,0.00974
2026-03-10 23:45:00,69906.07,69961.14,69889.64,69926.08,0.01686
2026-03-10 23:50:00,69926.08,69926.08,69856.36,69856.36,0.00351
2026-03-10 23:55:00,69892.25,69937.15,69892.25,69937.15,0.02746
2026-03-11 00:00:00,69900.7,69900.7,69821.65,69845.14,0.06057
2026-03-11 00:05:00,69802.14,70000.0,69779.66,70000.0,0.05762
2026-03-11 00:10:00,69923.72,70064.4,69903.17,70064.09,0.03509
2026-03-11 00:15:00,70055.14,70055.14,69918.71,70009.86,0.0247
2026-03-11 00:20:00,70017.03,70078.29,70015.52,70078.29,0.0626
2026-03-11 00:25:00,70037.69,70153.66,70037.69,70069.9,0.04372
2026-03-11 00:30:00,69983.81,69983.81,69884.62,69884.62,0.00791
2026-03-11 00:35:00,69980.64,69980.64,69893.23,69919.49,0.00042
2026-03-11 00:40:00,69884.45,69884.45,69809.55,69809.55,0.06162
2026-03-11 00:45:00,69867.35,70005.8,69867.35,69997.58,0.06743
2026-03-11 00:50:00,70086.89,70108.06,70057.69,70096.93,0.00145
2026-03-11 00:55:00,70105.93,70105.93,70025.82,70025.82,0.00774
2026-03-11 01:00:00,70071.95,70116.07,69977.2,70004.41,0.00141
2026-03-11 01:05:00,70046.34,70100.89,70035.9,70061.03,0.01293
2026-03-11 01:10:00,70109.9,70142.48,69997.0,70125.75,0.06372
2026-03-11 01:15:00,70009.22,70108.26,70009.22,70108.26,0.05544
2026-03-11 01:20:00,70058.11,70058.11,70017.22,70054.5,0.01705
2026-03-11 01:25:00,70005.27,70053.34,69984.37,70033.09,0.04136
2026-03-11 01:30:00,70033.09,70033.09,70033.09,70033.09,0.0
2026-03-11 01:35:00,69978.0,69978.0,69893.23,69904.17,0.00936
2026-03-11 01:40:00,69904.45,69943.29,69899.9,69921.81,0.00401
2026-03-11 01:45:00,69923.44,69923.44,69923.44,69923.44,0.00407
2026-03-11 01:50:00,69923.44,69923.44,69923.44,69923.44,0.0
2026-03-11 01:55:00,70089.56,70136.78,70080.55,70082.03,0.01791
2026-03-11 02:00:00,70059.06,70059.06,70059.06,70059.06,0.00017
2026-03-11 02:05:00,70062.93,70100.0,70049.5,70049.5,0.10657
2026-03-11 02:10:00,70059.17,70059.17,70003.78,70003.78,0.00903
2026-03-11 02:15:00,70055.43,70055.43,70055.43,70055.43,0.00014
2026-03-11 02:20:00,69954.58,69988.86,69936.23,69988.86,0.02987
2026-03-11 02:25:00,69987.44,69987.44,69970.27,69979.25,0.01595
2026-03-11 02:30:00,69959.04,69972.18,69807.09,69807.09,0.02626
2026-03-11 02:35:00,69821.92,69821.92,69662.56,69738.69,0.15788
2026-03-11 02:40:00,69735.72,69772.46,69681.71,69681.71,0.11673
2026-03-11 02:45:00,69694.07,69710.62,69694.07,69710.62,0.00723
2026-03-11 02:50:00,69701.24,69757.4,69681.71,69757.4,0.00014
2026-03-11 02:55:00,69768.03,69816.2,69768.03,69803.8,0.13947
2026-03-11 03:00:00,69864.58,69921.09,69764.25,69764.25,0.04266
2026-03-11 03:05:00,69712.89,69730.39,69709.36,69709.36,0.14259
2026-03-11 03:10:00,69697.89,69707.2,69676.44,69695.33,0.00645
2026-03-11 03:15:00,69681.86,69709.69,69668.14,69709.69,0.05743
2026-03-11 03:20:00,69587.46,69587.46,69552.7,69552.7,0.0081
2026-03-11 03:25:00,69530.25,69547.31,69530.25,69547.31,0.16028
2026-03-11 03:30:00,69605.09,69605.09,69605.09,69605.09,0.00717
2026-03-11 03:35:00,69599.78,69599.78,69599.78,69599.78,3e-05
2026-03-11 03:40:00,69607.59,69613.17,69543.83,69555.19,0.11639
2026-03-11 03:45:00,69598.69,69598.69,69500.42,69563.37,0.10689
2026-03-11 03:50:00,69614.89,69632.92,69595.42,69595.42,0.05345
2026-03-11 03:55:00,69565.66,69565.66,69553.72,69553.72,0.01046
2026-03-11 04:00:00,69568.9,69598.36,69535.99,69562.57,0.00907
2026-03-11 04:05:00,69541.81,69555.14,69535.97,69539.34,0.01523
2026-03-11 04:10:00,69555.14,69618.43,69555.14,69618.43,0.00084
2026-03-11 04:15:00,69681.87,69681.87,69675.75,69675.75,0.00315
2026-03-11 04:20:00,69675.75,69675.75,69675.75,69675.75,0.0
2026-03-11 04:25:00,69800.0,69994.57,69800.0,69994.57,0.08868
2026-03-11 04:30:00,69980.22,69980.22,69938.55,69938.55,0.00856
2026-03-11 04:35:00,70009.0,70009.0,69946.96,69974.49,0.08012
2026-03-11 04:40:00,69974.16,70039.22,69974.16,69995.75,0.00041
2026-03-11 04:45:00,69996.87,70050.0,69996.87,70050.0,0.00064
2026-03-11 04:50:00,70078.29,70247.65,70078.29,70213.99,0.00593
2026-03-11 04:55:00,70163.07,70163.07,70145.39,70150.45,0.00264
2026-03-11 05:00:00,70164.4,70196.59,70116.29,70116.29,0.04977
2026-03-11 05:05:00,70032.05,70032.05,70016.21,70016.21,0.09506
2026-03-11 05:10:00,70013.52,70013.52,70013.52,70013.52,4e-05
2026-03-11 05:15:00,69994.25,69994.25,69994.25,69994.25,6e-05
2026-03-11 05:20:00,69968.97,69968.97,69968.97,69968.97,0.00063
2026-03-11 05:25:00,69968.97,69968.97,69968.97,69968.97,0.0
2026-03-11 05:30:00,69935.87,69935.87,69897.95,69897.95,0.00048
2026-03-11 05:35:00,69975.2,69975.2,69799.13,69800.96,0.01453
2026-03-11 05:40:00,69781.3,69781.3,69441.45,69441.45,0.01966
2026-03-11 05:45:00,69527.17,69555.21,69525.77,69555.21,0.22978
2026-03-11 05:50:00,69579.94,69579.94,69579.94,69579.94,0.00031
2026-03-11 05:55:00,69574.28,69574.28,69574.28,69574.28,7e-05
2026-03-11 06:00:00,69512.71,69675.89,69512.71,69675.89,0.72655
2026-03-11 06:05:00,69583.72,69684.67,69583.72,69684.67,0.00106
2026-03-11 06:10:00,69650.2,69728.31,69625.0,69728.31,0.00606
2026-03-11 06:15:00,69705.29,69782.15,69686.58,69742.08,0.03847
2026-03-11 06:20:00,69822.67,69828.96,69777.48,69777.48,0.07229
2026-03-11 06:25:00,69777.48,69777.48,69777.48,69777.48,0.0
2026-03-11 06:30:00,69858.1,69927.81,69858.1,69927.81,0.00096
2026-03-11 06:35:00,69927.81,69927.81,69927.81,69927.81,0.0
2026-03-11 06:40:00,69913.58,69913.58,69839.4,69839.4,0.00048
2026-03-11 06:45:00,69839.4,69839.4,69839.4,69839.4,0.0
2026-03-11 06:50:00,69794.7,69974.73,69794.7,69969.28,0.24865
2026-03-11 06:55:00,69969.28,69969.28,69969.28,69969.28,0.0
2026-03-11 07:00:00,69975.12,70044.89,69925.48,69944.52,0.00076
2026-03-11 07:05:00,69895.46,69943.25,69895.46,69928.87,0.00365
2026-03-11 07:10:00,69936.61,69936.61,69886.14,69886.14,0.00339
2026-03-11 07:15:00,69855.11,69855.11,69855.11,69855.11,8e-05
2026-03-11 07:20:00,69841.0,69841.0,69795.38,69795.38,0.01932
2026-03-11 07:25:00,69795.38,69795.38,69795.38,69795.38,0.0
2026-03-11 07:30:00,69772.01,69772.01,69662.7,69662.7,0.00051
2026-03-11 07:35:00,69630.56,69630.56,69559.98,69559.98,0.02344
2026-03-11 07:40:00,69580.17,69592.21,69550.39,69550.55,0.08987
2026-03-11 07:45:00,69601.34,69601.34,69601.34,69601.34,0.00733
2026-03-11 07:50:00,69715.2,69715.2,69715.2,69715.2,0.00072
2026-03-11 07:55:00,69676.92,69676.92,69676.92,69676.92,0.00215
2026-03-11 08:00:00,69737.08,69754.02,69707.76,69754.02,0.0021
2026-03-11 08:05:00,69716.28,69716.28,69668.26,69668.26,0.00035
2026-03-11 08:10:00,69623.2,69623.2,69623.2,69623.2,0.048
2026-03-11 08:15:00,69616.03,69622.63,69616.03,69622.63,0.00646
2026-03-11 08:20:00,69622.63,69622.63,69622.63,69622.63,0.0
2026-03-11 08:25:00,69622.63,69622.63,69622.63,69622.63,0.0
2026-03-11 08:30:00,69517.6,69545.19,69517.6,69545.19,0.00493
2026-03-11 08:35:00,69530.66,69705.28,69530.66,69705.28,0.04007
2026-03-11 08:40:00,69705.28,69705.28,69705.28,69705.28,0.0
2026-03-11 08:45:00,69693.78,69693.78,69693.78,69693.78,0.00215
2026-03-11 08:50:00,69590.94,69590.94,69590.94,69590.94,6e-05
2026-03-11 08:55:00,69641.26,69641.26,69641.26,69641.26,0.04
2026-03-11 09:00:00,69607.85,69607.86,69607.85,69607.86,0.00144
2026-03-11 09:05:00,69615.51,69644.56,69607.86,69644.56,0.00292
2026-03-11 09:10:00,69579.02,69579.02,69579.02,69579.02,0.00215
2026-03-11 09:15:00,69581.94,69599.01,69581.94,69599.01,0.01517
2026-03-11 09:20:00,69609.72,69609.72,69599.0,69599.0,0.11657
2026-03-11 09:25:00,69603.95,69639.09,69574.85,69574.85,0.17224
2026-03-11 09:30:00,69518.81,69518.81,69518.81,69518.81,0.00779
2026-03-11 09:35:00,69527.38,69532.12,69408.43,69408.43,0.1209
2026-03-11 09:40:00,69571.53,69598.36,69571.53,69598.36,0.01264
2026-03-11 09:45:00,69615.38,69648.0,69615.38,69648.0,0.08755
2026-03-11 09:50:00,69655.51,69655.51,69654.74,69655.12,0.05435
2026-03-11 09:55:00,69655.12,69655.12,69655.12,69655.12,0.0
2026-03-11 10:00:00,69452.67,69498.4,69437.09,69498.4,0.00041
2026-03-11 10:05:00,69474.98,69474.98,69421.0,69421.0,0.04275
2026-03-11 10:10:00,69435.57,69484.93,69435.57,69484.93,0.01222
2026-03-11 10:15:00,69484.93,69484.93,69484.93,69484.93,0.0
2026-03-11 10:20:00,69484.93,69484.93,69484.93,69484.93,0.0
2026-03-11 10:25:00,69464.59,69464.59,69464.59,69464.59,7e-05
2026-03-11 10:30:00,69478.31,69478.31,69478.31,69478.31,0.00042
2026-03-11 10:35:00,69520.34,69520.34,69520.34,69520.34,0.00144
2026-03-11 10:40:00,69649.9,69655.76,69641.07,69655.76,0.07109
2026-03-11 10:45:00,69630.04,69630.04,69618.58,69618.58,0.00507
2026-03-11 10:50:00,69630.91,69630.91,69630.91,69630.91,0.00017
2026-03-11 10:55:00,69624.31,69624.31,69624.31,69624.31,0.00717
2026-03-11 11:00:00,69563.03,69600.69,69563.03,69600.69,0.02149
2026-03-11 11:05:00,69623.39,69654.57,69590.48,69642.2,0.00192
2026-03-11 11:10:00,69694.54,69694.54,69590.69,69618.49,0.00168
2026-03-11 11:15:00,69618.49,69618.49,69618.49,69618.49,0.0
2026-03-11 11:20:00,69618.49,69618.49,69618.49,69618.49,0.0
2026-03-11 11:25:00,69500.0,69500.0,69500.0,69500.0,0.18216
2026-03-11 11:30:00,69548.9,69548.9,69548.9,69548.9,9e-05
2026-03-11 11:35:00,69525.7,69562.88,69525.7,69562.88,0.00037
2026-03-11 11:40:00,69470.44,69470.44,69470.44,69470.44,2e-05
2026-03-11 11:45:00,69470.44,69470.44,69470.44,69470.44,0.0
2026-03-11 11:50:00,69376.64,69419.87,69353.46,69361.98,0.00985
2026-03-11 11:55:00,69272.46,69272.46,69171.45,69171.45,0.06011
2026-03-11 12:00:00,69185.7,69227.35,69114.73,69143.42,0.02493
2026-03-11 12:05:00,69083.22,69117.72,68976.27,68976.27,0.02017
2026-03-11 12:10:00,69055.82,69243.7,69055.82,69170.0,0.01178
2026-03-11 12:15:00,69201.0,69222.71,69201.0,69222.71,0.00031
2026-03-11 12:20:00,69328.64,69391.48,69328.64,69391.48,0.00144
2026-03-11 12:25:00,69408.43,69454.1,69373.89,69439.59,0.00332
2026-03-11 12:30:00,69485.94,69750.82,69318.86,69318.86,0.03013
2026-03-11 12:35:00,69267.17,69295.97,69267.17,69290.43,0.02302
2026-03-11 12:40:00,69350.34,69355.8,69293.77,69350.27,0.00409
2026-03-11 12:45:00,69171.45,69171.45,69171.45,69171.45,0.00077
2026-03-11 12:50:00,69291.1,69310.64,69286.97,69286.97,0.00411
2026-03-11 12:55:00,69368.15,69368.15,69343.47,69362.95,0.00162
2026-03-11 13:00:00,69364.28,69384.41,69294.89,69370.31,0.00473
2026-03-11 13:05:00,69420.7,69527.96,69420.7,69439.36,0.01091
2026-03-11 13:10:00,69478.42,69935.5,69478.42,69930.06,0.01304
2026-03-11 13:15:00,69903.78,70051.89,69846.07,69954.98,0.04483
2026-03-11 13:20:00,70112.32,70379.02,70112.32,70267.13,0.41141
2026-03-11 13:25:00,70267.13,70267.13,70267.13,70267.13,0.0
2026-03-11 13:30:00,70269.9,70746.72,70269.9,70746.72,0.42297
2026-03-11 13:35:00,70759.19,71048.28,70567.46,70999.83,0.65147
2026-03-11 13:40:00,71010.8,71094.72,70466.94,70466.94,0.07089
2026-03-11 13:45:00,70488.29,70508.36,70153.66,70153.66,0.02142
2026-03-11 13:50:00,70291.58,70291.58,69974.73,70069.03,0.23441
2026-03-11 13:55:00,70038.2,70195.82,69799.13,70171.45,0.05216
2026-03-11 14:00:00,70229.86,70759.19,70229.86,70401.56,0.66554
2026-03-11 14:05:00,70424.16,70459.8,70208.98,70263.65,0.15028
2026-03-11 14:10:00,70253.19,70265.48,69995.85,70251.09,0.15214
2026-03-11 14:15:00,70218.5,70475.15,70214.51,70457.95,0.05295
2026-03-11 14:20:00,70512.67,70558.19,70413.47,70417.58,0.16693
2026-03-11 14:25:00,70417.58,70644.77,70347.25,70644.77,0.14228
2026-03-11 14:30:00,70698.91,70727.49,70529.18,70534.54,0.01641
2026-03-11 14:35:00,70620.9,70998.79,70612.29,70954.8,0.11
2026-03-11 14:40:00,70833.0,70846.68,70576.19,70576.19,0.01105
2026-03-11 14:45:00,70823.3,70823.3,70703.88,70796.17,0.01596
2026-03-11 14:50:00,70788.72,70803.11,70656.6,70705.47,0.00598
2026-03-11 14:55:00,70748.7,70764.98,70688.4,70764.98,0.01158
2026-03-11 15:00:00,70617.78,70771.9,70372.8,70384.33,0.07347
2026-03-11 15:05:00,70494.48,70494.48,70182.02,70241.45,0.56089
2026-03-11 15:10:00,70401.02,70409.4,70112.32,70170.66,0.01586
2026-03-11 15:15:00,70083.04,70131.3,70083.04,70130.4,0.03343
2026-03-11 15:20:00,70251.13,70369.1,70251.13,70290.52,0.00737
2026-03-11 15:25:00,70450.87,70483.05,70450.87,70483.05,0.01442
2026-03-11 15:30:00,70221.11,70239.19,69716.43,69898.39,0.35283
2026-03-11 15:35:00,70036.33,70200.55,69953.59,70151.6,0.09165
2026-03-11 15:40:00,70247.65,70259.4,70017.24,70057.29,0.23849
2026-03-11 15:45:00,70063.45,70099.66,69932.53,69932.53,0.37538
2026-03-11 15:50:00,70094.98,70257.27,70094.98,70252.5,0.01555
2026-03-11 15:55:00,70203.6,70334.69,70167.99,70270.7,0.33986
2026-03-11 16:00:00,70325.57,70325.57,70249.95,70249.95,0.15556
2026-03-11 16:05:00,70313.83,70404.0,70313.83,70353.75,0.02651
2026-03-11 16:10:00,70427.65,70485.19,70363.36,70462.83,0.0106
2026-03-11 16:15:00,70420.64,70421.23,70300.0,70421.23,0.00354
2026-03-11 16:20:00,70330.28,70614.45,70330.28,70399.51,0.08588
2026-03-11 16:25:00,70468.16,70481.5,70409.18,70477.47,0.00855
2026-03-11 16:30:00,70494.15,70733.99,70494.15,70733.99,0.1929
2026-03-11 16:35:00,70736.47,70775.27,70694.25,70694.25,0.01936
2026-03-11 16:40:00,70568.25,70780.82,70568.25,70780.82,0.00113
2026-03-11 16:45:00,70780.84,70825.7,70666.64,70666.64,0.03005
2026-03-11 16:50:00,70743.74,70750.27,70509.42,70560.0,0.59958
2026-03-11 16:55:00,70658.9,70686.26,70577.72,70577.72,0.00821
2026-03-11 17:00:00,70637.09,70946.79,70594.06,70899.48,0.22467
2026-03-11 17:05:00,70890.6,70955.47,70859.34,70875.89,0.11923
2026-03-11 17:10:00,70914.2,70996.47,70866.11,70866.11,0.10966
2026-03-11 17:15:00,70898.7,71006.19,70898.7,71006.19,0.72036
2026-03-11 17:20:00,71004.74,71181.57,70948.85,71131.72,0.03745
2026-03-11 17:25:00,71181.57,71294.05,71181.01,71281.61,0.01531
2026-03-11 17:30:00,71284.4,71284.4,71012.4,71012.4,0.0055
2026-03-11 17:35:00,71053.9,71053.9,70499.98,70665.39,0.02187
2026-03-11 17:40:00,70665.39,70665.39,70665.39,70665.39,0.0
2026-03-11 17:45:00,70844.49,70910.19,70771.44,70839.92,0.00479
2026-03-11 17:50:00,70899.39,70899.39,70788.03,70788.03,0.0002
2026-03-11 17:55:00,70773.5,70773.5,70773.5,70773.5,8e-05
2026-03-11 18:00:00,70877.28,70898.4,70809.02,70898.4,0.00275
2026-03-11 18:05:00,70865.37,70865.37,70695.28,70723.76,0.00458
2026-03-11 18:10:00,70736.76,70827.7,70630.25,70786.66,0.05152
2026-03-11 18:15:00,70681.77,70786.66,70616.1,70713.14,0.15585
2026-03-11 18:20:00,70786.66,70899.0,70741.69,70741.69,0.34548
2026-03-11 18:25:00,70850.31,70866.98,70641.5,70641.5,0.00972
2026-03-11 18:30:00,70706.94,70721.34,70706.94,70707.56,0.00426
2026-03-11 18:35:00,70669.04,70698.62,70466.94,70466.94,0.01807
2026-03-11 18:40:00,70440.21,70559.43,70439.81,70439.81,0.04138
2026-03-11 18:45:00,70507.28,70596.76,70452.55,70596.76,0.03423
2026-03-11 18:50:00,70753.85,70753.85,70691.15,70691.15,0.01473
2026-03-11 18:55:00,70745.8,70745.8,70632.94,70638.01,0.0314
2026-03-11 19:00:00,70500.0,70580.29,70497.81,70497.81,0.05107
2026-03-11 19:05:00,70515.18,70582.94,70507.14,70507.14,0.01334
2026-03-11 19:10:00,70497.29,70524.85,70391.97,70478.95,0.29685
2026-03-11 19:15:00,70440.87,70441.36,70373.78,70441.36,0.03684
2026-03-11 19:20:00,70517.02,70572.82,70517.02,70561.01,0.01576
2026-03-11 19:25:00,70551.27,70584.12,70551.27,70554.99,0.00579
2026-03-11 19:30:00,70543.95,70574.83,70504.33,70574.83,0.00069
2026-03-11 19:35:00,70673.78,70735.78,70646.7,70735.78,0.21624
2026-03-11 19:40:00,70689.76,70689.76,70631.51,70634.7,0.0179
2026-03-11 19:45:00,70657.47,70678.13,70622.7,70622.7,0.11157
2026-03-11 19:50:00,70685.42,70720.01,70635.9,70680.59,0.1432
2026-03-11 19:55:00,70664.5,70664.5,70527.02,70574.89,0.08522
2026-03-11 20:00:00,70610.21,70652.12,70512.37,70537.4,0.06689
2026-03-11 20:05:00,70522.67,70535.45,70511.09,70535.45,0.00298
2026-03-11 20:10:00,70485.61,70491.65,70445.78,70458.39,0.07052
2026-03-11 20:15:00,70426.57,70512.75,70426.57,70512.75,0.0284
2026-03-11 20:20:00,70512.84,70512.84,70512.84,70512.84,0.00014
2026-03-11 20:25:00,70435.1,70456.15,70435.1,70456.15,0.00219
2026-03-11 20:30:00,70457.64,70511.79,70457.64,70505.11,0.01531
2026-03-11 20:35:00,70505.11,70533.75,70478.46,70478.46,0.00119
2026-03-11 20:40:00,70530.61,70530.61,70503.8,70503.8,0.00059
2026-03-11 20:45:00,70561.21,70579.5,70561.21,70579.5,0.00042
2026-03-11 20:50:00,70575.67,70575.67,70501.13,70501.13,0.01937
2026-03-11 20:55:00,70548.52,70665.34,70548.52,70641.48,0.00136
2026-03-11 21:00:00,70712.75,70715.0,70639.04,70661.76,0.00813
2026-03-11 21:05:00,70711.97,70712.09,70704.72,70712.09,0.00282
2026-03-11 21:10:00,70670.7,70681.06,70531.14,70549.58,0.00318
2026-03-11 21:15:00,70528.45,70528.45,70521.36,70521.36,0.00797
2026-03-11 21:20:00,70550.81,70586.19,70550.81,70586.19,0.00785
2026-03-11 21:25:00,70558.6,70558.6,70558.6,70558.6,0.00012
2026-03-11 21:30:00,70605.98,70626.17,70605.98,70626.17,0.00098
2026-03-11 21:35:00,70642.48,70691.14,70642.48,70661.29,0.00387
2026-03-11 21:40:00,70611.63,70615.27,70611.63,70615.27,0.00031
2026-03-11 21:45:00,70586.79,70635.42,70586.79,70635.42,0.01069
2026-03-11 21:50:00,70741.0,70750.39,70741.0,70750.39,0.07358
2026-03-11 21:55:00,70748.95,70770.18,70732.43,70732.43,0.02866
2026-03-11 22:00:00,70708.25,70796.89,70708.25,70748.17,0.00988
2026-03-11 22:05:00,70730.84,70730.84,70670.06,70676.63,0.02447
2026-03-11 22:10:00,70687.15,70912.34,70687.15,70912.34,0.11334
2026-03-11 22:15:00,70788.08,70788.08,70683.34,70739.42,0.00171
2026-03-11 22:20:00,70714.04,70714.04,70577.79,70577.79,0.00115
2026-03-11 22:25:00,70577.79,70577.79,70500.0,70500.0,0.10999
2026-03-11 22:30:00,70491.42,70491.42,70400.9,70400.9,0.00997
2026-03-11 22:35:00,70391.96,70391.96,70292.0,70310.57,0.00064
2026-03-11 22:40:00,70369.67,70369.67,70342.28,70342.28,0.00038
2026-03-11 22:45:00,70398.03,70451.38,70398.03,70412.94,0.10866
2026-03-11 22:50:00,70433.12,70449.97,70372.61,70372.61,0.01676
2026-03-11 22:55:00,70280.0,70342.42,70247.65,70342.42,0.00095
2026-03-11 23:00:00,70424.41,70496.58,70420.5,70423.57,0.00457
2026-03-11 23:05:00,70443.02,70481.58,70438.38,70438.38,0.00354
2026-03-11 23:10:00,70465.97,70484.63,70452.47,70476.75,0.00275
2026-03-11 23:15:00,70432.23,70432.23,70368.0,70386.66,0.00123
2026-03-11 23:20:00,70357.97,70357.97,70357.97,70357.97,0.002
2026-03-11 23:25:00,70372.14,70394.15,70372.14,70394.15,0.05954
2026-03-11 23:30:00,70344.1,70344.1,70336.4,70336.4,0.0005
2026-03-11 23:35:00,70345.67,70387.33,70335.68,70335.68,0.00846
2026-03-11 23:40:00,70247.65,70247.65,70247.65,70247.65,0.0019
2026-03-11 23:45:00,70274.81,70274.81,70153.66,70153.66,0.00259
2026-03-11 23:50:00,70234.56,70317.99,70181.6,70181.6,0.00067
2026-03-11 23:55:00,70192.65,70192.65,70192.65,70192.65,0.00711
2026-03-12 00:00:00,70207.97,70224.29,70178.37,70178.37,0.00235
2026-03-12 00:05:00,70187.31,70234.56,70171.18,70234.56,0.0088
2026-03-12 00:10:00,70268.36,70308.2,70268.36,70308.2,0.00622
2026-03-12 00:15:00,70264.03,70308.2,70192.92,70215.2,0.18563
2026-03-12 00:20:00,70221.2,70238.3,70173.95,70238.3,0.02135
2026-03-12 00:25:00,70321.27,70321.27,70252.29,70252.29,0.02086
2026-03-12 00:30:00,70206.95,70206.95,70201.5,70201.5,0.00081
2026-03-12 00:35:00,70228.94,70228.94,70170.23,70170.23,0.00039
2026-03-12 00:40:00,70170.23,70170.23,70170.23,70170.23,0.0
2026-03-12 00:45:00,70234.07,70244.45,70196.71,70244.45,0.00012
2026-03-12 00:50:00,70228.97,70238.07,70192.62,70216.72,0.00805
2026-03-12 00:55:00,70213.58,70213.58,70213.58,70213.58,2e-05
2026-03-12 01:00:00,70214.96,70221.42,69967.71,69977.96,0.0193
2026-03-12 01:05:00,69981.14,69981.14,69893.51,69936.2,0.02059
2026-03-12 01:10:00,70015.46,70015.46,69885.64,69905.28,0.03553
2026-03-12 01:15:00,69885.64,69971.5,69885.64,69971.5,0.00281
2026-03-12 01:20:00,69971.5,69972.35,69920.15,69972.35,0.03352
2026-03-12 01:25:00,69936.98,70001.04,69908.86,69908.86,0.03595
2026-03-12 01:30:00,69930.83,69967.36,69800.68,69861.69,0.03152
2026-03-12 01:35:00,69818.06,69848.97,69818.06,69818.15,0.00066
2026-03-12 01:40:00,69907.42,69994.84,69907.42,69994.84,0.04854
2026-03-12 01:45:00,69954.96,69954.96,69852.71,69852.71,0.00735
2026-03-12 01:50:00,69800.67,69800.67,69771.01,69771.01,0.07351
2026-03-12 01:55:00,69800.46,69833.68,69800.46,69833.68,0.00024
2026-03-12 02:00:00,69833.76,69851.78,69833.76,69835.98,0.00027
2026-03-12 02:05:00,69835.75,69885.51,69796.4,69856.38,0.00286
2026-03-12 02:10:00,69854.77,69854.77,69814.98,69814.98,0.00256
2026-03-12 02:15:00,69798.34,69817.13,69617.1,69617.1,0.04962
2026-03-12 02:20:00,69620.87,69620.87,69522.91,69588.31,0.05347
2026-03-12 02:25:00,69656.13,69656.13,69648.47,69648.47,0.00226
2026-03-12 02:30:00,69538.0,69538.0,69535.34,69535.34,0.00018
2026-03-12 02:35:00,69584.61,69584.61,69417.74,69439.13,0.01861
2026-03-12 02:40:00,69439.13,69439.13,69376.64,69426.97,0.00687
2026-03-12 02:45:00,69480.75,69480.75,69425.92,69440.47,0.00327
2026-03-12 02:50:00,69416.26,69416.26,69247.24,69247.24,0.01044
2026-03-12 02:55:00,69344.56,69344.56,69344.56,69344.56,0.00094
2026-03-12 03:00:00,69284.17,69329.7,69258.06,69325.36,0.0465
2026-03-12 03:05:00,69382.15,69408.74,69382.15,69386.83,0.01404
2026-03-12 03:10:00,69374.44,69385.93,69333.19,69333.2,0.02106
2026-03-12 03:15:00,69382.83,69389.39,69382.83,69389.39,0.00102
2026-03-12 03:20:00,69464.01,69488.13,69452.85,69452.85,0.34953
2026-03-12 03:25:00,69418.86,69436.05,69401.34,69436.05,0.00203
2026-03-12 03:30:00,69418.38,69539.96,69418.38,69539.96,0.00216
2026-03-12 03:35:00,69539.13,69539.13,69531.09,69538.59,0.00097
2026-03-12 03:40:00,69574.19,69581.42,69541.99,69541.99,0.00018
2026-03-12 03:45:00,69564.5,69564.5,69303.32,69303.32,0.00968
2026-03-12 03:50:00,69372.62,69409.02,69372.62,69409.02,0.00342
2026-03-12 03:55:00,69409.02,69409.02,69409.02,69409.02,0.0
2026-03-12 04:00:00,69458.7,69555.93,69458.7,69555.93,0.00085
2026-03-12 04:05:00,69557.76,69661.89,69557.76,69640.84,0.00115
2026-03-12 04:10:00,69638.31,69638.31,69618.74,69623.79,0.00124
2026-03-12 04:15:00,69598.14,69612.39,69580.82,69586.37,0.00358
2026-03-12 04:20:00,69513.71,69513.71,69513.71,69513.71,0.01774
2026-03-12 04:25:00,69503.85,69503.85,69470.67,69470.67,0.00724
2026-03-12 04:30:00,69414.61,69414.61,69414.61,69414.61,0.0002
2026-03-12 04:35:00,69360.12,69407.85,69303.09,69407.85,0.04421
2026-03-12 04:40:00,69422.28,69422.28,69422.28,69422.28,0.00021
2026-03-12 04:45:00,69376.83,69378.58,69341.42,69341.42,0.01336
2026-03-12 04:50:00,69350.38,69362.34,69350.38,69362.34,0.00018
2026-03-12 04:55:00,69362.34,69362.34,69362.34,69362.34,0.0
2026-03-12 05:00:00,69347.33,69396.0,69338.28,69396.0,0.00184
2026-03-12 05:05:00,69384.83,69444.18,69384.83,69444.18,0.00123
2026-03-12 05:10:00,69442.28,69456.42,69442.28,69456.42,0.00033
2026-03-12 05:15:00,69392.29,69392.29,69392.29,69392.29,0.00101
2026-03-12 05:20:00,69351.98,69351.98,69222.5,69222.5,0.04156
2026-03-12 05:25:00,69282.79,69282.79,69282.79,69282.79,0.0042
2026-03-12 05:30:00,69282.79,69282.79,69282.79,69282.79,0.0
2026-03-12 05:35:00,69349.88,69349.88,69349.88,69349.88,0.00054
2026-03-12 05:40:00,69349.88,69349.88,69349.88,69349.88,0.0
2026-03-12 05:45:00,69456.72,69461.27,69438.42,69438.42,0.00367
2026-03-12 05:50:00,69404.6,69434.38,69404.6,69434.38,0.00036
2026-03-12 05:55:00,69442.97,69442.97,69442.97,69442.97,0.01437
2026-03-12 06:00:00,69437.92,69437.92,69437.92,69437.92,0.04686
2026-03-12 06:05:00,69400.74,69448.95,69400.74,69448.95,0.00819
2026-03-12 06:10:00,69414.37,69465.63,69414.37,69454.61,0.00146
2026-03-12 06:15:00,69448.5,69468.14,69448.5,69468.14,0.06197
2026-03-12 06:20:00,69499.12,69530.89,69476.98,69476.98,0.06073
2026-03-12 06:25:00,69469.58,69504.69,69469.58,69493.98,0.03263
2026-03-12 06:30:00,69493.98,69493.98,69493.98,69493.98,0.0
2026-03-12 06:35:00,69496.24,69496.24,69460.64,69460.64,0.00025
2026-03-12 06:40:00,69460.64,69460.64,69460.64,69460.64,0.0
2026-03-12 06:45:00,69482.14,69482.14,69450.72,69450.72,0.01269
2026-03-12 06:50:00,69450.72,69450.72,69450.72,69450.72,0.0
2026-03-12 06:55:00,69510.22,69510.22,69510.22,69510.22,9e-05
2026-03-12 07:00:00,69503.98,69513.65,69489.09,69513.65,0.00196
2026-03-12 07:05:00,69476.96,69476.96,69453.76,69453.76,0.00222
2026-03-12 07:10:00,69452.55,69495.09,69451.97,69451.97,0.00297
2026-03-12 07:15:00,69567.54,69567.54,69547.15,69547.15,0.00934
2026-03-12 07:20:00,69569.84,69620.56,69569.84,69587.72,0.00936
2026-03-12 07:25:00,69633.24,69633.24,69603.71,69603.71,9e-05
2026-03-12 07:30:00,69667.79,69667.79,69667.79,69667.79,0.04562
2026-03-12 07:35:00,69690.09,69740.38,69653.5,69694.95,0.04471
2026-03-12 07:40:00,69712.7,69714.58,69712.7,69714.58,0.14307
2026-03-12 07:45:00,69719.63,69799.13,69719.63,69795.06,0.01414
2026-03-12 07:50:00,69795.06,69795.06,69795.06,69795.06,0.0
2026-03-12 07:55:00,69795.06,69795.06,69795.06,69795.06,0.0
2026-03-12 08:00:00,69858.1,69858.1,69858.1,69858.1,0.00017
2026-03-12 08:05:00,69845.07,69845.07,69773.78,69773.78,0.00073
2026-03-12 08:10:00,69773.78,69773.78,69773.78,69773.78,0.0
2026-03-12 08:15:00,69920.0,70084.77,69920.0,70029.65,0.00405
2026-03-12 08:20:00,69947.44,69947.44,69947.44,69947.44,0.00014
2026-03-12 08:25:00,69842.42,69842.42,69795.42,69795.42,0.00749
2026-03-12 08:30:00,69844.59,69844.59,69844.59,69844.59,0.00021
2026-03-12 08:35:00,69844.59,69844.59,69844.59,69844.59,0.0
2026-03-12 08:40:00,69803.13,69804.33,69803.13,69804.33,0.05122
2026-03-12 08:45:00,69813.77,69813.77,69813.77,69813.77,0.01314
2026-03-12 08:50:00,69853.21,69853.21,69853.21,69853.21,0.00782
2026-03-12 08:55:00,69853.21,69853.21,69853.21,69853.21,0.0
2026-03-12 09:00:00,69853.21,69853.21,69853.21,69853.21,0.0
2026-03-12 09:05:00,69830.46,69830.46,69830.46,69830.46,0.00018
2026-03-12 09:10:00,69820.34,69820.34,69812.38,69812.38,0.01029
2026-03-12 09:15:00,69765.18,69765.18,69665.73,69692.37,0.06663
2026-03-12 09:20:00,69606.68,69606.68,69606.68,69606.68,0.0093
2026-03-12 09:25:00,69711.85,69711.85,69711.85,69711.85,0.00762
2026-03-12 09:30:00,69711.85,69711.85,69711.85,69711.85,0.0
2026-03-12 09:35:00,69851.43,69851.43,69851.43,69851.43,0.00097
2026-03-12 09:40:00,69939.04,70277.5,69939.04,70277.5,0.01394
2026-03-12 09:45:00,70317.37,70372.33,69942.0,69942.0,0.01002
2026-03-12 09:50:00,69942.0,69942.0,69942.0,69942.0,0.0
2026-03-12 09:55:00,69968.53,69968.53,69968.53,69968.53,0.00037
2026-03-12 10:00:00,70051.5,70051.5,70032.53,70032.53,0.00031
2026-03-12 10:05:00,70032.53,70032.53,70032.53,70032.53,0.0
2026-03-12 10:10:00,69917.28,69974.86,69917.28,69974.86,0.0007
2026-03-12 10:15:00,69974.86,69974.86,69974.86,69974.86,0.0
2026-03-12 10:20:00,70082.49,70082.49,70082.49,70082.49,0.01533
2026-03-12 10:25:00,70137.15,70137.15,70109.77,70109.77,0.004
2026-03-12 10:30:00,70229.7,70229.7,70173.67,70173.67,0.00543
2026-03-12 10:35:00,70277.5,70339.12,70277.5,70285.83,0.00925
2026-03-12 10:40:00,70391.96,70436.99,70376.43,70376.43,0.12839
2026-03-12 10:45:00,70420.0,70493.42,70396.01,70396.01,0.04166
2026-03-12 10:50:00,70382.1,70431.54,70382.1,70431.54,0.08348
2026-03-12 10:55:00,70439.4,70441.05,70439.4,70441.05,0.01905
2026-03-12 11:00:00,70441.05,70441.05,70441.05,70441.05,0.0
2026-03-12 11:05:00,70491.23,70492.0,70379.29,70379.29,0.07245
2026-03-12 11:10:00,70491.53,70498.23,70328.53,70421.81,0.08518
2026-03-12 11:15:00,70421.81,70421.81,70421.81,70421.81,0.0
2026-03-12 11:20:00,70536.84,70592.33,70536.84,70592.33,0.00247
2026-03-12 11:25:00,70520.05,70520.05,70414.17,70414.17,0.00336
2026-03-12 11:30:00,70486.21,70486.21,70486.21,70486.21,0.00013
2026-03-12 11:35:00,70644.77,70678.15,70644.77,70658.4,0.00336
2026-03-12 11:40:00,70669.09,70720.15,70661.19,70680.8,0.08236
2026-03-12 11:45:00,70753.88,70773.27,70607.61,70607.61,0.01517
2026-03-12 11:50:00,70537.05,70537.05,70466.51,70474.31,0.00344
2026-03-12 11:55:00,70468.68,70468.68,70434.02,70434.02,0.0005
2026-03-12 12:00:00,70421.68,70428.33,70356.05,70356.05,0.00337
2026-03-12 12:05:00,70350.25,70353.12,70311.52,70311.52,0.0015
2026-03-12 12:10:00,70338.92,70397.29,70314.67,70364.66,0.00158
2026-03-12 12:15:00,70318.37,70430.63,70318.37,70430.63,0.00038
2026-03-12 12:20:00,70402.6,70479.3,70361.02,70461.67,0.00223
2026-03-12 12:25:00,70428.06,70428.06,70422.86,70422.86,0.00797
2026-03-12 12:30:00,70420.66,70420.66,70326.0,70326.0,0.03207
2026-03-12 12:35:00,70326.0,70326.0,70326.0,70326.0,0.0
2026-03-12 12:40:00,70364.9,70364.9,70364.9,70364.9,0.00035
2026-03-12 12:45:00,70444.83,70475.3,70444.83,70475.3,0.02096
2026-03-12 12:50:00,70462.2,70474.77,70400.0,70400.0,0.8671
2026-03-12 12:55:00,70400.0,70400.0,70400.0,70400.0,0.0
2026-03-12 13:00:00,70384.76,70425.23,70374.69,70425.23,0.00055
2026-03-12 13:05:00,70495.87,70535.23,70440.34,70440.34,0.00601
2026-03-12 13:10:00,70439.17,70440.12,70415.44,70417.7,0.00538
2026-03-12 13:15:00,70277.5,70280.34,70223.39,70248.55,0.00547
2026-03-12 13:20:00,70245.83,70245.83,69974.73,70091.62,0.05671
2026-03-12 13:25:00,70140.17,70140.17,70082.06,70082.06,0.00173
2026-03-12 13:30:00,70062.8,70330.66,69962.67,70330.66,0.04998
2026-03-12 13:35:00,70376.3,70449.66,70270.54,70270.54,0.06435
2026-03-12 13:40:00,70367.38,70367.38,70197.85,70197.85,0.00164
2026-03-12 13:45:00,70024.11,70024.11,69717.06,69717.06,0.03932
2026-03-12 13:50:00,70055.81,70134.09,69939.58,69939.58,0.01784
2026-03-12 13:55:00,69759.49,69907.56,69735.83,69861.85,0.04063
2026-03-12 14:00:00,69988.79,70339.12,69988.79,70237.37,0.03297
2026-03-12 14:05:00,70238.23,70242.39,70228.78,70228.78,0.00108
2026-03-12 14:10:00,70343.85,70421.22,70336.5,70377.56,0.00496
2026-03-12 14:15:00,70434.02,70638.54,70163.07,70163.07,0.04331
2026-03-12 14:20:00,70112.32,70112.32,70000.0,70000.0,0.00345
2026-03-12 14:25:00,70187.35,70187.35,69962.67,69962.67,0.02024
2026-03-12 14:30:00,69928.59,69928.59,69748.75,69748.75,0.00984
2026-03-12 14:35:00,69796.42,69796.42,69596.35,69613.42,0.00285
2026-03-12 14:40:00,69559.98,69559.98,69404.59,69459.51,0.04818
2026-03-12 14:45:00,69570.5,69759.49,69408.43,69408.43,0.02163
2026-03-12 14:50:00,69408.43,69408.43,69408.43,69408.43,0.0
2026-03-12 14:55:00,69452.15,69452.15,69414.45,69414.45,0.00095
2026-03-12 15:00:00,69588.97,69759.48,69548.09,69759.48,0.02897
2026-03-12 15:05:00,69733.22,69759.49,69695.95,69695.97,0.00259
2026-03-12 15:10:00,69618.27,69717.28,69607.94,69717.28,0.00277
2026-03-12 15:15:00,69759.49,69870.31,69759.49,69870.31,0.04589
2026-03-12 15:20:00,69822.3,69989.4,69822.3,69989.4,0.04541
2026-03-12 15:25:00,70013.93,70391.96,70013.93,70391.96,0.00665
2026-03-12 15:30:00,70296.03,70296.03,70296.03,70296.03,0.00743
2026-03-12 15:35:00,70283.65,70498.23,70214.99,70498.23,0.17893
2026-03-12 15:40:00,70535.58,70535.58,70357.6,70406.8,0.03989
2026-03-12 15:45:00,70402.35,70437.25,70402.35,70437.25,0.01166
2026-03-12 15:50:00,70422.5,70422.5,70299.02,70343.47,0.03083
2026-03-12 15:55:00,70343.47,70343.47,70343.47,70343.47,0.0
2026-03-12 16:00:00,70322.55,70415.1,70322.55,70415.1,0.00269
2026-03-12 16:05:00,70426.4,70458.44,69962.67,69963.47,0.00738
2026-03-12 16:10:00,70030.47,70143.86,70030.47,70143.86,0.01408
2026-03-12 16:15:00,70157.1,70309.93,70157.1,70287.69,0.00079
2026-03-12 16:20:00,70285.37,70528.36,70285.37,70515.15,0.21572
2026-03-12 16:25:00,70275.0,70275.0,70112.32,70112.32,0.00613
2026-03-12 16:30:00,70093.9,70305.44,70093.9,70280.73,0.02034
2026-03-12 16:35:00,70222.7,70352.25,70222.7,70352.25,0.03723
2026-03-12 16:40:00,70461.19,70461.84,70368.53,70385.53,0.00336
2026-03-12 16:45:00,70466.94,70506.15,70464.62,70506.15,0.01692
2026-03-12 16:50:00,70512.45,70512.45,70419.22,70419.22,0.02851
2026-03-12 16:55:00,70419.22,70434.99,70394.69,70394.69,0.00765
2026-03-12 17:00:00,70366.82,70458.23,70366.82,70458.23,0.00329
2026-03-12 17:05:00,70491.05,70506.28,70445.96,70445.96,0.03049
2026-03-12 17:10:00,70454.18,70492.59,70442.6,70492.59,0.00407
2026-03-12 17:15:00,70317.84,70317.84,70317.84,70317.84,0.00018
2026-03-12 17:20:00,70437.46,70460.0,70429.41,70429.41,0.02408
2026-03-12 17:25:00,70441.35,70441.35,70324.61,70324.61,0.01531
2026-03-12 17:30:00,70392.07,70423.47,70342.27,70370.91,0.0031
2026-03-12 17:35:00,70368.41,70392.46,70360.35,70360.35,0.03102
2026-03-12 17:40:00,70360.35,70360.35,70360.35,70360.35,0.0
2026-03-12 17:45:00,70360.35,70360.35,70360.35,70360.35,0.0
2026-03-12 17:50:00,70425.89,70425.89,70425.89,70425.89,0.00021
2026-03-12 17:55:00,70112.32,70112.32,70056.3,70056.3,0.00276
2026-03-12 18:00:00,70225.0,70260.74,70201.44,70211.75,0.00344
2026-03-12 18:05:00,70138.02,70261.07,70095.26,70261.07,1.00546
2026-03-12 18:10:00,70268.03,70279.14,70212.96,70219.19,0.02667
2026-03-12 18:15:00,70258.78,70271.23,70160.96,70160.96,0.0246
2026-03-12 18:20:00,70089.63,70089.63,69931.91,70035.51,0.37752
2026-03-12 18:25:00,69998.77,70070.1,69998.77,70070.1,0.00078
2026-03-12 18:30:00,70011.06,70011.06,70010.86,70010.86,0.00084
2026-03-12 18:35:00,69977.91,70045.91,69977.91,70027.33,0.00196
2026-03-12 18:40:00,69956.95,69956.95,69938.54,69938.54,0.04145
2026-03-12 18:45:00,69927.13,69927.13,69830.27,69830.27,0.00093
2026-03-12 18:50:00,69888.0,69922.84,69888.0,69922.84,0.00981
2026-03-12 18:55:00,69902.37,69902.37,69830.27,69830.27,0.04118
2026-03-12 19:00:00,69800.67,69931.37,69791.42,69892.1,0.05835
2026-03-12 19:05:00,69902.33,69926.62,69835.25,69926.62,0.01765
2026-03-12 19:10:00,69918.5,69918.5,69779.75,69914.85,0.00485
2026-03-12 19:15:00,69999.34,70087.13,69975.26,70087.13,0.08899
2026-03-12 19:20:00,70145.1,70170.41,70145.1,70170.41,0.00043
2026-03-12 19:25:00,70150.23,70150.23,70150.23,70150.23,7e-05
2026-03-12 19:30:00,70247.65,70326.59,70247.65,70322.58,0.07656
2026-03-12 19:35:00,70313.23,70319.47,70264.15,70319.23,0.12238
2026-03-12 19:40:00,70300.72,70306.11,70260.57,70306.11,0.04282
2026-03-12 19:45:00,70283.78,70429.47,70283.78,70429.47,0.01581
2026-03-12 19:50:00,70444.67,70466.94,70424.69,70424.69,0.02235
2026-03-12 19:55:00,70493.42,70562.38,70485.82,70485.82,0.5475
2026-03-12 20:00:00,70490.55,70508.91,70466.03,70484.2,0.02546
2026-03-12 20:05:00,70514.35,70555.12,70499.32,70499.32,0.00784
2026-03-12 20:10:00,70421.37,70427.72,70379.99,70379.99,0.00188
2026-03-12 20:15:00,70410.17,70419.62,70290.29,70290.29,0.00154
2026-03-12 20:20:00,70291.31,70291.31,70291.31,70291.31,0.00022
2026-03-12 20:25:00,70402.91,70402.91,70347.38,70347.38,0.0148
2026-03-12 20:30:00,70347.38,70347.38,70347.38,70347.38,0.0
2026-03-12 20:35:00,70347.38,70347.38,70347.38,70347.38,0.0
2026-03-12 20:40:00,70214.08,70214.08,70172.26,70172.26,0.00093
2026-03-12 20:45:00,70251.17,70251.17,70251.17,70251.17,6e-05
2026-03-12 20:50:00,70232.26,70232.26,70232.26,70232.26,0.00142
2026-03-12 20:55:00,70199.17,70199.17,70169.71,70169.71,0.0031
2026-03-12 21:00:00,70211.34,70322.03,70211.34,70322.03,0.13971
2026-03-12 21:05:00,70322.03,70341.36,70288.38,70341.36,0.0087
2026-03-12 21:10:00,70331.86,70434.57,70331.86,70405.86,0.01306
2026-03-12 21:15:00,70404.33,70404.33,70374.09,70374.09,0.00059
2026-03-12 21:20:00,70314.56,70314.56,70284.89,70300.56,0.00233
2026-03-12 21:25:00,70307.32,70307.32,70282.98,70282.98,0.00031
2026-03-12 21:30:00,70264.43,70264.43,70212.2,70212.2,0.00196
2026-03-12 21:35:00,70256.0,70256.0,70256.0,70256.0,0.00025
2026-03-12 21:40:00,70192.62,70192.62,70192.62,70192.62,0.00252
2026-03-12 21:45:00,70299.99,70341.75,70295.65,70341.75,0.14353
2026-03-12 21:50:00,70345.67,70345.67,70292.05,70316.78,0.02082
2026-03-12 21:55:00,70326.95,70333.97,70301.03,70301.03,0.00906
2026-03-12 22:00:00,70305.64,70305.64,70245.54,70245.54,0.01587
2026-03-12 22:05:00,70256.0,70267.11,70248.03,70259.56,0.00036
2026-03-12 22:10:00,70214.48,70242.26,70214.48,70223.23,0.00963
2026-03-12 22:15:00,70138.38,70163.33,70138.38,70163.33,0.08173
2026-03-12 22:20:00,70144.2,70144.2,70138.0,70138.0,0.00086
2026-03-12 22:25:00,70138.0,70138.0,70138.0,70138.0,0.0
2026-03-12 22:30:00,70112.33,70112.33,70112.32,70112.32,0.00287
2026-03-12 22:35:00,70113.5,70113.5,70113.5,70113.5,0.00142
2026-03-12 22:40:00,70068.8,70070.29,70047.91,70070.29,0.01619
2026-03-12 22:45:00,70040.72,70040.72,70040.72,70040.72,0.00012
2026-03-12 22:50:00,70059.03,70059.03,70059.03,70059.03,0.00019
2026-03-12 22:55:00,70129.95,70206.73,70107.96,70206.73,0.00238
2026-03-12 23:00:00,70265.3,70338.08,70205.91,70338.08,0.00875
2026-03-12 23:05:00,70395.8,70456.78,70351.84,70403.34,0.00232
2026-03-12 23:10:00,70382.5,70466.94,70382.5,70466.94,0.00844
2026-03-12 23:15:00,70486.72,70583.87,70486.72,70583.87,0.0192
2026-03-12 23:20:00,70644.75,70699.06,70549.14,70565.18,0.12653
2026-03-12 23:25:00,70548.93,70548.93,70548.93,70548.93,0.00028
2026-03-12 23:30:00,70545.34,70568.59,70512.83,70568.59,0.01959
2026-03-12 23:35:00,70507.87,70536.1,70507.87,70535.26,0.00853
2026-03-12 23:40:00,70519.52,70619.89,70519.52,70619.89,0.01446
2026-03-12 23:45:00,70638.36,70638.36,70509.85,70547.5,0.21103
2026-03-12 23:50:00,70591.94,70591.94,70561.51,70561.51,0.00013
2026-03-12 23:55:00,70513.38,70517.58,70489.42,70489.42,0.20614
2026-03-13 00:00:00,70457.74,70466.03,70434.09,70466.03,0.00071
2026-03-13 00:05:00,70509.27,70630.36,70509.27,70606.65,0.00933
2026-03-13 00:10:00,70701.58,71104.21,70701.58,71054.62,0.24018
2026-03-13 00:15:00,71119.89,71650.0,71118.74,71234.86,0.98865
2026-03-13 00:20:00,71320.02,71762.88,71320.02,71576.5,0.16116
2026-03-13 00:25:00,71592.58,71592.58,71385.86,71385.86,0.00119
2026-03-13 00:30:00,71494.12,71988.42,71494.12,71949.07,0.66066
2026-03-13 00:35:00,71850.96,71935.25,71721.55,71728.4,0.05161
2026-03-13 00:40:00,71747.75,71747.75,71481.37,71512.54,0.01633
2026-03-13 00:45:00,71473.64,71506.75,71335.24,71335.24,0.13985
2026-03-13 00:50:00,71333.72,71395.26,71235.2,71235.2,0.00588
2026-03-13 00:55:00,71240.84,71500.0,71240.68,71446.0,1.10691
2026-03-13 01:00:00,71457.1,71651.0,71455.37,71533.04,0.01236
2026-03-13 01:05:00,71526.23,71680.0,71526.23,71629.77,0.02257
2026-03-13 01:10:00,71648.08,71673.67,71592.82,71597.98,0.0227
2026-03-13 01:15:00,71632.89,71700.03,71617.03,71700.03,0.00292
2026-03-13 01:20:00,71508.87,71508.87,71508.87,71508.87,0.00209
